_id,Agency,City,Collision Date,Collision Time,Vehicles Involved,Trailers Involved,Number Injured,Number Dead,Number Deer,House Number,Roadway Interchange,Roadway Ramp,Roadway Id,Intersecting Road,Interchange,Feet From,Direction,Latitude,Longitude,Roadway Class,Hit and Run?,Locality,School Zone?,Rumble Strips?,Construction?,Construction Type,Light Condition,Weather Conditions,Surface Condition,Type of Median,Roadway Junction Type,Road Character,Roadway Surface,Primary Factor,Manner of Collision,Unique Location Id,Traffic Control
258,BLOOMINGTON PD,BLOOMINGTON,2022-02-26T00:00:00,3:18 AM,2,,0,0,0,"","","",STATE RD 46,E 3RD ST,"",0,"",39.16443582,-86.4983468,STATE ROAD,"",URBAN,N,N,N,"",DAYLIGHT,CLEAR,DRY,"",FOUR-WAY INTERSECTION,"",ASPHALT,FOLLOWING TOO CLOSELY,REAR END,STATERD46E3RDST,""
259,MONROE SD,BLOOMINGTON,2022-03-04T00:00:00,6:47 PM,2,,0,0,0,"","","",W STATE RD 45,S DUNLAP RD,"",0,"",39.11992616,-86.61800537,STATE ROAD,"",RURAL,N,N,N,"",DARK (NOT LIGHTED),CLEAR,DRY,"",NO JUNCTION INVOLVED,"",ASPHALT,FOLLOWING TOO CLOSELY,REAR END,WSTATERD45SDUNLAPRD,""
260,INDIANA UNIV BLOOMINGTON PD,BLOOMINGTON,2022-01-31T00:00:00,3:45 AM,2,,0,0,0,"","","",E 3RD ST,S HAWTHORNE DR,"",0,"",39.16426255,-86.52006931,LOCAL/CITY ROAD,"",URBAN,N,N,N,"",DAYLIGHT,CLEAR,DRY,"",NO JUNCTION INVOLVED,"",ASPHALT,FAILURE TO YIELD RIGHT OF WAY,LEFT TURN,SHAWTHORNEDRE3RDST,""
261,INDIANA UNIV BLOOMINGTON PD,BLOOMINGTON,2022-02-24T00:00:00,2:00 PM,2,,0,0,0,"","","",SOUTH HENDERSON STREET,ATWATER AVENUE,"",200,"",39.16371685,-86.52704838,LOCAL/CITY ROAD,"",URBAN,N,N,N,"",DAYLIGHT,CLOUDY,DRY,"",NO JUNCTION INVOLVED,"",ASPHALT,FAILURE TO YIELD RIGHT OF WAY,SAME DIRECTION SIDESWIPE,SOUTHHENDERSONSTREETATWATERAVENUE,""
262,INDIANA UNIV BLOOMINGTON PD,BLOOMINGTON,2022-03-10T00:00:00,4:25 PM,2,,0,0,0,"","","",E 3RD ST,S FACULTY AVE,"",158,"",39.16428126,-86.5214426,LOCAL/CITY ROAD,"",URBAN,N,N,N,"",DAYLIGHT,CLEAR,DRY,"",NO JUNCTION INVOLVED,"",ASPHALT,UNSAFE LANE MOVEMENT,SAME DIRECTION SIDESWIPE,SFACULTYAVEE3RDST,""
263,BLOOMINGTON PD,BLOOMINGTON,2022-03-10T00:00:00,8:57 PM,1,,0,0,0,"","","",N ADAMS ST,W FOUNTAIN DR,"",0,"",39.16962406,-86.54964277,LOCAL/CITY ROAD,"",URBAN,N,N,N,"",DARK (LIGHTED),CLEAR,DRY,"",T-INTERSECTION,"",ASPHALT,FAILURE TO MAINTAIN LANE,RIGHT TURN,WFOUNTAINDRNADAMSST,""
264,MONROE SD,BLOOMINGTON,2022-04-03T00:00:00,6:47 PM,2,,1,0,0,"","","",S ROGERS ST,S OLD STATE ROAD 37,"",0,"",39.09941509,-86.53801865,LOCAL/CITY ROAD,"",RURAL,N,N,N,"",DAYLIGHT,CLEAR,DRY,"",T-INTERSECTION,"",ASPHALT,OTHER (DRIVER) - EXPLAIN IN NARRATIVE,REAR END,SROGERSSTSOLDSTATEROAD37,""
265,BLOOMINGTON PD,BLOOMINGTON,2022-02-02T00:00:00,11:51 AM,2,,0,0,0,"","","",N WALNUT ST,W 7TH ST,"",0,"",39.168539,-86.533599,LOCAL/CITY ROAD,"",URBAN,N,N,N,"",DAYLIGHT,RAIN,WET,"",NO JUNCTION INVOLVED,"",ASPHALT,FAILURE TO MAINTAIN LANE,SAME DIRECTION SIDESWIPE,W7THSTNWALNUTST,""
266,INDIANA UNIV BLOOMINGTON PD,BLOOMINGTON,2022-03-08T00:00:00,1:15 PM,2,,1,0,0,"","","",STATE RD 45,E 17TH ST,"",0,"",39.17959825,-86.50704557,STATE ROAD,"",URBAN,N,N,N,"",DAYLIGHT,CLOUDY,DRY,"",T-INTERSECTION,"",ASPHALT,FOLLOWING TOO CLOSELY,REAR END,STATERD45E17THST,""
267,BLOOMINGTON PD,BLOOMINGTON,2022-03-20T00:00:00,2:25 PM,2,,0,0,0,"","","",S ROGERS ST,W CHEROKEE DR,"",0,"",39.14786491,-86.53883404,LOCAL/CITY ROAD,"",URBAN,N,N,N,"",DAYLIGHT,CLEAR,DRY,"",T-INTERSECTION,"",CONCRETE,FOLLOWING TOO CLOSELY,REAR END,WCHEROKEEDRSROGERSST,""
268,BLOOMINGTON PD,BLOOMINGTON,2022-02-24T00:00:00,11:06 AM,3,,2,0,0,"","","",S WALNUT ST,E DRISCOLL ST,"",0,"",39.152468,-86.533678,LOCAL/CITY ROAD,"",URBAN,N,N,N,"",DAYLIGHT,CLOUDY,DRY,"",NO JUNCTION INVOLVED,"",ASPHALT,FOLLOWING TOO CLOSELY,REAR END,SWALNUTSTEDRISCOLLST,""
269,BLOOMINGTON PD,BLOOMINGTON,2022-03-20T00:00:00,10:05 AM,2,,0,0,0,"","","",E PARK LN,S. MEADOWBROOK DR.,"",739,"",39.16530166,-86.48647193,LOCAL/CITY ROAD,"",URBAN,N,Y,N,"",DAYLIGHT,CLEAR,DRY,"",NO JUNCTION INVOLVED,"",ASPHALT,UNSAFE BACKING,BACKING CRASH,S.MEADOWBROOKDR.EPARKLN,""
270,BLOOMINGTON PD,BLOOMINGTON,2022-05-29T00:00:00,1:00 PM,2,,0,0,0,"","","",W 6TH ST,N COLLEGE AVE,"",0,"",39.16761828,-86.53507895,LOCAL/CITY ROAD,"",URBAN,N,N,N,"",DAYLIGHT,CLEAR,DRY,"",NO JUNCTION INVOLVED,"",ASPHALT,IMPROPER TURNING,SAME DIRECTION SIDESWIPE,W6THSTNCOLLEGEAVE,""
271,INDIANA UNIV BLOOMINGTON PD,BLOOMINGTON,2022-02-11T00:00:00,4:35 PM,3,,0,0,0,"","","",STATE RD 45,N DUNN ST,"",0,"",39.18634938,-86.52604164,STATE ROAD,"",URBAN,N,N,N,"",DAYLIGHT,CLOUDY,WET,"",NO JUNCTION INVOLVED,"",ASPHALT,FOLLOWING TOO CLOSELY,REAR END,STATERD45NDUNNST,""
272,BLOOMINGTON PD,BLOOMINGTON,2022-02-26T00:00:00,11:15 AM,2,,0,0,0,"","","",S. COLLEGE AVE,W. 3RD ST,"",0,"",39.1646036,-86.53469986,LOCAL/CITY ROAD,"",URBAN,N,N,N,"",DAYLIGHT,CLEAR,DRY,"",FOUR-WAY INTERSECTION,"",ASPHALT,DISREGARD SIGNAL/REG SIGN,RIGHT ANGLE,W.3RDSTS.COLLEGEAVE,""
273,BLOOMINGTON PD,BLOOMINGTON,2022-02-28T00:00:00,5:14 PM,2,,0,0,0,"","","",W 1ST ST,S ROGERS ST,"",0,"",39.15942102,-86.53866953,LOCAL/CITY ROAD,"",URBAN,N,N,N,"",DAYLIGHT,CLEAR,DRY,"",FOUR-WAY INTERSECTION,"",ASPHALT,FAILURE TO YIELD RIGHT OF WAY,RIGHT ANGLE,W1STSTSROGERSST,""
274,BLOOMINGTON PD,BLOOMINGTON,2022-04-05T00:00:00,3:20 PM,2,,0,0,0,"","","",S COLLEGE AVE,W SMITH AVE,"",370,"",39.16351526,-86.53489656,LOCAL/CITY ROAD,"",URBAN,N,N,N,"",DAYLIGHT,CLOUDY,WET,"",T-INTERSECTION,"",ASPHALT,FAILURE TO YIELD RIGHT OF WAY,RIGHT ANGLE,WSMITHAVESCOLLEGEAVE,""
275,INDIANA UNIV BLOOMINGTON PD,BLOOMINGTON,2022-05-06T00:00:00,10:55 AM,2,,0,0,0,"","","",E 17TH ST,N FEE LN,"",0,"",39.17901224,-86.51897124,LOCAL/CITY ROAD,"",URBAN,N,N,N,"",DARK (LIGHTED),CLEAR,WET,"",FOUR-WAY INTERSECTION,"",ASPHALT,FOLLOWING TOO CLOSELY,REAR END,NFEELNE17THST,""
276,INDIANA UNIV BLOOMINGTON PD,BLOOMINGTON,2022-04-10T00:00:00,3:57 PM,2,,1,0,0,"","","",E 17TH ST,STATE RD 45,"",0,"",39.17974153,-86.50731272,STATE ROAD,"",URBAN,N,N,N,"",DAYLIGHT,CLEAR,DRY,"",T-INTERSECTION,"",ASPHALT,IMPROPER TURNING,LEFT TURN,STATERD45E17THST,""
277,MONROE SD,BLOOMINGTON,2022-03-02T00:00:00,4:16 PM,2,,0,0,0,"","","",OLD STATE RD 37 S,DILLMAN RD,"",0,"",39.092972,-86.544156,STATE ROAD,"",RURAL,N,N,N,"",DAYLIGHT,CLEAR,DRY,"",FOUR-WAY INTERSECTION,"",ASPHALT,FAILURE TO YIELD RIGHT OF WAY,RIGHT ANGLE,OLDSTATERD37SDILLMANRD,""
278,BLOOMINGTON PD,BLOOMINGTON,2022-03-27T00:00:00,12:50 AM,1,,0,0,0,"","","","",E 19TH ST AND N LINCOLN ST,"",0,"",39.181097,-86.530929,LOCAL/CITY ROAD,"",URBAN,N,N,N,"",DARK (NOT LIGHTED),CLEAR,DRY,"",FOUR-WAY INTERSECTION,"",ASPHALT,OTHER (VEHICLE) - EXPLAIN IN NARRATIVE,BACKING CRASH,E19THSTANDNLINCOLNST,""
279,BLOOMINGTON PD,BLOOMINGTON,2022-03-15T00:00:00,1:08 PM,2,,1,0,0,"","","",N WALNUT ST,W 7TH ST,"",0,"",39.16856307,-86.53359837,LOCAL/CITY ROAD,"",URBAN,N,N,N,"",DAYLIGHT,CLEAR,DRY,"",NO JUNCTION INVOLVED,"",ASPHALT,OVERCORRECTING/OVERSTEERING,OTHER - EXPLAIN IN NARRATIVE,W7THSTNWALNUTST,""
280,INDIANA UNIV BLOOMINGTON PD,BLOOMINGTON,2022-03-03T00:00:00,11:05 AM,2,,0,0,0,"","","",E JONES AVE,S JORDAN AVE,"",200,"",39.1654934,-86.51524406,LOCAL/CITY ROAD,"",URBAN,N,N,N,"",DARK (LIGHTED),CLEAR,DRY,"",T-INTERSECTION,"",ASPHALT,FAILURE TO YIELD RIGHT OF WAY,RIGHT ANGLE,SJORDANAVEEJONESAVE,""
281,INDIANA UNIV BLOOMINGTON PD,BLOOMINGTON,2022-04-22T00:00:00,6:15 PM,2,,0,0,0,"","","",N JORDAN AVE,"","",0,"",39.18031199,-86.5116624,PRIVATE DRIVE,"",URBAN,N,N,N,"",DAYLIGHT,CLEAR,DRY,"",NO JUNCTION INVOLVED,"",ASPHALT,DRIVER DISTRACTED - EXPLAIN IN NARRATIVE,BACKING CRASH,NJORDANAVE,""
282,INDIANA UNIV BLOOMINGTON PD,BLOOMINGTON,2022-04-27T00:00:00,3:30 PM,2,,0,0,0,"","","",E 17TH ST,"","",0,"",39.17889323,-86.51575632,LOCAL/CITY ROAD,"",URBAN,N,N,N,"",DAYLIGHT,CLEAR,DRY,"",T-INTERSECTION,"",ASPHALT,FOLLOWING TOO CLOSELY,REAR END,E17THST,""
283,INDIANA UNIV BLOOMINGTON PD,BLOOMINGTON,2022-04-01T00:00:00,3:12 PM,2,,0,0,0,"","","",WOODLAWN AVE,11TH ST.,"",0,"",39.17341861,-86.52351938,LOCAL/CITY ROAD,"",URBAN,N,N,N,"",DAYLIGHT,CLEAR,DRY,"",FOUR-WAY INTERSECTION,"",ASPHALT,FAILURE TO YIELD RIGHT OF WAY,RIGHT ANGLE,WOODLAWNAVE11THST.,""
284,MONROE SD,BLOOMINGTON,2022-04-21T00:00:00,8:28 AM,2,,0,0,0,"","","",S OLD STATE ROAD 37,"","",0,"",39.11237464,-86.5311189,"","",RURAL,N,N,N,"",DAYLIGHT,RAIN,WET,"",NO JUNCTION INVOLVED,"",ASPHALT,SPEED TOO FAST FOR WEATHER CONDITIONS,REAR END,SOLDSTATEROAD37,""
285,BLOOMINGTON PD,BLOOMINGTON,2022-05-27T00:00:00,2:14 AM,2,,0,0,0,"","","",S COLLEGE MALL RD,E 3RD ST,"",0,"",39.1641839,-86.4982356,LOCAL/CITY ROAD,"",URBAN,N,N,Y,LANE CLOSURE,DAYLIGHT,RAIN,WET,"",FOUR-WAY INTERSECTION,"",ASPHALT,FAILURE TO YIELD RIGHT OF WAY,LEFT/RIGHT TURN,SCOLLEGEMALLRDE3RDST,""
286,BLOOMINGTON PD,BLOOMINGTON,2022-01-21T00:00:00,3:00 AM,1,,1,0,0,"","","",W 3RD ST,MULLER PARKWAY,"",0,"",39.16442059,-86.56270928,LOCAL/CITY ROAD,"",URBAN,N,N,N,"",DARK (LIGHTED),CLOUDY,DRY,"",T-INTERSECTION,"",ASPHALT,OTHER (DRIVER) - EXPLAIN IN NARRATIVE,LEFT TURN,W3RDSTMULLERPARKWAY,""
287,MONROE SD,BLOOMINGTON,2022-04-03T00:00:00,1:48 PM,1,,0,0,0,"","","",W STATE RD 45,W STATE RD 45,"",0,"",39.11111235,-86.63822598,"","",RURAL,N,N,N,"",DAYLIGHT,CLEAR,DRY,"",NO JUNCTION INVOLVED,"",ASPHALT,DRIVER ILLNESS,RAN OFF ROAD,WSTATERD45WSTATERD45,""
288,BLOOMINGTON PD,BLOOMINGTON,2022-01-30T00:00:00,12:20 AM,3,,0,0,0,"","","",E 7TH ST,N WASHINGTON ST,"",0,"",39.16855475,-86.53236885,LOCAL/CITY ROAD,"",URBAN,N,N,N,"",DARK (LIGHTED),CLEAR,DRY,"",FOUR-WAY INTERSECTION,"",ASPHALT,DISREGARD SIGNAL/REG SIGN,RIGHT TURN,NWASHINGTONSTE7THST,""
289,BLOOMINGTON PD,BLOOMINGTON,2022-05-11T00:00:00,12:10 PM,2,,0,0,0,"","","",1175 S COLLEGE MALL ROAD,"","",0,"",39.15513658,-86.49681992,"","",URBAN,N,N,N,"",DAYLIGHT,CLEAR,DRY,"",NO JUNCTION INVOLVED,"",ASPHALT,FAILURE TO YIELD RIGHT OF WAY,RIGHT ANGLE,1175SCOLLEGEMALLROAD,""
290,BLOOMINGTON PD,BLOOMINGTON,2022-01-19T00:00:00,9:10 AM,2,,0,0,0,"","","",E KIRKWOOD AVE,S GRANT ST,"",0,"",39.16654177,-86.52973599,LOCAL/CITY ROAD,"",URBAN,N,N,N,"",DAYLIGHT,CLOUDY,DRY,"",FOUR-WAY INTERSECTION,"",ASPHALT,FAILURE TO YIELD RIGHT OF WAY,OPPOSITE DIRECTION SIDESWIPE,SGRANTSTEKIRKWOODAVE,""
291,MONROE SD,BLOOMINGTON,2022-03-01T00:00:00,9:50 PM,1,,1,0,0,"","","",W RATLIFF RD,WHITE RD,"",0,"",39.21709227,-86.68354468,LOCAL/CITY ROAD,"",RURAL,N,N,N,"",DARK (NOT LIGHTED),CLEAR,DRY,"",Y-INTERSECTION,"",ASPHALT,UNSAFE SPEED,RAN OFF ROAD,WHITERDWRATLIFFRD,""
292,INDIANA UNIV BLOOMINGTON PD,BLOOMINGTON,2022-03-11T00:00:00,2:10 PM,2,,0,0,0,"","","",S PARK AVE,E ATWATER AVE,"",0,"",39.16310627,-86.52400679,LOCAL/CITY ROAD,"",URBAN,N,N,N,"",DAYLIGHT,CLOUDY,DRY,"",T-INTERSECTION,"",ASPHALT,FOLLOWING TOO CLOSELY,REAR END,SPARKAVEEATWATERAVE,""
293,MONROE SD,BLOOMINGTON,2022-05-13T00:00:00,5:15 AM,1,,0,0,1,"","","",STATE RD 446,CHANDLER RD,"",0,"",39.05693897,-86.40940136,STATE ROAD,"",RURAL,N,N,N,"",DARK (NOT LIGHTED),CLEAR,DRY,"",T-INTERSECTION,"",ASPHALT,ANIMAL/OBJECT IN ROADWAY,COLLISION WITH DEER,STATERD446CHANDLERRD,""
294,BLOOMINGTON PD,BLOOMINGTON,2022-02-09T00:00:00,1:36 PM,2,,1,0,0,"","","",W ST RD 45,S LIBERTY DR,"",0,"",39.1450008,-86.5777444,LOCAL/CITY ROAD,"",URBAN,N,N,N,"",DAYLIGHT,CLEAR,DRY,"",FOUR-WAY INTERSECTION,"",ASPHALT,FAILURE TO YIELD RIGHT OF WAY,RIGHT ANGLE,WSTRD45SLIBERTYDR,""
295,MONROE SD,BLOOMINGTON,2022-05-14T00:00:00,2:38 AM,1,,0,0,0,"","","",I-69,"","",0,"",39.27810526,-86.52334008,"","",RURAL,N,N,N,"",DAYLIGHT,RAIN,WET,"",NO JUNCTION INVOLVED,"",ASPHALT,SPEED TOO FAST FOR WEATHER CONDITIONS,COLLISION WITH OBJECT IN ROAD,I-69,""
296,BLOOMINGTON PD,BLOOMINGTON,2022-04-22T00:00:00,6:10 AM,2,,0,0,0,"","","",N ADAMS ST,W 6TH ST,"",0,"",39.16808812,-86.54962767,"","",URBAN,N,N,N,"",DAYLIGHT,CLEAR,DRY,"",NO JUNCTION INVOLVED,"",ASPHALT,FAILURE TO YIELD RIGHT OF WAY,BACKING CRASH,W6THSTNADAMSST,""
297,INDIANA UNIV BLOOMINGTON PD,BLOOMINGTON,2022-05-05T00:00:00,2:45 PM,2,,0,0,0,"","","",STATE RD 45,"","",528,"",39.17428144,-86.50377757,STATE ROAD,"",URBAN,N,N,N,"",DAYLIGHT,RAIN,WET,"",NO JUNCTION INVOLVED,"",ASPHALT,FOLLOWING TOO CLOSELY,REAR END,STATERD45,""
298,BLOOMINGTON PD,BLOOMINGTON,2022-04-25T00:00:00,4:30 PM,2,,0,0,0,1425,"","",N DUNN ST,"","",0,"",39.1795706,-86.53009983,PRIVATE DRIVE,"",URBAN,N,N,N,"",DAYLIGHT,CLEAR,DRY,"",NO JUNCTION INVOLVED,"",ASPHALT,FAILURE TO YIELD RIGHT OF WAY,OTHER - EXPLAIN IN NARRATIVE,NDUNNST,""
299,BLOOMINGTON PD,BLOOMINGTON,2022-03-10T00:00:00,11:02 AM,2,,0,0,0,"","","",N. WALNUT ST,SR 45/46 BYPASS,"",300,"",39.186268,-86.534589,STATE ROAD,"",URBAN,N,N,N,"",DAYLIGHT,CLEAR,DRY,"",FOUR-WAY INTERSECTION,"",ASPHALT,FAILURE TO YIELD RIGHT OF WAY,RIGHT ANGLE,SR45/46BYPASSN.WALNUTST,""
300,MONROE SD,"",2022-03-02T00:00:00,7:16 PM,2,,0,0,0,"","","",E STIPP RD,HANDY RIDGE RD,"",0,"",39.09975074,-86.49405659,COUNTY ROAD,"",RURAL,N,N,N,"",DARK (NOT LIGHTED),CLEAR,DRY,"",NO JUNCTION INVOLVED,"",ASPHALT,FAILURE TO MAINTAIN LANE,OPPOSITE DIRECTION SIDESWIPE,HANDYRIDGERDESTIPPRD,""
301,MONROE SD,ELLETTSVILLE,2022-04-11T00:00:00,11:53 AM,2,,0,0,0,"","","",W SR 46,W HEDRICK RD,"",0,"",39.27755,-86.677262,STATE ROAD,"",RURAL,N,Y,N,"",DAYLIGHT,CLEAR,DRY,"",NO JUNCTION INVOLVED,"",ASPHALT,LEFT OF CENTER,OPPOSITE DIRECTION SIDESWIPE,WSR46WHEDRICKRD,""
302,MONROE SD,BLOOMINGTON,2022-02-23T00:00:00,7:27 AM,1,,0,0,0,"","","",SHILO RD,"","",0,"",39.2728429,-86.45986981,COUNTY ROAD,"",RURAL,N,N,N,"",DARK (NOT LIGHTED),SNOW,LOOSE MATERIAL ON ROAD,"",NO JUNCTION INVOLVED,"",ASPHALT,UNSAFE SPEED,RAN OFF ROAD,SHILORD,""
303,INDIANA UNIV BLOOMINGTON PD,BLOOMINGTON,2022-01-31T00:00:00,3:10 PM,2,,1,0,0,"","","",E 3RD ST,S FESS AVE,"",0,"",39.1642823,-86.52587227,LOCAL/CITY ROAD,"",URBAN,N,N,N,"",DAYLIGHT,CLEAR,DRY,"",T-INTERSECTION,"",ASPHALT,FOLLOWING TOO CLOSELY,REAR END,SFESSAVEE3RDST,""
304,INDIANA UNIV BLOOMINGTON PD,BLOOMINGTON,2022-05-04T00:00:00,5:40 PM,2,,0,0,0,"","","",E LINGELBACH LN,"","",0,"",39.17833164,-86.5080006,PRIVATE DRIVE,"",URBAN,N,N,N,"",DAYLIGHT,CLEAR,DRY,"",NO JUNCTION INVOLVED,"",ASPHALT,UNSAFE BACKING,BACKING CRASH,ELINGELBACHLN,""
305,BLOOMINGTON PD,BLOOMINGTON,2022-02-05T00:00:00,12:21 PM,2,,0,0,0,"","","",310 W. 12TH ST,N ASHLYNN PARK DR,"",300,"",39.1736378,-86.53683965,LOCAL/CITY ROAD,"",URBAN,N,N,N,"",DAYLIGHT,CLEAR,ICE,"",NO JUNCTION INVOLVED,"",ASPHALT,ROADWAY SURFACE CONDITION,RIGHT ANGLE,NASHLYNNPARKDR310W.12THST,""
306,INDIANA UNIV BLOOMINGTON PD,BLOOMINGTON,2022-03-11T00:00:00,11:03 PM,2,,0,0,0,"","","",N UNION ST,E 10TH ST,"",0,"",39.17162144,-86.50947497,LOCAL/CITY ROAD,"",URBAN,N,N,N,"",DARK (LIGHTED),CLEAR,DRY,"",FOUR-WAY INTERSECTION,"",ASPHALT,UNSAFE BACKING,BACKING CRASH,NUNIONSTE10THST,""
307,BLOOMINGTON PD,BLOOMINGTON,2022-03-16T00:00:00,6:00 PM,2,,0,0,0,"","","",W 2ND ST,S COLLEGE AVE,"",0,"",39.16139816,-86.53502888,LOCAL/CITY ROAD,"",URBAN,N,N,N,"",DAYLIGHT,CLEAR,DRY,"",FOUR-WAY INTERSECTION,"",ASPHALT,FOLLOWING TOO CLOSELY,REAR END,W2NDSTSCOLLEGEAVE,""
308,MONROE SD,UNIONVILLE(MONROE),2022-03-17T00:00:00,8:00 PM,1,,1,0,0,"","","",N MILLER RD,E ROBINSON RD,"",0,"",39.25111384,-86.47002824,LOCAL/CITY ROAD,"",RURAL,N,N,N,"",DARK (NOT LIGHTED),CLEAR,DRY,"",NO JUNCTION INVOLVED,"",ASPHALT,OTHER (DRIVER) - EXPLAIN IN NARRATIVE,OTHER - EXPLAIN IN NARRATIVE,NMILLERRDEROBINSONRD,""
309,BLOOMINGTON PD,BLOOMINGTON,2022-02-04T00:00:00,6:00 PM,2,,0,0,0,"","","",S WESTWOOD DR,W SUNSET AVE,"",739,"",39.16008655,-86.5906883,LOCAL/CITY ROAD,"",URBAN,N,N,N,"",DAYLIGHT,CLEAR,SNOW/SLUSH,"",NO JUNCTION INVOLVED,"",ASPHALT,UNSAFE BACKING,BACKING CRASH,WSUNSETAVESWESTWOODDR,""
310,MONROE SD,BLOOMINGTON,2022-04-09T00:00:00,9:17 PM,1,,0,0,0,"","","",W WOODYARD RD,N SMITH PIKE,"",0,"",39.19065199,-86.58313284,LOCAL/CITY ROAD,"",URBAN,N,N,Y,WORK ON SHOULDER,DARK (NOT LIGHTED),CLEAR,DRY,"",T-INTERSECTION,"",ASPHALT,UNSAFE SPEED,RAN OFF ROAD,WWOODYARDRDNSMITHPIKE,""
311,BLOOMINGTON PD,BLOOMINGTON,2022-02-28T00:00:00,9:00 AM,2,,0,0,0,"","","",I69 S RAMP,W 3RD ST,"",0,"",39.164524,-86.573263,LOCAL/CITY ROAD,"",URBAN,N,N,N,"",DAYLIGHT,CLEAR,DRY,"",RAMP,"",CONCRETE,FOLLOWING TOO CLOSELY,REAR END,W3RDSTI69SRAMP,""
312,ISP BLOOMINGTON 33,BLOOMINGTON,2022-04-12T00:00:00,11:59 AM,2,,0,0,0,"","","",I-69,"","",0,"",39.18235996,-86.55688245,INTERSTATE,"",RURAL,N,N,N,"",DAYLIGHT,CLEAR,DRY,"",NO JUNCTION INVOLVED,"",ASPHALT,FAILURE TO YIELD RIGHT OF WAY,SAME DIRECTION SIDESWIPE,I-69119.5,""
313,INDIANA UNIV BLOOMINGTON PD,BLOOMINGTON,2022-03-21T00:00:00,4:45 PM,2,,0,0,0,509,"","",E 4TH ST,"","",0,"",39.16568338,-86.52764616,PRIVATE DRIVE,"",URBAN,N,N,N,"",DAYLIGHT,CLEAR,DRY,"",NO JUNCTION INVOLVED,"",ASPHALT,IMPROPER TURNING,RIGHT TURN,E4THST,""
314,BLOOMINGTON PD,BLOOMINGTON,2022-02-17T00:00:00,4:04 PM,2,,0,0,0,3220,"","",E 3RD ST,"","",0,"",39.16344464,-86.49206507,LOCAL/CITY ROAD,"",URBAN,N,N,N,"",DAYLIGHT,RAIN,WET,"",NO JUNCTION INVOLVED,"",ASPHALT,FAILURE TO YIELD RIGHT OF WAY,RIGHT ANGLE,E3RDST,""
315,MONROE SD,BLOOMINGTON,2022-04-26T00:00:00,2:11 PM,3,,7,0,0,"","","",STATE RD 46,E WOODVIEW DR,"",0,"",39.15153578,-86.38610387,STATE ROAD,"",RURAL,N,N,N,"",DAYLIGHT,CLEAR,DRY,"",NO JUNCTION INVOLVED,"",ASPHALT,LEFT OF CENTER,OPPOSITE DIRECTION SIDESWIPE,STATERD46EWOODVIEWDR,""
316,BLOOMINGTON PD,BLOOMINGTON,2022-05-20T00:00:00,11:00 AM,2,,0,0,0,"","","",E. DODDS ST,S. LINCOLN ST,"",0,"",39.157369,-86.531301,LOCAL/CITY ROAD,"",URBAN,N,N,N,"",DAYLIGHT,CLEAR,DRY,"",FOUR-WAY INTERSECTION,"",ASPHALT,IMPROPER PASSING,SAME DIRECTION SIDESWIPE,S.LINCOLNSTE.DODDSST,""
317,MONROE SD,BLOOMINGTON,2022-04-26T00:00:00,4:33 PM,2,,0,0,0,"","","",W STATE RD 46,W STATE RD 46,"",0,"",39.20993435,-86.58268398,LOCAL/CITY ROAD,"",URBAN,N,N,N,"",DAYLIGHT,CLEAR,DRY,"",FOUR-WAY INTERSECTION,"",ASPHALT,FAILURE TO YIELD RIGHT OF WAY,LEFT/RIGHT TURN,WSTATERD46WSTATERD46,""
318,BLOOMINGTON PD,BLOOMINGTON,2022-04-11T00:00:00,9:50 PM,2,,0,0,0,3900,"","",E 3RD ST,"","",0,"",39.16383241,-86.47983287,PRIVATE DRIVE,"",URBAN,N,N,N,"",DARK (NOT LIGHTED),CLEAR,WET,"",NO JUNCTION INVOLVED,"",ASPHALT,UNSAFE BACKING,BACKING CRASH,E3RDST,""
319,INDIANA UNIV BLOOMINGTON PD,BLOOMINGTON,2022-01-13T00:00:00,11:08 AM,1,0,0,0,0,701,"","",EAST 17TH,"","",,"",39.1809087,-86.5255927,OTHER,N,URBAN,N,N,N,"",DAYLIGHT,CLEAR,DRY,"",NO JUNCTION INVOLVED,STRAIGHT/LEVEL,CONCRETE,FAILURE TO YIELD RIGHT OF WAY,LEFT TURN,EAST17THST,OTHER
320,MONROE SD,BLOOMINGTON,2022-01-10T00:00:00,5:31 PM,3,0,0,0,0,"","","",ROCKPORT,W TAPP,"",,"",39.136332,-86.548756,LOCAL/CITY ROAD,N,RURAL,N,N,N,"",DAYLIGHT,CLEAR,DRY,"",FOUR-WAY INTERSECTION,STRAIGHT/LEVEL,ASPHALT,FOLLOWING TOO CLOSELY,REAR END,ROCKPORTRDWTAPPRD,TRAFFIC CONTROL SIGNAL
321,MONROE SD,BLOOMINGTON,2022-01-08T00:00:00,4:56 PM,1,0,0,0,0,"","","",S HARMONY,S MOUNT ZION,"",500,N,39.068352,-86.626,COUNTY ROAD,N,RURAL,N,N,N,"",DAYLIGHT,RAIN,ICE,"",NO JUNCTION INVOLVED,STRAIGHT/LEVEL,ASPHALT,SPEED TOO FAST FOR WEATHER CONDITIONS,RAN OFF ROAD,SHARMONYRDSMOUNTZIONRD,NONE