_id,Agency,City,Collision Date,Collision Time,Vehicles Involved,Trailers Involved,Number Injured,Number Dead,Number Deer,House Number,Roadway Interchange,Roadway Ramp,Roadway Id,Intersecting Road,Interchange,Feet From,Direction,Latitude,Longitude,Roadway Class,Hit and Run?,Locality,School Zone?,Rumble Strips?,Construction?,Construction Type,Light Condition,Weather Conditions,Surface Condition,Type of Median,Roadway Junction Type,Road Character,Roadway Surface,Primary Factor,Manner of Collision,Unique Location Id,Traffic Control
322,MONROE SD,BLOOMINGTON,2022-01-01T00:00:00,4:04 PM,1,0,0,0,0,"","","",E ROGERS,S SNODDY,"",,"",39.13576,-86.489488,OTHER,N,URBAN,N,N,N,"",DAYLIGHT,RAIN,WET,"",T-INTERSECTION,STRAIGHT/GRADE,ASPHALT,DRIVER DISTRACTED - EXPLAIN IN NARRATIVE,RAN OFF ROAD,EROGERSRDSSNODDYRD,STOP SIGN
323,ELLETTSVILLE PD,ELLETTSVILLE,2022-02-09T00:00:00,10:55 AM,2,0,0,0,0,"","","",SR46W,UNION VALLEY,"",,"",39.215152,-86.5928,STATE ROAD,N,URBAN,N,N,N,"",DAYLIGHT,CLEAR,DRY,"",NO JUNCTION INVOLVED,STRAIGHT/LEVEL,ASPHALT,VIEW OBSTRUCTED,REAR END,SR46WUNIONVALLEYDR,TRAFFIC CONTROL SIGNAL
324,ELLETTSVILLE PD,ELLETTSVILLE,2022-02-28T00:00:00,11:22 AM,2,0,0,0,0,"","","",SECOND,RITTER,"",,"",39.230096,-86.624528,LOCAL/CITY ROAD,N,URBAN,N,N,N,"",DAYLIGHT,CLEAR,DRY,"",NO JUNCTION INVOLVED,STRAIGHT/GRADE,ASPHALT,FAILURE TO YIELD RIGHT OF WAY,RIGHT ANGLE,RITTERDRSECONDST,STOP SIGN
325,ELLETTSVILLE PD,ELLETTSVILLE,2022-03-04T00:00:00,8:28 AM,2,0,0,0,0,"","","",SR46W,HARTSTRAIT,"",,"",39.227624,-86.615919,STATE ROAD,N,URBAN,N,N,N,"",DAYLIGHT,CLEAR,DRY,"",NO JUNCTION INVOLVED,STRAIGHT/LEVEL,ASPHALT,FOLLOWING TOO CLOSELY,REAR END,HARTSTRAITRDSR46W,TRAFFIC CONTROL SIGNAL
326,ELLETTSVILLE PD,ELLETTSVILLE,2022-04-10T00:00:00,7:28 PM,2,0,1,0,0,"","","",W TEMPERANCE,SALE,"",,"",39.23384,-86.624704,LOCAL/CITY ROAD,N,URBAN,N,N,N,"",DAYLIGHT,CLOUDY,DRY,"",NO JUNCTION INVOLVED,STRAIGHT/LEVEL,ASPHALT,OTHER (DRIVER) - EXPLAIN IN NARRATIVE,SAME DIRECTION SIDESWIPE,SALESTWTEMPERANCEST,TRAFFIC CONTROL SIGNAL
327,ELLETTSVILLE PD,ELLETTSVILLE,2022-03-07T00:00:00,8:14 AM,2,0,0,0,0,"","","",SALE,TEMPERANCE,"",75,N,39.23399198,-86.6245252,LOCAL/CITY ROAD,N,URBAN,N,N,N,"",DAYLIGHT,RAIN,WET,"",NO JUNCTION INVOLVED,STRAIGHT/GRADE,ASPHALT,FAILURE TO YIELD RIGHT OF WAY,LEFT TURN,SALESTTEMPERANCEST,LANE CONTROL
328,INDIANA UNIV BLOOMINGTON PD,BLOOMINGTON,2022-01-07T00:00:00,2:00 PM,2,,0,0,0,"","","",N UNION ST,"","",0,"",39.17009406,-86.50927549,"","",URBAN,N,N,N,"",DAYLIGHT,CLEAR,DRY,"",NO JUNCTION INVOLVED,"",ASPHALT,UNSAFE SPEED,RIGHT ANGLE,NUNIONST,""
329,BLOOMINGTON PD,BLOOMINGTON,2022-01-17T00:00:00,2:30 AM,1,,0,0,0,"","","",STATE RD 46,STATE RD 37,"",0,"",39.1869472,-86.55135776,STATE ROAD,"",URBAN,N,N,N,"",DARK (LIGHTED),SNOW,SNOW/SLUSH,"",RAMP,"",ASPHALT,OTHER (ENVIRONMENTAL) - EXPLAIN IN NARR,COLLISION WITH OBJECT IN ROAD,STATERD46STATERD37,""
330,BLOOMINGTON PD,BLOOMINGTON,2022-01-20T00:00:00,3:35 PM,2,,0,0,0,528,"","",S COLLEGE AVE,"","",0,"",39.16026616,-86.53563011,LOCAL/CITY ROAD,"",URBAN,N,N,N,"",DAYLIGHT,CLEAR,DRY,"",NO JUNCTION INVOLVED,"",ASPHALT,FAILURE TO YIELD RIGHT OF WAY,OTHER - EXPLAIN IN NARRATIVE,SCOLLEGEAVE,""
331,INDIANA UNIV BLOOMINGTON PD,BLOOMINGTON,2022-01-20T00:00:00,5:35 PM,2,,0,0,0,"","","",E 3RD ST,S JORDAN AVE,"",0,"",39.164268,-86.51660777,LOCAL/CITY ROAD,"",URBAN,N,N,N,"",DAYLIGHT,CLEAR,DRY,"",FOUR-WAY INTERSECTION,"",ASPHALT,UNSAFE LANE MOVEMENT,SAME DIRECTION SIDESWIPE,SJORDANAVEE3RDST,""
332,BLOOMINGTON PD,BLOOMINGTON,2022-01-19T00:00:00,1:37 PM,2,,0,0,0,"","","",S PETE ELLIS DR,E 3RD ST,"",0,"",39.16433814,-86.49492436,LOCAL/CITY ROAD,"",URBAN,N,N,N,"",DAYLIGHT,CLOUDY,DRY,"",FOUR-WAY INTERSECTION,"",ASPHALT,DISREGARD SIGNAL/REG SIGN,RIGHT ANGLE,SPETEELLISDRE3RDST,""
333,BLOOMINGTON PD,BLOOMINGTON,2022-01-21T00:00:00,11:10 PM,2,,0,0,0,"","","",E LONGVIEW AVE,"","",0,"",39.16722974,-86.4937574,LOCAL/CITY ROAD,"",URBAN,N,N,N,"",DARK (LIGHTED),CLEAR,DRY,"",NO JUNCTION INVOLVED,"",ASPHALT,OTHER (VEHICLE) - EXPLAIN IN NARRATIVE,OTHER - EXPLAIN IN NARRATIVE,ELONGVIEWAVE,""
334,BLOOMINGTON PD,BLOOMINGTON,2022-01-20T00:00:00,6:33 AM,1,,0,0,0,"","","",W 2ND ST,S ROGERS ST,"",0,"",39.16146055,-86.5385086,LOCAL/CITY ROAD,"",URBAN,N,N,N,"",DARK (LIGHTED),SNOW,DRY,"",FOUR-WAY INTERSECTION,"",ASPHALT,BRAKE FAILURE OR DEFECTIVE,RAN OFF ROAD,W2NDSTSROGERSST,""
335,BLOOMINGTON PD,BLOOMINGTON,2022-01-24T00:00:00,7:21 AM,2,,1,0,0,"","","",S ROGERS ST,W DIXIE ST,"",106,"",39.15640392,-86.53871245,"","",URBAN,N,N,N,"",DARK (NOT LIGHTED),CLEAR,WET,"",NO JUNCTION INVOLVED,"",ASPHALT,FAILURE TO MAINTAIN LANE,REAR END,WDIXIESTSROGERSST,""
336,BLOOMINGTON PD,BLOOMINGTON,2022-01-05T00:00:00,3:07 AM,2,,1,0,0,"","","",S COLLEGE AVE,W 1ST ST,"",0,"",39.15940993,-86.53496451,LOCAL/CITY ROAD,"",URBAN,N,N,N,"",DAYLIGHT,CLEAR,DRY,"",FOUR-WAY INTERSECTION,"",ASPHALT,DISREGARD SIGNAL/REG SIGN,RIGHT ANGLE,W1STSTSCOLLEGEAVE,""
337,ISP BLOOMINGTON 33,BLOOMINGTON,2022-01-08T00:00:00,3:30 PM,1,,1,0,0,"","","",I69,"","",0,"",39.05581749,-86.68101928,INTERSTATE,"",RURAL,N,N,N,"",DAYLIGHT,CLOUDY,ICE,"",NO JUNCTION INVOLVED,"",CONCRETE,SPEED TOO FAST FOR WEATHER CONDITIONS,RAN OFF ROAD,I69105.5,""
338,INDIANA UNIV BLOOMINGTON PD,BLOOMINGTON,2022-01-20T00:00:00,8:10 PM,2,,0,0,0,"","","",E KIRKWOOD AVE,S INDIANA AVE,"",0,"",39.1665085,-86.52705378,LOCAL/CITY ROAD,"",URBAN,N,N,N,"",DARK (NOT LIGHTED),CLEAR,DRY,"",T-INTERSECTION,"",ASPHALT,UNSAFE BACKING,BACKING CRASH,SINDIANAAVEEKIRKWOODAVE,""
339,ELLETTSVILLE PD,BLOOMINGTON,2022-01-21T00:00:00,7:45 AM,1,,0,0,1,"","","",W FULLERTON PIKE,S ROCKPORT RD,"",0,"",39.12225832,-86.56528815,LOCAL/CITY ROAD,"",RURAL,N,N,N,"",DAWN/DUSK,CLEAR,DRY,"",FOUR-WAY INTERSECTION,"",ASPHALT,ANIMAL/OBJECT IN ROADWAY,COLLISION WITH DEER,WFULLERTONPIKESROCKPORTRD,""
340,MONROE SD,BLOOMINGTON,2022-01-22T00:00:00,6:15 AM,1,,0,0,1,"","","",I-69,"","",475,"",39.08520093,-86.57421774,INTERSTATE,"",RURAL,N,Y,N,"",DAWN/DUSK,CLEAR,DRY,"",NO JUNCTION INVOLVED,"",ASPHALT,ANIMAL/OBJECT IN ROADWAY,COLLISION WITH DEER,I-69112.2,""
341,MONROE SD,BLOOMINGTON,2022-01-15T00:00:00,2:06 PM,2,,0,0,0,4025,"","",S OLD SR 37,"","",0,"",39.120322,-86.529233,LOCAL/CITY ROAD,"",URBAN,N,N,N,"",DAYLIGHT,CLEAR,DRY,"",NO JUNCTION INVOLVED,"",ASPHALT,UNSAFE BACKING,BACKING CRASH,SOLDSR37,""
342,BLOOMINGTON PD,BLOOMINGTON,2022-01-31T00:00:00,2:42 AM,2,,0,0,0,"","","",S WALNUT ST,E KIRKWOOD AVE,"",0,"",39.16644265,-86.53359837,LOCAL/CITY ROAD,"",URBAN,N,N,N,"",DAYLIGHT,CLEAR,DRY,"",NO JUNCTION INVOLVED,"",ASPHALT,FAILURE TO MAINTAIN LANE,SAME DIRECTION SIDESWIPE,SWALNUTSTEKIRKWOODAVE,""
343,BLOOMINGTON PD,BLOOMINGTON,2022-01-06T00:00:00,2:02 PM,2,,0,0,0,"","","",1709 W. 8TH ST,N SPRING ST,"",500,"",39.1689583,-86.55556,LOCAL/CITY ROAD,"",URBAN,N,N,N,"",DARK (NOT LIGHTED),CLEAR,DRY,"",NO JUNCTION INVOLVED,"",ASPHALT,UNSAFE BACKING,BACKING CRASH,NSPRINGST1709W.8THST,""
344,INDIANA UNIV BLOOMINGTON PD,BLOOMINGTON,2022-01-17T00:00:00,7:10 PM,2,,0,0,0,"","","",N JORDAN AVE,E 10TH ST,"",0,"",39.17124556,-86.5156383,LOCAL/CITY ROAD,"",URBAN,N,N,N,"",DARK (LIGHTED),CLEAR,DRY,"",FOUR-WAY INTERSECTION,"",ASPHALT,FOLLOWING TOO CLOSELY,REAR END,NJORDANAVEE10THST,""
345,MONROE SD,BLOOMINGTON,2022-01-27T00:00:00,6:10 AM,1,,0,0,0,"","","",5000 E LAMPKINS RIDGE RD,"","",0,"",0,0,LOCAL/CITY ROAD,"",URBAN,N,N,N,"",DARK (NOT LIGHTED),CLEAR,DRY,"",NO JUNCTION INVOLVED,"",ASPHALT,ANIMAL/OBJECT IN ROADWAY,RAN OFF ROAD,5000ELAMPKINSRIDGERD,""
346,BLOOMINGTON PD,BLOOMINGTON,2022-01-13T00:00:00,6:30 AM,2,,0,0,0,"","","",W 12TH ST,"","",0,"",39.17417311,-86.55004867,OTHER,"",URBAN,N,N,N,"",DARK (LIGHTED),CLEAR,DRY,"",NO JUNCTION INVOLVED,"",ASPHALT,UNSAFE BACKING,BACKING CRASH,W12THST,""
347,BLOOMINGTON PD,BLOOMINGTON,2022-01-02T00:00:00,6:24 PM,1,,0,0,0,"","","",500 SOUTH MULLER PARKWAY,"","",0,"",0,0,LOCAL/CITY ROAD,"",URBAN,N,N,N,"",DARK (LIGHTED),CLEAR,DRY,"",NO JUNCTION INVOLVED,"",ASPHALT,STEERING FAILURE,OTHER - EXPLAIN IN NARRATIVE,500SOUTHMULLERPARKWAY,""
348,BLOOMINGTON PD,BLOOMINGTON,2022-01-09T00:00:00,7:02 AM,1,,0,0,1,"","","",E MOORES PIKE,S OLCOTT BLVD,"",0,"",39.15019301,-86.48503585,LOCAL/CITY ROAD,"",URBAN,N,N,N,"",DARK (NOT LIGHTED),RAIN,WET,"",T-INTERSECTION,"",ASPHALT,ANIMAL/OBJECT IN ROADWAY,COLLISION WITH DEER,SOLCOTTBLVDEMOORESPIKE,""
349,MONROE SD,BLOOMINGTON,2022-01-12T00:00:00,10:16 AM,1,,0,0,0,"","","",STATE RD 45,N BENTON DR,"",422,"",39.21938266,-86.44360387,STATE ROAD,"",RURAL,N,N,N,"",DARK (NOT LIGHTED),CLEAR,DRY,"",T-INTERSECTION,"",ASPHALT,OVERSIZE/OVERWEIGHT LOAD,RAN OFF ROAD,STATERD45NBENTONDR,""
350,INDIANA UNIV BLOOMINGTON PD,BLOOMINGTON,2022-02-09T00:00:00,12:16 PM,2,,0,0,0,"","","",STATE RD 45,E 17TH ST,"",0,"",39.17970827,-86.50710351,STATE ROAD,"",URBAN,N,N,N,"",DAWN/DUSK,CLEAR,WET,"",T-INTERSECTION,"",ASPHALT,FOLLOWING TOO CLOSELY,REAR END,STATERD45E17THST,""
351,MONROE SD,BLOOMINGTON,2022-05-23T00:00:00,12:01 AM,4,,1,0,0,"","","",S FAIRFAX RD,S OLD STATE ROAD 37,"",0,"",39.10722992,-86.53131958,"","",URBAN,N,N,N,"",DAYLIGHT,CLOUDY,DRY,"",FOUR-WAY INTERSECTION,"",ASPHALT,UNSAFE SPEED,RAN OFF ROAD,SOLDSTATEROAD37SFAIRFAXRD,""
352,BLOOMINGTON PD,BLOOMINGTON,2022-03-23T00:00:00,11:30 AM,4,,1,0,0,"","","",SR 46,"","",0,"",39.18653591,-86.53777189,STATE ROAD,"",URBAN,N,N,N,"",DAYLIGHT,RAIN,WET,"",NO JUNCTION INVOLVED,"",ASPHALT,DRIVER DISTRACTED - EXPLAIN IN NARRATIVE,REAR END,SR46,""
353,BLOOMINGTON PD,BLOOMINGTON,2022-03-23T00:00:00,4:50 PM,1,,1,0,0,"","","",W COUNTRY CLUB DR,S OLD STATE ROAD 37,"",0,"",39.1348429,-86.5329195,"","",RURAL,N,N,N,"",DAYLIGHT,CLOUDY,DRY,"",NO JUNCTION INVOLVED,"",ASPHALT,DRIVER ILLNESS,RAN OFF ROAD,WCOUNTRYCLUBDRSOLDSTATEROAD37,""
354,MONROE SD,BLOOMINGTON,2022-03-25T00:00:00,8:02 PM,1,,0,0,0,"","","",E POINTE RD,"","",0,"",39.03329762,-86.51317585,PRIVATE DRIVE,"",RURAL,N,N,N,"",DARK (LIGHTED),RAIN,WET,"",NO JUNCTION INVOLVED,"",ASPHALT,SPEED TOO FAST FOR WEATHER CONDITIONS,RAN OFF ROAD,EPOINTERD,""
355,BLOOMINGTON PD,BLOOMINGTON,2022-03-10T00:00:00,5:19 PM,2,,0,0,0,"","","",W DRISCOLL ST,S ROGERS ST,"",0,"",39.15253234,-86.53871405,LOCAL/CITY ROAD,"",URBAN,N,N,N,"",DAYLIGHT,CLEAR,DRY,"",T-INTERSECTION,"",ASPHALT,FOLLOWING TOO CLOSELY,REAR END,WDRISCOLLSTSROGERSST,""
356,INDIANA UNIV BLOOMINGTON PD,BLOOMINGTON,2022-04-05T00:00:00,1:00 PM,1,,1,0,0,"","","",E 3RD ST,S FESS AVE,"",0,"",39.16427918,-86.52599163,LOCAL/CITY ROAD,"",URBAN,N,N,N,"",DAYLIGHT,RAIN,WET,"",T-INTERSECTION,"",ASPHALT,VIEW OBSTRUCTED,RIGHT ANGLE,SFESSAVEE3RDST,""
357,ISP BLOOMINGTON 33,BLOOMINGTON,2022-04-01T00:00:00,10:20 AM,1,,1,0,0,8150,"","",S OLD STATE ROAD 37,"","",0,"",39.04720536,-86.54099514,STATE ROAD,"",RURAL,N,N,N,"",DAYLIGHT,CLOUDY,DRY,"",NO JUNCTION INVOLVED,"",ASPHALT,"",RAN OFF ROAD,SOLDSTATEROAD37,""
358,BLOOMINGTON PD,BLOOMINGTON,2022-05-18T00:00:00,6:10 PM,2,,0,0,0,"","","",SR 46,N KINSER PIKE,"",0,"",39.18647863,-86.53783003,LOCAL/CITY ROAD,"",URBAN,N,N,N,"",DAYLIGHT,RAIN,WET,"",FOUR-WAY INTERSECTION,"",ASPHALT,UNSAFE BACKING,BACKING CRASH,SR46NKINSERPIKE,""
359,BLOOMINGTON PD,BLOOMINGTON,2022-02-10T00:00:00,12:21 PM,2,,0,0,0,"","","",E. 2ND ST,S. COLLEGE MALL RD,"",100,"",39.16758408,-86.53701381,LOCAL/CITY ROAD,"",URBAN,N,N,N,"",DAYLIGHT,CLEAR,DRY,"",FOUR-WAY INTERSECTION,"",ASPHALT,FAILURE TO YIELD RIGHT OF WAY,RIGHT ANGLE,S.COLLEGEMALLRDE.2NDST,""
360,BLOOMINGTON PD,BLOOMINGTON,2022-05-03T00:00:00,9:23 AM,1,,1,0,0,"","","",S LIBERTY DR,"","",0,"",39.14779562,-86.57711614,LOCAL/CITY ROAD,"",URBAN,N,N,N,"",DAYLIGHT,RAIN,WET,"",T-INTERSECTION,"",ASPHALT,UNSAFE SPEED,RAN OFF ROAD,SLIBERTYDR,""
361,MONROE SD,BLOOMINGTON,2022-02-08T00:00:00,3:30 PM,2,,0,0,0,"","","",W THAT RD,"","",0,"",39.11405622,-86.54519958,OTHER,"",RURAL,Y,N,N,"",DAYLIGHT,CLEAR,WET,"",NO JUNCTION INVOLVED,"",ASPHALT,UNSAFE BACKING,BACKING CRASH,WTHATRD,""
362,INDIANA UNIV BLOOMINGTON PD,BLOOMINGTON,2022-04-15T00:00:00,11:15 AM,1,,1,0,0,"","","",E 7TH ST,N ROSE AVE,"",0,"",39.16812221,-86.51100344,LOCAL/CITY ROAD,"",URBAN,N,N,N,"",DAYLIGHT,CLEAR,DRY,"",NO JUNCTION INVOLVED,"",ASPHALT,FAILURE TO YIELD RIGHT OF WAY,SAME DIRECTION SIDESWIPE,NROSEAVEE7THST,""
363,ELLETTSVILLE PD,ELLETTSVILLE,2022-02-18T00:00:00,4:42 PM,2,,0,0,0,"","","",STATE RD 46,N SMITH PIKE,"",500,"",39.21069843,-86.58415686,STATE ROAD,"",RURAL,N,N,N,"",DAYLIGHT,CLEAR,DRY,"",T-INTERSECTION,"",ASPHALT,FAILURE TO YIELD RIGHT OF WAY,REAR END,STATERD46NSMITHPIKE,""
364,MONROE SD,BLOOMINGTON,2022-04-24T00:00:00,2:30 AM,1,,0,0,0,"","","",I-69,"","",0,"",39.33153076,-86.51450104,STATE ROAD,"",URBAN,N,Y,N,"",DARK (NOT LIGHTED),CLEAR,DRY,"",NO JUNCTION INVOLVED,"",ASPHALT,UNSAFE SPEED,RAN OFF ROAD,I-69130,""
365,BLOOMINGTON PD,BLOOMINGTON,2022-03-15T00:00:00,6:20 PM,2,,0,0,0,"","","",N KINSER PIKE,STATE RD 46,"",0,"",39.18649299,-86.53776706,LOCAL/CITY ROAD,"",URBAN,N,N,N,"",DAYLIGHT,CLEAR,DRY,"",FOUR-WAY INTERSECTION,"",ASPHALT,FAILURE TO YIELD RIGHT OF WAY,RIGHT ANGLE,STATERD46NKINSERPIKE,""
366,BLOOMINGTON PD,BLOOMINGTON,2022-03-09T00:00:00,2:57 PM,2,,0,0,0,260,"","",N JACOB DR,"","",0,"",39.16835673,-86.57330197,PRIVATE DRIVE,"",URBAN,N,N,N,"",DAYLIGHT,CLEAR,DRY,"",NO JUNCTION INVOLVED,"",ASPHALT,UNSAFE BACKING,REAR TO REAR,NJACOBDR,""
367,INDIANA UNIV BLOOMINGTON PD,BLOOMINGTON,2022-05-05T00:00:00,9:30 AM,2,,0,0,0,"","","",E LINGELBACH LN,N. UNION ST.,"",0,"",39.17660609,-86.50801546,LOCAL/CITY ROAD,"",URBAN,N,N,N,"",DAYLIGHT,CLEAR,DRY,"",NO JUNCTION INVOLVED,"",ASPHALT,IMPROPER PASSING,SAME DIRECTION SIDESWIPE,N.UNIONST.ELINGELBACHLN,""
368,MONROE SD,BLOOMINGTON,2022-05-23T00:00:00,10:21 AM,1,,0,0,0,"","","",SOUTH STATE ROAD 37,WEST DILLMAN ROAD,"",0,"",39.092967,-86.545791,STATE ROAD,"",RURAL,N,N,N,"",DAYLIGHT,CLOUDY,DRY,"",NO JUNCTION INVOLVED,"",ASPHALT,ANIMAL/OBJECT IN ROADWAY,COLLISION WITH OBJECT IN ROAD,WESTDILLMANROADSOUTHSTATEROAD37,""
369,MONROE SD,BLOOMINGTON,2022-04-21T00:00:00,10:12 AM,1,,0,0,0,"","","",W STATE ROAD 48,"","",0,"",39.16845648,-86.67000597,"","",RURAL,N,N,N,"",DAYLIGHT,RAIN,WET,"",NO JUNCTION INVOLVED,"",ASPHALT,SPEED TOO FAST FOR WEATHER CONDITIONS,RAN OFF ROAD,WSTATEROAD48,""
370,INDIANA UNIV BLOOMINGTON PD,BLOOMINGTON,2022-01-12T00:00:00,1:30 PM,1,,0,0,0,310,"","",S FESS AVE,"","",0,"",39.16348015,-86.52638871,LOCAL/CITY ROAD,"",URBAN,N,N,N,"",DAYLIGHT,CLEAR,DRY,"",NO JUNCTION INVOLVED,"",CONCRETE,BRAKE FAILURE OR DEFECTIVE,RIGHT TURN,SFESSAVE,""
371,INDIANA UNIV BLOOMINGTON PD,BLOOMINGTON,2022-01-28T00:00:00,2:30 PM,1,,0,0,0,"","","",N INDIANA AVE,E 11TH ST,"",0,"",39.17334655,-86.52689429,LOCAL/CITY ROAD,"",URBAN,N,N,N,"",DAYLIGHT,SNOW,SNOW/SLUSH,"",FOUR-WAY INTERSECTION,"",ASPHALT,ROADWAY SURFACE CONDITION,LEFT TURN,NINDIANAAVEE11THST,""
372,BLOOMINGTON PD,BLOOMINGTON,2022-04-20T00:00:00,1:13 PM,2,,0,0,0,"","","",W. BLOOMFIELD RD,S. LANDMARK AVE,"",0,"",39.159933,-86.55386,LOCAL/CITY ROAD,"",URBAN,N,N,N,"",DAYLIGHT,CLOUDY,DRY,"",FOUR-WAY INTERSECTION,"",ASPHALT,OVERCORRECTING/OVERSTEERING,OPPOSITE DIRECTION SIDESWIPE,W.BLOOMFIELDRDS.LANDMARKAVE,""
373,MONROE SD,BLOOMINGTON,2022-04-01T00:00:00,7:24 AM,1,,0,0,0,"","","",STATE RD 45,BENT PINE DR,"",634,"",39.21367677,-86.45707328,STATE ROAD,"",RURAL,N,N,N,"",UNKNOWN,RAIN,WET,"",NO JUNCTION INVOLVED,"",ASPHALT,LEFT OF CENTER,RAN OFF ROAD,STATERD45BENTPINEDR,""
374,MONROE SD,BLOOMINGTON,2022-02-04T00:00:00,7:05 PM,2,,0,0,0,"","","",N MATHEWS DR,W DELAP RD,"",0,"",39.2520479,-86.62067714,LOCAL/CITY ROAD,"",RURAL,N,N,N,"",DARK (NOT LIGHTED),CLEAR,SNOW/SLUSH,"",T-INTERSECTION,"",ASPHALT,FAILURE TO YIELD RIGHT OF WAY,RIGHT ANGLE,WDELAPRDNMATHEWSDR,""
375,MONROE SD,BLOOMINGTON,2022-04-29T00:00:00,2:00 PM,2,,0,0,0,"","","",W DILLMAN RD,ST RD 37 S,"",0,"",39.09310479,-86.54579374,LOCAL/CITY ROAD,"",URBAN,N,N,N,"",DAYLIGHT,CLOUDY,DRY,"",FOUR-WAY INTERSECTION,"",ASPHALT,HOLES/RUTS IN SURFACE,REAR TO REAR,WDILLMANRDSTRD37S,""
376,MONROE SD,BLOOMINGTON,2022-05-29T00:00:00,11:22 AM,1,,0,0,0,"","","",SHILO RD,NORTH MILLER ROAD,"",0,"",39.27248551,-86.46364727,COUNTY ROAD,"",URBAN,N,N,N,"",DAYLIGHT,CLEAR,DRY,"",NO JUNCTION INVOLVED,"",ASPHALT,UNSAFE SPEED,RAN OFF ROAD,SHILORDNORTHMILLERROAD,""
377,MONROE SD,BLOOMINGTON,2022-05-19T00:00:00,1:15 PM,2,,0,0,0,"","","",E BETHEL LN,N OLD STATE ROAD 37,"",0,"",39.21537949,-86.52140724,LOCAL/CITY ROAD,"",RURAL,N,N,N,"",DAYLIGHT,CLEAR,DRY,"",T-INTERSECTION,"",ASPHALT,UNSAFE BACKING,BACKING CRASH,NOLDSTATEROAD37EBETHELLN,""
378,BLOOMINGTON PD,BLOOMINGTON,2022-02-24T00:00:00,2:55 PM,2,,0,0,0,"","","",W BLOOMFIELD RD,FRONTAGE RD,"",0,"",39.14966077,-86.5688032,LOCAL/CITY ROAD,"",URBAN,N,N,N,"",DAYLIGHT,RAIN,WET,"",FOUR-WAY INTERSECTION,"",ASPHALT,FAILURE TO YIELD RIGHT OF WAY,SAME DIRECTION SIDESWIPE,WBLOOMFIELDRDFRONTAGERD,""
379,ISP BLOOMINGTON 33,BLOOMINGTON,2022-04-06T00:00:00,6:30 AM,1,,0,0,0,"","","",I-69,"","",0,"",39.18077331,-86.55759718,INTERSTATE,"",URBAN,N,N,N,"",DARK (LIGHTED),RAIN,WET,"",NO JUNCTION INVOLVED,"",ASPHALT,ANIMAL/OBJECT IN ROADWAY,COLLISION WITH OBJECT IN ROAD,I-69,""
380,MONROE SD,BLOOMINGTON,2022-04-19T00:00:00,1:50 PM,2,,0,0,0,"","","",LEIGHTON LN,MCDOUGAL ST,"",0,"",39.123384,-86.553477,LOCAL/CITY ROAD,"",URBAN,N,N,N,"",DAYLIGHT,CLOUDY,DRY,"",NO JUNCTION INVOLVED,"",ASPHALT,OTHER (VEHICLE) - EXPLAIN IN NARRATIVE,BACKING CRASH,MCDOUGALSTLEIGHTONLN,""
381,BLOOMINGTON PD,BLOOMINGTON,2022-02-17T00:00:00,2:40 PM,2,,0,0,0,"","","",W 3RD ST,S LIBERTY DR,"",0,"",39.16463925,-86.58036286,LOCAL/CITY ROAD,"",URBAN,N,N,N,"",DAYLIGHT,RAIN,WET,"",T-INTERSECTION,"",ASPHALT,FAILURE TO YIELD RIGHT OF WAY,RIGHT ANGLE,W3RDSTSLIBERTYDR,""
382,BLOOMINGTON PD,BLOOMINGTON,2022-03-12T00:00:00,1:24 PM,1,,0,0,0,"","","",I-69,W 3RD ST,"",792,"",39.17102989,-86.57025683,INTERSTATE,"",URBAN,N,N,N,"",DAYLIGHT,CLEAR,DRY,"",NO JUNCTION INVOLVED,"",ASPHALT,OTHER (DRIVER) - EXPLAIN IN NARRATIVE,COLLISION WITH OBJECT IN ROAD,W3RDSTI-69,""
383,MONROE SD,BLOOMINGTON,2022-05-02T00:00:00,4:14 PM,1,,0,0,0,"","","",E BETHEL LN,"","",0,"",39.21283401,-86.49065084,COUNTY ROAD,"",RURAL,N,N,N,"",DAYLIGHT,CLEAR,DRY,"",NO JUNCTION INVOLVED,"",ASPHALT,UNSAFE SPEED,RAN OFF ROAD,EBETHELLN,""
384,BLOOMINGTON PD,BLOOMINGTON,2022-05-25T00:00:00,1:58 PM,2,,0,0,0,"","","",S ROGERS ST,W 4TH ST,"",0,"",39.16546966,-86.53872317,LOCAL/CITY ROAD,"",URBAN,N,N,N,"",DAYLIGHT,CLEAR,DRY,"",FOUR-WAY INTERSECTION,"",ASPHALT,FAILURE TO YIELD RIGHT OF WAY,SAME DIRECTION SIDESWIPE,W4THSTSROGERSST,""
385,BLOOMINGTON PD,BLOOMINGTON,2022-05-14T00:00:00,8:20 AM,2,,0,0,0,"","","",E DAVID DR,E DAVID DR,"",0,"",39.13855375,-86.49654097,LOCAL/CITY ROAD,"",URBAN,N,N,N,"",DAWN/DUSK,RAIN,WET,"",T-INTERSECTION,"",ASPHALT,FOLLOWING TOO CLOSELY,REAR END,EDAVIDDREDAVIDDR,""
386,BLOOMINGTON PD,BLOOMINGTON,2022-02-14T00:00:00,11:20 PM,2,,0,0,0,"","","",N WALNUT ST,W 17TH ST,"",0,"",39.17895619,-86.53350983,LOCAL/CITY ROAD,"",URBAN,N,N,N,"",DARK (LIGHTED),CLEAR,DRY,"",FOUR-WAY INTERSECTION,"",ASPHALT,FOLLOWING TOO CLOSELY,REAR END,W17THSTNWALNUTST,""