_id,Agency,City,Collision Date,Collision Time,Vehicles Involved,Trailers Involved,Number Injured,Number Dead,Number Deer,House Number,Roadway Interchange,Roadway Ramp,Roadway Id,Intersecting Road,Interchange,Feet From,Direction,Latitude,Longitude,Roadway Class,Hit and Run?,Locality,School Zone?,Rumble Strips?,Construction?,Construction Type,Light Condition,Weather Conditions,Surface Condition,Type of Median,Roadway Junction Type,Road Character,Roadway Surface,Primary Factor,Manner of Collision,Unique Location Id,Traffic Control
387,INDIANA UNIV BLOOMINGTON PD,BLOOMINGTON,2022-03-24T00:00:00,7:00 PM,2,,0,0,0,"","","",E 6TH ST,N GRANT ST,"",0,"",39.16753808,-86.52909249,PRIVATE DRIVE,"",URBAN,N,N,N,"",DAWN/DUSK,CLOUDY,DRY,"",NO JUNCTION INVOLVED,"",CONCRETE,UNSAFE BACKING,OPPOSITE DIRECTION SIDESWIPE,NGRANTSTE6THST,""
388,MONROE SD,BLOOMINGTON,2022-03-25T00:00:00,3:35 AM,2,,0,0,0,"","","",INDUSTRIAL BLVD,"","",0,"",39.14394074,-86.5823023,PRIVATE DRIVE,"",RURAL,N,N,N,"",DAYLIGHT,CLEAR,DRY,"",NO JUNCTION INVOLVED,"",ASPHALT,UNSAFE BACKING,BACKING CRASH,INDUSTRIALBLVD,""
389,BLOOMINGTON PD,BLOOMINGTON,2022-01-27T00:00:00,12:03 PM,2,,1,0,0,"","","",N. DUNN ST,E SR45/46 BYPASS,"",0,"",0,0,LOCAL/CITY ROAD,"",URBAN,N,N,N,"",DAYLIGHT,CLOUDY,WET,"",FOUR-WAY INTERSECTION,"",ASPHALT,FOLLOWING TOO CLOSELY,REAR END,N.DUNNSTESR45/46BYPASS,""
390,BLOOMINGTON PD,BLOOMINGTON,2022-01-25T00:00:00,6:16 PM,2,,0,0,0,"","","",S PATTERSON DR,W BLOOMFIELD RD,"",0,"",39.16057635,-86.54836539,LOCAL/CITY ROAD,"",URBAN,N,N,N,"",DAYLIGHT,CLEAR,DRY,"",FOUR-WAY INTERSECTION,"",ASPHALT,FAILURE TO YIELD RIGHT OF WAY,SAME DIRECTION SIDESWIPE,WBLOOMFIELDRDSPATTERSONDR,""
391,BLOOMINGTON PD,BLOOMINGTON,2022-02-02T00:00:00,12:44 PM,2,,0,0,0,"","","",2812 E. 3RD ST,"","",0,"",0,0,LOCAL/CITY ROAD,"",URBAN,N,N,N,"",DAYLIGHT,RAIN,WET,"",NO JUNCTION INVOLVED,"",ASPHALT,OVERCORRECTING/OVERSTEERING,SAME DIRECTION SIDESWIPE,2812E.3RDST,""
392,MONROE SD,BLOOMINGTON,2022-05-28T00:00:00,3:49 PM,2,,0,0,0,"","","",W BELLE AVE,S HICKORY DR,"",0,"",39.16331922,-86.58589696,LOCAL/CITY ROAD,"",RURAL,N,N,N,"",DAYLIGHT,CLEAR,DRY,"",FOUR-WAY INTERSECTION,"",ASPHALT,FAILURE TO YIELD RIGHT OF WAY,RIGHT ANGLE,WBELLEAVESHICKORYDR,""
393,BLOOMINGTON PD,BLOOMINGTON,2022-05-21T00:00:00,7:58 PM,2,,0,0,0,"","","",W COUNTRY CLUB DR,S MADISON ST,"",150,"",39.13597668,-86.5369091,LOCAL/CITY ROAD,"",URBAN,N,N,N,"",DAYLIGHT,CLOUDY,DRY,"",NO JUNCTION INVOLVED,"",ASPHALT,FOLLOWING TOO CLOSELY,REAR END,WCOUNTRYCLUBDRSMADISONST,""
394,BLOOMINGTON PD,BLOOMINGTON,2022-02-11T00:00:00,5:39 PM,2,,0,0,0,1825,"","",N KINSER PIKE; KROGER NORTH,"","",0,"",39.18767435,-86.53945458,LOCAL/CITY ROAD,"",URBAN,N,N,N,"",DAYLIGHT,RAIN,WET,"",NO JUNCTION INVOLVED,"",ASPHALT,UNSAFE BACKING,REAR TO REAR,NKINSERPIKE;KROGERNORTH,""
395,BLOOMINGTON PD,BLOOMINGTON,2022-03-30T00:00:00,5:47 PM,2,,0,0,0,"","","",N ROGERS ST,W KIRKWOOD AVE,"",0,"",39.1666305,-86.53868384,LOCAL/CITY ROAD,"",URBAN,N,N,N,"",DAYLIGHT,CLOUDY,DRY,"",FOUR-WAY INTERSECTION,"",ASPHALT,BRAKE FAILURE OR DEFECTIVE,RIGHT ANGLE,WKIRKWOODAVENROGERSST,""
396,BLOOMINGTON PD,BLOOMINGTON,2022-02-22T00:00:00,8:15 AM,1,,0,0,0,800,"","",E MILLER DR,"","",0,"",39.14623867,-86.52480507,LOCAL/CITY ROAD,"",URBAN,N,N,N,"",DAWN/DUSK,RAIN,WET,"",NO JUNCTION INVOLVED,"",ASPHALT,UNSAFE BACKING,BACKING CRASH,EMILLERDR,""
397,INDIANA UNIV BLOOMINGTON PD,BLOOMINGTON,2022-03-01T00:00:00,12:50 PM,1,,1,0,0,"","","",N JORDAN AVE,"","",0,"",39.16684539,-86.5153057,PRIVATE DRIVE,"",URBAN,N,N,N,"",DAYLIGHT,CLEAR,DRY,"",T-INTERSECTION,"",ASPHALT,PEDESTRIAN ACTION,COLLISION WITH OBJECT IN ROAD,NJORDANAVE,""
398,BLOOMINGTON PD,BLOOMINGTON,2022-05-02T00:00:00,5:45 PM,2,,0,0,0,"","","","","","",0,"",39.16583502,-86.49969908,PRIVATE DRIVE,"",URBAN,N,N,N,"",DAYLIGHT,CLEAR,DRY,"",NO JUNCTION INVOLVED,"",ASPHALT,UNSAFE BACKING,BACKING CRASH,"",""
399,BLOOMINGTON PD,BLOOMINGTON,2022-02-26T00:00:00,7:30 PM,2,,0,0,0,"",100,A,W 3RD ST,"","",0,"",39.16446219,-86.57234377,LOCAL/CITY ROAD,"",URBAN,N,N,N,"",DARK (LIGHTED),CLEAR,DRY,"",RAMP,"",ASPHALT,FOLLOWING TOO CLOSELY,REAR END,W3RDST100A,""
400,MONROE SD,BLOOMINGTON,2022-05-18T00:00:00,8:51 AM,1,,0,0,0,"","","",STATE RD 446,CHANDLER RD,"",0,"",39.05754714,-86.41037769,"","",RURAL,N,N,N,"",DAYLIGHT,CLOUDY,DRY,"",NO JUNCTION INVOLVED,"",ASPHALT,UNSAFE SPEED,RAN OFF ROAD,STATERD446CHANDLERRD,""
401,BLOOMINGTON PD,BLOOMINGTON,2022-05-27T00:00:00,10:40 PM,2,,0,0,0,"","","",W STATE RD 45,S LEONARD SPRINGS RD,"",0,"",39.14193938,-86.58266433,STATE ROAD,"",URBAN,N,N,N,"",DARK (LIGHTED),CLEAR,DRY,"",FOUR-WAY INTERSECTION,"",ASPHALT,FAILURE TO YIELD RIGHT OF WAY,LEFT TURN,WSTATERD45SLEONARDSPRINGSRD,""
402,ISP BLOOMINGTON 33,BLOOMINGTON,2022-01-28T00:00:00,3:15 AM,1,,0,0,0,"","","",W STATE RD 45,S BUNGER RD,"",0,"",39.12908796,-86.60453474,COUNTY ROAD,"",RURAL,N,N,N,"",DAYLIGHT,SNOW,SNOW/SLUSH,"",FOUR-WAY INTERSECTION,"",ASPHALT,SPEED TOO FAST FOR WEATHER CONDITIONS,RAN OFF ROAD,WSTATERD45SBUNGERRD,""
403,BLOOMINGTON PD,BLOOMINGTON,2022-03-01T00:00:00,4:45 PM,2,,1,0,0,"","","",W 3RD ST,"","",0,"",39.16559771,-86.57742065,LOCAL/CITY ROAD,"",URBAN,N,N,N,"",DAYLIGHT,CLEAR,DRY,"",FOUR-WAY INTERSECTION,"",ASPHALT,FAILURE TO YIELD RIGHT OF WAY,RIGHT ANGLE,W3RDST,""
404,INDIANA UNIV BLOOMINGTON PD,BLOOMINGTON,2022-03-04T00:00:00,1:35 PM,1,,0,0,0,"","","",E 10TH ST,JEFFERSON ST,"",126,"",39.17155851,-86.50677159,LOCAL/CITY ROAD,"",URBAN,N,N,N,"",DAYLIGHT,CLEAR,DRY,"",RAILROAD CROSSINGS,"",ASPHALT,OVERSIZE/OVERWEIGHT LOAD,COLLISION WITH OBJECT IN ROAD,JEFFERSONSTE10THST,""
405,BLOOMINGTON PD,BLOOMINGTON,2022-03-18T00:00:00,8:40 AM,2,,0,0,0,"","","",E WINSLOW RD,S HENDERSON ST,"",0,"",39.13600176,-86.52692503,LOCAL/CITY ROAD,"",RURAL,N,N,N,"",DARK (LIGHTED),RAIN,WET,"",FOUR-WAY INTERSECTION,"",ASPHALT,FAILURE TO YIELD RIGHT OF WAY,LEFT/RIGHT TURN,SHENDERSONSTEWINSLOWRD,""
406,BLOOMINGTON PD,BLOOMINGTON,2022-05-14T00:00:00,1:04 PM,2,,0,0,0,"","","",N WALNUT ST,W 10TH ST,"",0,"",39.17159842,-86.53357217,LOCAL/CITY ROAD,"",URBAN,N,N,B,"",DAYLIGHT,RAIN,WET,"",FOUR-WAY INTERSECTION,"",ASPHALT,FOLLOWING TOO CLOSELY,REAR END,W10THSTNWALNUTST,""
407,MONROE SD,BLOOMINGTON,2022-02-05T00:00:00,12:04 PM,2,,0,0,0,3585,"","",W STATE RD 45,"","",0,"",39.14285539,-86.57948819,STATE ROAD,"",URBAN,N,N,N,"",DAYLIGHT,CLEAR,WET,"",NO JUNCTION INVOLVED,"",ASPHALT,UNSAFE BACKING,RIGHT ANGLE,WSTATERD45,""
408,ISP BLOOMINGTON 33,BLOOMINGTON,2022-05-10T00:00:00,10:55 AM,2,,0,0,0,"","","",SR48,SR48-100-RAMP D,"",0,"",39.1644938,-86.57396831,STATE ROAD,"",URBAN,N,N,N,"",DAYLIGHT,CLOUDY,DRY,"",FOUR-WAY INTERSECTION,"",ASPHALT,FAILURE TO YIELD RIGHT OF WAY,RIGHT ANGLE,SR48-100-RAMPDSR48,""
409,ISP BLOOMINGTON 33,BLOOMINGTON,2022-04-02T00:00:00,12:35 PM,2,,0,0,0,"","","",STATE RD 37,S OLD STATE ROAD 37,"",0,"",39.08533916,-86.54246106,STATE ROAD,"",RURAL,N,N,N,"",DAYLIGHT,CLEAR,DRY,"",FOUR-WAY INTERSECTION,"",ASPHALT,FOLLOWING TOO CLOSELY,REAR END,STATERD37SOLDSTATEROAD37,""
410,BLOOMINGTON PD,BLOOMINGTON,2022-04-13T00:00:00,4:27 PM,2,,0,0,0,"","","",N KINSER PIKE,W 17TH ST,"",0,"",39.17906287,-86.53780271,LOCAL/CITY ROAD,"",URBAN,N,N,N,"",DAYLIGHT,CLEAR,DRY,"",FOUR-WAY INTERSECTION,"",ASPHALT,FAILURE TO YIELD RIGHT OF WAY,RIGHT ANGLE,W17THSTNKINSERPIKE,""
411,INDIANA UNIV BLOOMINGTON PD,BLOOMINGTON,2022-02-08T00:00:00,5:55 PM,2,,0,0,0,"","","",E 7TH ST,N DUNN ST,"",0,"",39.16854643,-86.52825541,LOCAL/CITY ROAD,"",URBAN,N,N,N,"",DAYLIGHT,CLEAR,WET,"",FOUR-WAY INTERSECTION,"",ASPHALT,DISREGARD SIGNAL/REG SIGN,RIGHT ANGLE,NDUNNSTE7THST,""
412,BLOOMINGTON PD,BLOOMINGTON,2022-04-15T00:00:00,8:50 PM,2,,0,0,0,"","","",N KINSER PIKE,STATE RD 46,"",0,"",39.18651095,-86.53774685,LOCAL/CITY ROAD,"",URBAN,N,N,N,"",DARK (LIGHTED),RAIN,WET,"",FOUR-WAY INTERSECTION,"",CONCRETE,FAILURE TO YIELD RIGHT OF WAY,LEFT TURN,STATERD46NKINSERPIKE,""
413,MONROE SD,"",2022-05-20T00:00:00,11:24 AM,2,,0,0,0,4025,"","",S OLD STATE ROAD 37,"","",0,"",39.11942842,-86.53081254,"","",RURAL,N,N,N,"",DAYLIGHT,CLEAR,DRY,"",NO JUNCTION INVOLVED,"",ASPHALT,UNSAFE BACKING,BACKING CRASH,SOLDSTATEROAD37,""
414,INDIANA UNIV BLOOMINGTON PD,BLOOMINGTON,2022-05-05T00:00:00,8:48 PM,2,,0,0,0,"","","",STATE RD 45,E 10TH ST,"",739,"",39.17267203,-86.50293536,STATE ROAD,"",URBAN,N,N,N,"",DAWN/DUSK,RAIN,WET,"",FOUR-WAY INTERSECTION,"",ASPHALT,SPEED TOO FAST FOR WEATHER CONDITIONS,REAR END,STATERD45E10THST,""
415,BLOOMINGTON PD,BLOOMINGTON,2022-02-18T00:00:00,8:04 AM,2,,0,0,0,"","","",S. COLLEGE MALL RD,E. 2ND ST,"",0,"",39.1609319,-86.4977835,LOCAL/CITY ROAD,"",URBAN,N,N,N,"",DAYLIGHT,CLEAR,DRY,"",FOUR-WAY INTERSECTION,"",ASPHALT,FOLLOWING TOO CLOSELY,REAR END,S.COLLEGEMALLRDE.2NDST,""
416,BLOOMINGTON PD,BLOOMINGTON,2022-04-04T00:00:00,4:32 PM,3,,2,0,0,"","","",W COUNTRY CLUB DR,S BANTA AVE,"",950,"",39.13618346,-86.542759,LOCAL/CITY ROAD,"",URBAN,N,N,N,"",DAYLIGHT,CLEAR,DRY,"",NO JUNCTION INVOLVED,"",ASPHALT,FOLLOWING TOO CLOSELY,REAR END,WCOUNTRYCLUBDRSBANTAAVE,""
417,BLOOMINGTON PD,BLOOMINGTON,2022-03-23T00:00:00,12:53 PM,2,,0,0,0,"","","",W. ARLINGTON RD,W. GOURLEY PK,"",0,"",39.186471,-86.551125,LOCAL/CITY ROAD,"",URBAN,N,N,N,"",DAYLIGHT,CLOUDY,DRY,"",T-INTERSECTION,"",ASPHALT,OVERCORRECTING/OVERSTEERING,LEFT TURN,W.GOURLEYPKW.ARLINGTONRD,""
418,BLOOMINGTON PD,BLOOMINGTON,2022-05-16T00:00:00,3:35 PM,2,,0,0,0,"","","",N LINCOLN ST,E 17TH ST,"",0,"",39.17890571,-86.53096981,LOCAL/CITY ROAD,"",URBAN,N,N,N,"",DAYLIGHT,CLEAR,DRY,"",NO JUNCTION INVOLVED,"",ASPHALT,IMPROPER PASSING,SAME DIRECTION SIDESWIPE,NLINCOLNSTE17THST,""
419,BLOOMINGTON PD,BLOOMINGTON,2022-02-15T00:00:00,9:15 PM,2,,1,0,0,"","","",W 3RD ST,N GATES DR,"",0,"",39.164606,-86.57633964,LOCAL/CITY ROAD,"",URBAN,N,N,N,"",DARK (LIGHTED),CLEAR,DRY,"",FOUR-WAY INTERSECTION,"",ASPHALT,OTHER (VEHICLE) - EXPLAIN IN NARRATIVE,REAR END,W3RDSTNGATESDR,""
420,MONROE SD,BLOOMINGTON,2022-03-30T00:00:00,12:00 AM,1,,0,0,0,"","","",S DEER TRCE,E LAMPKINS RIDGE RD,"",1162,"",39.1512762,-86.42405695,LOCAL/CITY ROAD,"",RURAL,N,N,N,"",DAYLIGHT,CLEAR,DRY,"",NO JUNCTION INVOLVED,"",ASPHALT,OVERCORRECTING/OVERSTEERING,RAN OFF ROAD,SDEERTRCEELAMPKINSRIDGERD,""
421,BLOOMINGTON PD,BLOOMINGTON,2022-05-05T00:00:00,5:50 PM,2,,1,0,0,"","","",S PARK AVE,E UNIVERSITY ST,"",0,"",39.16036,-86.523999,LOCAL/CITY ROAD,"",URBAN,N,N,N,"",DAYLIGHT,RAIN,WET,"",FOUR-WAY INTERSECTION,"",ASPHALT,FAILURE TO YIELD RIGHT OF WAY,RIGHT ANGLE,SPARKAVEEUNIVERSITYST,""
422,BLOOMINGTON PD,BLOOMINGTON,2022-03-26T00:00:00,8:39 PM,2,,0,0,0,"","","",STATE RD 45,E 10TH ST,"",0,"",39.17213728,-86.50250924,STATE ROAD,"",URBAN,N,N,N,"",DAYLIGHT,CLEAR,DRY,"",FOUR-WAY INTERSECTION,"",ASPHALT,FOLLOWING TOO CLOSELY,REAR END,STATERD45E10THST,""
423,BLOOMINGTON PD,BLOOMINGTON,2022-05-21T00:00:00,1:20 PM,2,,0,0,0,"","","",S WILLIAMSBURG DR,LONGVIEW AVE,"",0,"",39.16626862,-86.49659843,PRIVATE DRIVE,"",URBAN,N,N,N,"",DAYLIGHT,CLOUDY,WET,"",NO JUNCTION INVOLVED,"",ASPHALT,IMPROPER TURNING,BACKING CRASH,SWILLIAMSBURGDRLONGVIEWAVE,""
424,BLOOMINGTON PD,BLOOMINGTON,2022-04-16T00:00:00,10:30 AM,1,,0,0,0,"","","",E SMITH AVE,S DUNN ST,"",0,"",39.16278884,-86.52795067,LOCAL/CITY ROAD,"",URBAN,N,N,N,"",DAYLIGHT,CLEAR,DRY,"",NO JUNCTION INVOLVED,"",ASPHALT,OTHER (DRIVER) - EXPLAIN IN NARRATIVE,OTHER - EXPLAIN IN NARRATIVE,SDUNNSTESMITHAVE,""
425,BLOOMINGTON PD,BLOOMINGTON,2022-03-29T00:00:00,8:26 PM,1,,0,0,1,"","","",S ROCKPORT RD,W TAPP RD,"",0,"",39.13600521,-86.54907912,LOCAL/CITY ROAD,"",URBAN,N,N,N,"",DARK (NOT LIGHTED),CLEAR,DRY,"",FOUR-WAY INTERSECTION,"",ASPHALT,ANIMAL/OBJECT IN ROADWAY,OTHER - EXPLAIN IN NARRATIVE,WTAPPRDSROCKPORTRD,""
426,ISP BLOOMINGTON 33,ELLETTSVILLE,2022-04-12T00:00:00,11:24 AM,1,,0,0,0,"","","",N STINESVILLE RD,HEDRICK RD,"",500,"",39.28249481,-86.66313403,COUNTY ROAD,"",RURAL,N,N,N,"",DAYLIGHT,CLEAR,MUDDY,"",INTERCHANGE,"",ASPHALT,"",RAN OFF ROAD,NSTINESVILLERDHEDRICKRD,""
427,BLOOMINGTON PD,BLOOMINGTON,2022-05-14T00:00:00,10:00 AM,2,,0,0,0,"","","",S WILLIAMSBURG DR,"","",0,"",39.16470651,-86.49614172,PRIVATE DRIVE,"",URBAN,N,N,N,"",DAYLIGHT,CLEAR,DRY,"",NO JUNCTION INVOLVED,"",ASPHALT,UNSAFE BACKING,BACKING CRASH,SWILLIAMSBURGDR,""
428,BLOOMINGTON PD,BLOOMINGTON,2022-05-25T00:00:00,6:11 PM,2,,0,0,0,"","","",STATE RD 46,E 3RD ST,"",898,"",39.16559349,-86.49915881,STATE ROAD,"",URBAN,N,N,Y,LANE CLOSURE,DAYLIGHT,RAIN,WET,"",NO JUNCTION INVOLVED,"",ASPHALT,BRAKE FAILURE OR DEFECTIVE,REAR END,STATERD46E3RDST,""
429,MONROE SD,BLOOMINGTON,2022-04-18T00:00:00,3:07 PM,2,,1,0,0,"","","",W STATE RD 45,W HINDS RD,"",0,"",39.08983937,-86.66634626,STATE ROAD,"",RURAL,N,N,N,"",DAYLIGHT,CLOUDY,DRY,"",FOUR-WAY INTERSECTION,"",ASPHALT,FAILURE TO YIELD RIGHT OF WAY,RIGHT ANGLE,WSTATERD45WHINDSRD,""
430,BLOOMINGTON PD,BLOOMINGTON,2022-05-03T00:00:00,8:11 AM,4,,0,0,0,3618,"","",W 3RD ST,"","",0,"",39.16618409,-86.58067651,PRIVATE DRIVE,"",URBAN,N,N,N,"",DARK (LIGHTED),CLEAR,DRY,"",NO JUNCTION INVOLVED,"",ASPHALT,UNSAFE LANE MOVEMENT,OTHER - EXPLAIN IN NARRATIVE,W3RDST,""
431,MONROE SD,BLOOMINGTON,2022-05-07T00:00:00,12:26 PM,2,,0,0,0,4025,"","",S OLD STATE ROAD 37,"","",0,"",39.12046203,-86.52988394,PRIVATE DRIVE,"",URBAN,N,N,N,"",DAYLIGHT,CLEAR,DRY,"",NO JUNCTION INVOLVED,"",ASPHALT,DRIVER ILLNESS,OTHER - EXPLAIN IN NARRATIVE,SOLDSTATEROAD37,""
432,MONROE SD,BLOOMINGTON,2022-05-14T00:00:00,8:20 PM,1,,1,0,0,"","","",E ROBINSON RD,HILLSAMER RD,"",350,"",39.25039786,-86.46627536,LOCAL/CITY ROAD,"",RURAL,N,N,N,"",DAWN/DUSK,CLEAR,WET,"",NO JUNCTION INVOLVED,"",ASPHALT,OVERCORRECTING/OVERSTEERING,RAN OFF ROAD,HILLSAMERRDEROBINSONRD,""
433,MONROE SD,"",2022-05-13T00:00:00,8:00 PM,2,,1,0,0,"","","",W SR 46,N STINESVILLE RD,"",1000,"",39.31659595,-86.86856764,STATE ROAD,"",RURAL,N,N,N,"",DAWN/DUSK,CLEAR,DRY,"",T-INTERSECTION,"",ASPHALT,FOLLOWING TOO CLOSELY,SAME DIRECTION SIDESWIPE,WSR46NSTINESVILLERD,""
434,BLOOMINGTON PD,BLOOMINGTON,2022-05-07T00:00:00,2:30 PM,2,,1,0,0,"","","",N MORTON ST,W 11TH ST,"",0,"",39.17326615,-86.53605679,LOCAL/CITY ROAD,"",URBAN,N,N,N,"",DAYLIGHT,CLEAR,DRY,"",FOUR-WAY INTERSECTION,"",ASPHALT,FAILURE TO YIELD RIGHT OF WAY,RIGHT ANGLE,W11THSTNMORTONST,""
435,BLOOMINGTON PD,BLOOMINGTON,2022-03-01T00:00:00,12:02 PM,2,,0,0,0,"","","",W 4TH ST,S WALNUT ST,"",0,"",39.16560362,-86.53423859,LOCAL/CITY ROAD,"",URBAN,N,N,N,"",DAYLIGHT,CLEAR,DRY,"",FOUR-WAY INTERSECTION,"",ASPHALT,FAILURE TO YIELD RIGHT OF WAY,RIGHT ANGLE,W4THSTSWALNUTST,""
436,MONROE SD,BLOOMINGTON,2022-05-27T00:00:00,2:47 PM,2,,0,0,0,"","","",W STATE RD 45,"","",0,"",39.14195943,-86.58089459,PRIVATE DRIVE,"",RURAL,N,N,N,"",DAYLIGHT,CLOUDY,DRY,"",NO JUNCTION INVOLVED,"",ASPHALT,FAILURE TO YIELD RIGHT OF WAY,BACKING CRASH,WSTATERD45,""
437,INDIANA UNIV BLOOMINGTON PD,BLOOMINGTON,2022-02-14T00:00:00,5:00 PM,2,,0,0,0,"","","",N JORDAN AVE,"","",0,"",39.18080606,-86.51105977,LOCAL/CITY ROAD,"",URBAN,N,N,N,"",UNKNOWN,CLEAR,DRY,"",NO JUNCTION INVOLVED,"",ASPHALT,IMPROPER LANE USAGE,SAME DIRECTION SIDESWIPE,NJORDANAVE,""
438,BLOOMINGTON PD,BLOOMINGTON,2022-02-12T00:00:00,10:52 PM,2,,0,0,0,848,"","",E MILLER DR,"","",0,"",39.14589502,-86.52281053,"","",URBAN,N,N,N,"",DARK (LIGHTED),CLEAR,WET,"",NO JUNCTION INVOLVED,"",ASPHALT,OVERCORRECTING/OVERSTEERING,BACKING CRASH,EMILLERDR,""
439,INDIANA UNIV BLOOMINGTON PD,BLOOMINGTON,2022-04-29T00:00:00,2:25 PM,2,,0,0,0,"","","",N FEE LN,E 13TH ST,"",0,"",39.17496346,-86.51853508,PRIVATE DRIVE,"",URBAN,N,N,N,"",DAYLIGHT,CLEAR,DRY,"",NO JUNCTION INVOLVED,"",ASPHALT,IMPROPER TURNING,SAME DIRECTION SIDESWIPE,NFEELNE13THST,""
440,BLOOMINGTON PD,BLOOMINGTON,2022-05-08T00:00:00,12:10 PM,2,,0,0,0,"","","",E 7TH ST,N DUNN ST,"",0,"",39.16854921,-86.52831263,"","",URBAN,N,N,N,"",DAYLIGHT,CLEAR,DRY,"",T-INTERSECTION,"",ASPHALT,FAILURE TO YIELD RIGHT OF WAY,RIGHT ANGLE,NDUNNSTE7THST,""
441,MONROE SD,BLOOMINGTON,2022-02-18T00:00:00,6:26 AM,1,,0,0,0,"","","",S LIBERTY DR,CONSTITUTION WAY,"",1500,"",39.151195,-86.576869,LOCAL/CITY ROAD,"",URBAN,N,N,N,"",DAWN/DUSK,CLEAR,ICE,"",NO JUNCTION INVOLVED,"",ASPHALT,ROADWAY SURFACE CONDITION,RAN OFF ROAD,SLIBERTYDRCONSTITUTIONWAY,""
442,BLOOMINGTON PD,BLOOMINGTON,2022-02-18T00:00:00,11:38 AM,2,,0,0,0,"","","",533 W GRANITE DR,"","",0,"",0,0,LOCAL/CITY ROAD,"",URBAN,N,N,N,"",DAYLIGHT,CLEAR,ICE,"",NO JUNCTION INVOLVED,"",ASPHALT,ROADWAY SURFACE CONDITION,REAR END,533WGRANITEDR,""
443,BLOOMINGTON PD,BLOOMINGTON,2022-05-07T00:00:00,12:37 PM,2,,1,0,0,"","","",E 3RD ST,S JEFFERSON ST,"",0,"",39.16429371,-86.50696473,LOCAL/CITY ROAD,"",URBAN,N,N,N,"",DAYLIGHT,CLEAR,DRY,"",T-INTERSECTION,"",ASPHALT,FOLLOWING TOO CLOSELY,REAR END,SJEFFERSONSTE3RDST,""
444,ISP BLOOMINGTON 33,BLOOMINGTON,2022-04-06T00:00:00,11:34 AM,2,,0,0,0,"","","",I69,"","",0,"",39.16809881,-86.57237009,INTERSTATE,"",URBAN,N,N,N,"",DAYLIGHT,RAIN,WET,"",NO JUNCTION INVOLVED,"",ASPHALT,UNSAFE LANE MOVEMENT,REAR END,I69118,""
445,BLOOMINGTON PD,BLOOMINGTON,2022-05-12T00:00:00,10:01 PM,2,,0,0,0,"","","",S WALNUT ST,E MILLER DR,"",581,"",39.14790096,-86.53296179,LOCAL/CITY ROAD,"",URBAN,N,N,N,"",DARK (NOT LIGHTED),CLEAR,DRY,"",NO JUNCTION INVOLVED,"",ASPHALT,UNSAFE LANE MOVEMENT,SAME DIRECTION SIDESWIPE,SWALNUTSTEMILLERDR,""
446,BLOOMINGTON PD,BLOOMINGTON,2022-05-18T00:00:00,4:49 PM,2,,0,0,0,"","","",S COLLEGE AVE,W 1ST ST,"",158,"",39.1596959,-86.53497613,LOCAL/CITY ROAD,"",URBAN,N,N,N,"",DAYLIGHT,RAIN,WET,"",NO JUNCTION INVOLVED,"",ASPHALT,IMPROPER TURNING,SAME DIRECTION SIDESWIPE,W1STSTSCOLLEGEAVE,""
447,BLOOMINGTON PD,BLOOMINGTON,2022-04-06T00:00:00,9:30 PM,2,,0,0,0,"","","",E HILLSIDE DR,S WOODLAWN AVE,"",0,"",39.15053571,-86.52261204,LOCAL/CITY ROAD,"",URBAN,N,N,N,"",UNKNOWN,RAIN,WET,"",FOUR-WAY INTERSECTION,"",ASPHALT,UNSAFE LANE MOVEMENT,RIGHT TURN,SWOODLAWNAVEEHILLSIDEDR,""
448,MONROE SD,BLOOMINGTON,2022-02-21T00:00:00,2:05 PM,2,,0,0,0,"","","",N RUSSELL RD,COMMODORE TRAIL,"",0,"",39.18692265,-86.48181056,COUNTY ROAD,"",RURAL,N,N,N,"",DAYLIGHT,CLEAR,DRY,"",T-INTERSECTION,"",ASPHALT,IMPROPER TURNING,OPPOSITE DIRECTION SIDESWIPE,NRUSSELLRDCOMMODORETRAIL,""
449,BLOOMINGTON PD,BLOOMINGTON,2022-05-27T00:00:00,3:53 PM,2,,0,0,0,"","","",SR 46,E 10TH ST,"",0,"",39.17140378,-86.50204957,STATE ROAD,"",URBAN,N,N,N,"",DAYLIGHT,CLOUDY,DRY,"",FOUR-WAY INTERSECTION,"",ASPHALT,FOLLOWING TOO CLOSELY,REAR END,SR46E10THST,""
450,MONROE SD,"",2022-04-26T00:00:00,4:56 PM,1,,0,0,0,"","","","","","",0,"",39.2154336,-86.53702378,COUNTY ROAD,"",URBAN,N,N,N,"",DAYLIGHT,CLEAR,DRY,"",FOUR-WAY INTERSECTION,"",ASPHALT,FAILURE TO YIELD RIGHT OF WAY,RIGHT ANGLE,"",""
451,MONROE SD,BLOOMINGTON,2022-02-26T00:00:00,3:51 PM,2,,0,0,0,"","","",E CREEKS EDGE DR,E GARDEN PATH,"",0,"",39.13146005,-86.4949935,LOCAL/CITY ROAD,"",RURAL,N,N,N,"",DAYLIGHT,CLEAR,DRY,"",NO JUNCTION INVOLVED,"",ASPHALT,UNSAFE BACKING,BACKING CRASH,EGARDENPATHECREEKSEDGEDR,""