_id,Agency,City,Collision Date,Collision Time,Vehicles Involved,Trailers Involved,Number Injured,Number Dead,Number Deer,House Number,Roadway Interchange,Roadway Ramp,Roadway Id,Intersecting Road,Interchange,Feet From,Direction,Latitude,Longitude,Roadway Class,Hit and Run?,Locality,School Zone?,Rumble Strips?,Construction?,Construction Type,Light Condition,Weather Conditions,Surface Condition,Type of Median,Roadway Junction Type,Road Character,Roadway Surface,Primary Factor,Manner of Collision,Unique Location Id,Traffic Control
452,INDIANA UNIV BLOOMINGTON PD,BLOOMINGTON,2022-04-29T00:00:00,11:55 AM,2,,0,0,0,"","","",E 3RD ST,S. FESS AVENUE,"",300,"",39.16427918,-86.52411408,LOCAL/CITY ROAD,"",URBAN,N,N,N,"",DAYLIGHT,CLOUDY,DRY,"",NO JUNCTION INVOLVED,"",ASPHALT,FOLLOWING TOO CLOSELY,REAR END,S.FESSAVENUEE3RDST,""
453,BLOOMINGTON PD,BLOOMINGTON,2022-04-12T00:00:00,8:54 PM,2,,1,0,0,"","","",S WASHINGTON ST,E 2ND ST,"",0,"",39.16098835,-86.53246301,LOCAL/CITY ROAD,"",URBAN,N,N,N,"",DARK (NOT LIGHTED),CLEAR,DRY,"",NO JUNCTION INVOLVED,"",ASPHALT,FAILURE TO YIELD RIGHT OF WAY,RIGHT TURN,SWASHINGTONSTE2NDST,""
454,BLOOMINGTON PD,BLOOMINGTON,2022-04-13T00:00:00,10:55 AM,2,,2,0,0,"","","",E. 7TH ST,N. DUNN ST,"",0,"",39.168516,-86.52827,LOCAL/CITY ROAD,"",URBAN,N,N,N,"",DAYLIGHT,RAIN,WET,"",FOUR-WAY INTERSECTION,"",ASPHALT,FAILURE TO YIELD RIGHT OF WAY,RIGHT ANGLE,N.DUNNSTE.7THST,""
455,BLOOMINGTON PD,BLOOMINGTON,2022-05-20T00:00:00,12:52 PM,2,,0,0,0,"","","",528 S. COLLEGE AVE,"","",0,"",0,0,PRIVATE DRIVE,"",URBAN,N,N,N,"",DAYLIGHT,CLEAR,DRY,"",NO JUNCTION INVOLVED,"",ASPHALT,UNSAFE BACKING,BACKING CRASH,528S.COLLEGEAVE,""
456,MONROE SD,BLOOMINGTON,2022-02-12T00:00:00,7:06 PM,1,,0,0,0,"","","",W 3RD ST,N OARD ROAD,"",400,"",39.16460061,-86.62096547,STATE ROAD,"",RURAL,N,N,N,"",DARK (NOT LIGHTED),SNOW,DRY,"",NO JUNCTION INVOLVED,"",ASPHALT,LEFT OF CENTER,RAN OFF ROAD,W3RDSTNOARDROAD,""
457,BLOOMINGTON PD,BLOOMINGTON,2022-03-26T00:00:00,11:40 PM,2,,0,0,0,"","","",N WALNUT ST,W STATE ROAD 46 BYPASS,"",0,"",39.18506399,-86.53454251,LOCAL/CITY ROAD,"",URBAN,N,N,N,"",DARK (LIGHTED),CLEAR,DRY,"",NO JUNCTION INVOLVED,"",ASPHALT,IMPROPER TURNING,RIGHT ANGLE,WSTATEROAD46BYPASSNWALNUTST,""
458,BLOOMINGTON PD,BLOOMINGTON,2022-05-12T00:00:00,9:15 AM,1,,0,0,0,"","","",W 11TH ST,N FAIRVIEW ST,"",0,"",39.1730971,-86.54086052,LOCAL/CITY ROAD,"",URBAN,N,N,N,"",DAYLIGHT,CLEAR,DRY,"",Y-INTERSECTION,"",ASPHALT,OTHER (ENVIRONMENTAL) - EXPLAIN IN NARR,OTHER - EXPLAIN IN NARRATIVE,W11THSTNFAIRVIEWST,""
459,ISP BLOOMINGTON 33,BLOOMINGTON,2022-03-24T00:00:00,9:45 AM,1,,1,0,0,"","","",W STATE RD 45,W AIRPORT RD,"",0,"",39.13636702,-86.59443842,STATE ROAD,"",RURAL,N,N,N,"",DAYLIGHT,CLOUDY,DRY,"",T-INTERSECTION,"",ASPHALT,FAILURE TO MAINTAIN LANE,"",WSTATERD45WAIRPORTRD,""
460,BLOOMINGTON PD,BLOOMINGTON,2022-04-22T00:00:00,12:10 PM,2,,0,0,0,"","","",E. 10TH ST,N.DUNN ST,"",0,"",39.171661,-86.528297,LOCAL/CITY ROAD,"",URBAN,N,N,N,"",DAYLIGHT,CLOUDY,DRY,"",FOUR-WAY INTERSECTION,"",ASPHALT,FAILURE TO YIELD RIGHT OF WAY,RIGHT ANGLE,N.DUNNSTE.10THST,""
461,MONROE SD,BLOOMINGTON,2022-05-12T00:00:00,3:10 PM,2,,0,0,0,"","","",45,W JOHN WILLIAMS LN,"",500,"",39.1000284,-86.65118259,STATE ROAD,"",RURAL,N,N,N,"",DAYLIGHT,CLEAR,DRY,"",NO JUNCTION INVOLVED,"",ASPHALT,LEFT OF CENTER,OPPOSITE DIRECTION SIDESWIPE,WJOHNWILLIAMSLN45,""
462,MONROE SD,BLOOMINGTON,2022-04-05T00:00:00,7:30 AM,2,,0,0,0,3367,"","",N THOMAS RD,"","",0,"",,,LOCAL/CITY ROAD,"",RURAL,N,N,N,"",DAYLIGHT,CLOUDY,DRY,"",NO JUNCTION INVOLVED,"",GRAVEL,UNSAFE BACKING,BACKING CRASH,NTHOMASRD,""
463,INDIANA UNIV BLOOMINGTON PD,BLOOMINGTON,2022-02-17T00:00:00,6:25 AM,2,,1,0,0,"","","",STATE RD 46,EASTGATE LN,"",264,"",39.17059732,-86.50156914,STATE ROAD,"",URBAN,N,N,N,"",DARK (NOT LIGHTED),RAIN,WET,"",NO JUNCTION INVOLVED,"",ASPHALT,UNSAFE LANE MOVEMENT,SAME DIRECTION SIDESWIPE,STATERD46EASTGATELN,""
464,INDIANA UNIV BLOOMINGTON PD,BLOOMINGTON,2022-03-06T00:00:00,11:10 AM,2,,0,0,0,"","","",E. 10TH ST,N. WOODLAWN AVE.,"",0,"",39.17163441,-86.523583,LOCAL/CITY ROAD,"",URBAN,N,N,N,"",DAYLIGHT,CLEAR,DRY,"",FOUR-WAY INTERSECTION,"",ASPHALT,FOLLOWING TOO CLOSELY,REAR END,N.WOODLAWNAVE.E.10THST,""
465,BLOOMINGTON PD,BLOOMINGTON,2022-05-02T00:00:00,4:13 PM,2,,1,0,0,"","","",N LINCOLN ST,E 7TH ST,"",0,"",39.16854366,-86.53105921,LOCAL/CITY ROAD,"",URBAN,N,N,N,"",DAYLIGHT,CLOUDY,DRY,"",FOUR-WAY INTERSECTION,"",ASPHALT,FAILURE TO YIELD RIGHT OF WAY,RIGHT ANGLE,NLINCOLNSTE7THST,""
466,INDIANA UNIV BLOOMINGTON PD,BLOOMINGTON,2022-05-13T00:00:00,1:05 PM,2,,0,0,0,"","","",E AUTO MALL RD,E COVENANTER DR,"",0,"",39.15541486,-86.49609543,LOCAL/CITY ROAD,"",URBAN,N,N,N,"",DAYLIGHT,CLEAR,DRY,"",NO JUNCTION INVOLVED,"",ASPHALT,UNSAFE BACKING,BACKING CRASH,ECOVENANTERDREAUTOMALLRD,""
467,BLOOMINGTON PD,BLOOMINGTON,2022-02-07T00:00:00,6:46 PM,1,,0,0,1,"","","",STATE RD 446,E MOORES PIKE,"",422,"",39.15109316,-86.47138542,STATE ROAD,"",URBAN,N,N,N,"",DARK (NOT LIGHTED),CLEAR,DRY,"",NO JUNCTION INVOLVED,"",ASPHALT,ANIMAL/OBJECT IN ROADWAY,COLLISION WITH DEER,STATERD446EMOORESPIKE,""
468,BLOOMINGTON PD,BLOOMINGTON,2022-04-08T00:00:00,8:11 AM,2,,0,0,0,"","","",S. PATTERSON DR,W. 2ND ST,"",0,"",39.160737,-86.548536,LOCAL/CITY ROAD,"",URBAN,N,N,N,"",DAYLIGHT,RAIN,WET,"",FOUR-WAY INTERSECTION,"",ASPHALT,FOLLOWING TOO CLOSELY,REAR END,W.2NDSTS.PATTERSONDR,""
469,INDIANA UNIV BLOOMINGTON PD,BLOOMINGTON,2022-04-06T00:00:00,2:30 PM,2,,0,0,0,"","","",S EAGLESON AVE.,E 3RD ST,"",0,"",39.1639818,-86.51641346,LOCAL/CITY ROAD,"",URBAN,N,N,N,"",DAYLIGHT,RAIN,WET,"",FOUR-WAY INTERSECTION,"",ASPHALT,FAILURE TO YIELD RIGHT OF WAY,RIGHT ANGLE,SEAGLESONAVE.E3RDST,""
470,BLOOMINGTON PD,BLOOMINGTON,2022-05-17T00:00:00,8:18 AM,1,,1,0,0,"","","",S CLARIZZ BLVD,E BRYN MAWR DR,"",0,"",39.15245569,-86.49006314,"","",URBAN,N,N,N,"",DAYLIGHT,CLEAR,DRY,"",T-INTERSECTION,"",ASPHALT,FAILURE TO YIELD RIGHT OF WAY,RIGHT ANGLE,SCLARIZZBLVDEBRYNMAWRDR,""
471,BLOOMINGTON PD,BLOOMINGTON,2022-03-07T00:00:00,7:00 PM,2,,0,0,0,"","","",S ROCKPORT RD,W COUNTRY CLUB DR,"",0,"",39.13636866,-86.54873002,LOCAL/CITY ROAD,"",URBAN,N,N,N,"",DARK (LIGHTED),CLOUDY,DRY,"",FOUR-WAY INTERSECTION,"",ASPHALT,LEFT OF CENTER,RIGHT TURN,WCOUNTRYCLUBDRSROCKPORTRD,""
472,BLOOMINGTON PD,BLOOMINGTON,2022-03-06T00:00:00,10:00 PM,2,,0,0,0,1425,"","",N DUNN ST EVOLVE APTS,"","",0,"",39.17897264,-86.53134226,PRIVATE DRIVE,"",URBAN,N,N,N,"",DARK (LIGHTED),CLOUDY,DRY,"",NO JUNCTION INVOLVED,"",ASPHALT,FAILURE TO YIELD RIGHT OF WAY,RIGHT ANGLE,NDUNNSTEVOLVEAPTS,""
473,MONROE SD,BLOOMINGTON,2022-03-14T00:00:00,8:50 AM,1,,0,0,0,"","","",STATE RD 46,"","",0,"",39.18729916,-86.56269164,STATE ROAD,"",RURAL,N,Y,N,"",DAYLIGHT,CLEAR,DRY,"",NO JUNCTION INVOLVED,"",ASPHALT,VIEW OBSTRUCTED,RAN OFF ROAD,STATERD46,""
474,MONROE SD,BLOOMINGTON,2022-04-12T00:00:00,7:02 AM,2,,0,0,0,"","","",STATE RD 45,N MARTIN DR,"",317,"",39.20423811,-86.46333522,STATE ROAD,"",RURAL,N,N,N,"",DAWN/DUSK,CLOUDY,WET,"",NO JUNCTION INVOLVED,"",ASPHALT,SPEED TOO FAST FOR WEATHER CONDITIONS,HEAD ON BETWEEN TWO MOTOR VEHICLES,STATERD45NMARTINDR,""
475,BLOOMINGTON PD,BLOOMINGTON,2022-05-25T00:00:00,4:30 PM,2,,0,0,0,219 E,"","",E 4TH ST,"","",0,"",39.1648884,-86.53158946,PRIVATE DRIVE,"",URBAN,N,N,N,"",UNKNOWN,CLEAR,DRY,"",NO JUNCTION INVOLVED,"",ASPHALT,FAILURE TO YIELD RIGHT OF WAY,OTHER - EXPLAIN IN NARRATIVE,E4THST,""
476,BLOOMINGTON PD,BLOOMINGTON,2022-02-08T00:00:00,4:15 PM,3,,0,0,0,"","","",W COUNTRY CLUB DR,S MILTON DR,"",898,"",39.13615908,-86.54139338,LOCAL/CITY ROAD,"",URBAN,N,N,N,"",DAYLIGHT,CLEAR,SNOW/SLUSH,"",NO JUNCTION INVOLVED,"",CONCRETE,FOLLOWING TOO CLOSELY,REAR END,WCOUNTRYCLUBDRSMILTONDR,""
477,BLOOMINGTON PD,BLOOMINGTON,2022-04-19T00:00:00,1:18 PM,2,,0,0,0,2200,"","",S WALNUT ST,S NORTH DR,"",0,"",39.14365247,-86.53366216,PRIVATE DRIVE,"",URBAN,N,N,N,"",DAYLIGHT,CLEAR,DRY,"",NO JUNCTION INVOLVED,"",ASPHALT,FAILURE TO YIELD RIGHT OF WAY,RIGHT ANGLE,SWALNUTSTSNORTHDR,""
478,BLOOMINGTON PD,BLOOMINGTON,2022-03-17T00:00:00,3:50 PM,1,,1,0,0,"","","",S COLLEGE MALL RD,"","",0,"",39.15766962,-86.49753698,PRIVATE DRIVE,"",URBAN,N,N,N,"",DAYLIGHT,CLEAR,DRY,"",NO JUNCTION INVOLVED,"",ASPHALT,UNSAFE BACKING,BACKING CRASH,SCOLLEGEMALLRD,""
479,BLOOMINGTON PD,BLOOMINGTON,2022-04-07T00:00:00,5:13 PM,2,,0,0,0,"","","",S LIBERTY DR,W 3RD ST,"",0,"",39.16405458,-86.5791101,LOCAL/CITY ROAD,"",URBAN,N,N,N,"",DAYLIGHT,CLOUDY,DRY,"",NO JUNCTION INVOLVED,"",ASPHALT,FOLLOWING TOO CLOSELY,REAR END,W3RDSTSLIBERTYDR,""
480,ISP BLOOMINGTON 33,BLOOMINGTON,2022-05-20T00:00:00,12:06 PM,1,,1,0,0,"","","",S SARE ROAD,EAST OLSON DRIVE,"",0,"",39.13217337,-86.4999852,LOCAL/CITY ROAD,"",URBAN,N,N,N,"",DAYLIGHT,CLEAR,DRY,"",FOUR-WAY INTERSECTION,"",ASPHALT,OTHER (DRIVER) - EXPLAIN IN NARRATIVE,OTHER - EXPLAIN IN NARRATIVE,SSAREROADEASTOLSONDRIVE,""
481,BLOOMINGTON PD,BLOOMINGTON,2022-03-19T00:00:00,8:12 PM,2,,0,0,0,1412,"","",W 11TH ST,"","",0,"",39.17324706,-86.55316492,PRIVATE DRIVE,"",URBAN,N,N,N,"",DAYLIGHT,RAIN,WET,"",NO JUNCTION INVOLVED,"",ASPHALT,UNSAFE BACKING,BACKING CRASH,W11THST,""
482,MONROE SD,BLOOMINGTON,2022-04-18T00:00:00,8:56 AM,2,,0,0,0,"","","",W ARLINGTON RD,N SHELBURNE DR,"",0,"",39.20775192,-86.57380947,COUNTY ROAD,"",RURAL,N,N,N,"",DAYLIGHT,CLOUDY,WET,"",T-INTERSECTION,"",ASPHALT,FOLLOWING TOO CLOSELY,REAR END,WARLINGTONRDNSHELBURNEDR,""
483,ISP BLOOMINGTON 33,BLOOMINGTON,2022-03-15T00:00:00,7:05 AM,2,,2,0,0,"","","",W 3RD ST,W 3RD ST,"",0,"",39.16313288,-86.6291451,STATE ROAD,"",RURAL,N,N,N,"",DARK (NOT LIGHTED),CLEAR,DRY,"",T-INTERSECTION,"",ASPHALT,LEFT OF CENTER,OPPOSITE DIRECTION SIDESWIPE,W3RDSTW3RDST,""
484,BLOOMINGTON PD,BLOOMINGTON,2022-04-12T00:00:00,4:29 PM,2,,0,0,0,"","","",STATE RD 446,E BILL MALLORY BLVD,"",0,"",39.15927405,-86.47158569,LOCAL/CITY ROAD,"",URBAN,N,N,N,"",DAYLIGHT,CLOUDY,DRY,"",T-INTERSECTION,"",ASPHALT,FOLLOWING TOO CLOSELY,REAR END,STATERD446EBILLMALLORYBLVD,""
485,BLOOMINGTON PD,BLOOMINGTON,2022-02-15T00:00:00,11:23 AM,2,,0,0,0,"","","",120 N. GATES DR,"","",0,"",0,0,LOCAL/CITY ROAD,"",URBAN,N,N,N,"",DAYLIGHT,CLEAR,DRY,"",NO JUNCTION INVOLVED,"",ASPHALT,UNSAFE BACKING,BACKING CRASH,120N.GATESDR,""
486,BLOOMINGTON PD,BLOOMINGTON,2022-03-31T00:00:00,8:02 PM,2,,0,0,0,"","","",W MARBLE LN,"","",0,"",39.17981582,-86.54076812,LOCAL/CITY ROAD,"",URBAN,N,N,N,"",UNKNOWN,CLEAR,DRY,"",NO JUNCTION INVOLVED,"",ASPHALT,OTHER (DRIVER) - EXPLAIN IN NARRATIVE,OTHER - EXPLAIN IN NARRATIVE,WMARBLELN,""
487,BLOOMINGTON PD,BLOOMINGTON,2022-04-12T00:00:00,9:00 AM,2,,0,0,0,"","","",S COLLEGE MALL RD,E 2ND ST,"",0,"",39.16286087,-86.49861164,LOCAL/CITY ROAD,"",URBAN,N,N,N,"",DAYLIGHT,CLOUDY,WET,"",FOUR-WAY INTERSECTION,"",ASPHALT,FOLLOWING TOO CLOSELY,REAR END,SCOLLEGEMALLRDE2NDST,""
488,MONROE SD,BLOOMINGTON,2022-04-06T00:00:00,7:11 AM,2,,0,0,0,2000,"","",S LIBERTY DR,"","",0,"",39.14845907,-86.57749168,PRIVATE DRIVE,"",URBAN,N,N,N,"",DAWN/DUSK,RAIN,WET,"",NO JUNCTION INVOLVED,"",ASPHALT,DRIVER DISTRACTED - EXPLAIN IN NARRATIVE,REAR END,SLIBERTYDR,""
489,BLOOMINGTON PD,BLOOMINGTON,2022-03-09T00:00:00,8:22 PM,2,,0,0,0,"","","",S SMITH RD,E COBBLE CREEK DR,"",0,"",39.15281476,-86.48054562,LOCAL/CITY ROAD,"",URBAN,N,N,N,"",DARK (LIGHTED),CLEAR,DRY,"",T-INTERSECTION,"",ASPHALT,IMPROPER TURNING,LEFT TURN,SSMITHRDECOBBLECREEKDR,""
490,BLOOMINGTON PD,BLOOMINGTON,2022-05-04T00:00:00,4:48 PM,2,,0,0,0,"","","",W 3RD ST,S WESTPLEX AVE,"",0,"",39.1643998,-86.55389376,LOCAL/CITY ROAD,"",URBAN,N,N,N,"",DAYLIGHT,CLOUDY,DRY,"",FOUR-WAY INTERSECTION,"",ASPHALT,FAILURE TO YIELD RIGHT OF WAY,RIGHT ANGLE,W3RDSTSWESTPLEXAVE,""
491,BLOOMINGTON PD,BLOOMINGTON,2022-02-01T00:00:00,4:15 PM,2,,0,0,0,"","","",PINEHURST DR,W TAPP RD,"",0,"",39.13653565,-86.54992957,LOCAL/CITY ROAD,"",URBAN,N,N,N,"",DAYLIGHT,CLEAR,DRY,"",T-INTERSECTION,"",ASPHALT,FOLLOWING TOO CLOSELY,REAR END,WTAPPRDPINEHURSTDR,""
492,MONROE SD,BLOOMINGTON,2022-01-28T00:00:00,2:34 PM,1,,0,0,0,"","","",S SOCIETY LN,E SMITHVILLE RD,"",0,"",39.07102136,-86.51792338,LOCAL/CITY ROAD,"",RURAL,N,N,N,"",DAYLIGHT,SNOW,SNOW/SLUSH,"",T-INTERSECTION,"",ASPHALT,SPEED TOO FAST FOR WEATHER CONDITIONS,RAN OFF ROAD,SSOCIETYLNESMITHVILLERD,""
493,BLOOMINGTON PD,BLOOMINGTON,2022-01-21T00:00:00,3:18 AM,2,,0,0,0,"","","",S ROGERS ST,W 4TH ST,"",0,"",39.16558656,-86.53869815,LOCAL/CITY ROAD,"",URBAN,N,N,N,"",DAYLIGHT,CLEAR,DRY,"",FOUR-WAY INTERSECTION,"",ASPHALT,FAILURE TO YIELD RIGHT OF WAY,RIGHT ANGLE,W4THSTSROGERSST,""
494,BLOOMINGTON PD,BLOOMINGTON,2022-04-12T00:00:00,1:00 AM,2,,0,0,0,504,"","",S BASSWOOD DR APT B,"","",0,"",39.16166636,-86.56968697,LOCAL/CITY ROAD,"",URBAN,N,N,N,"",DARK (LIGHTED),CLEAR,DRY,"",NO JUNCTION INVOLVED,"",ASPHALT,FAILURE TO YIELD RIGHT OF WAY,OTHER - EXPLAIN IN NARRATIVE,SBASSWOODDRAPTB,""
495,INDIANA UNIV BLOOMINGTON PD,BLOOMINGTON,2022-04-09T00:00:00,11:30 AM,2,,0,0,0,"","","",S ROSE AVE,E JONES AVE,"",0,"",39.16479701,-86.51134676,PRIVATE DRIVE,"",URBAN,N,N,N,"",DAYLIGHT,CLOUDY,WET,"",NO JUNCTION INVOLVED,"",ASPHALT,UNSAFE BACKING,BACKING CRASH,SROSEAVEEJONESAVE,""
496,BLOOMINGTON PD,BLOOMINGTON,2022-02-14T00:00:00,7:14 PM,1,,0,0,0,"","","",2200 S. WALNUT ST.,"","",0,"",39.14031716,-86.53126627,LOCAL/CITY ROAD,"",URBAN,N,N,N,"",DARK (LIGHTED),CLOUDY,DRY,"",NO JUNCTION INVOLVED,"",ASPHALT,DRIVER DISTRACTED - EXPLAIN IN NARRATIVE,COLLISION WITH OBJECT IN ROAD,2200S.WALNUTST.,""
497,BLOOMINGTON PD,BLOOMINGTON,2022-02-27T00:00:00,3:40 PM,2,,0,0,0,"","","",W 10TH ST,N WALNUT ST,"",0,"",39.1716542,-86.53358945,LOCAL/CITY ROAD,"",URBAN,N,N,N,"",DAYLIGHT,CLEAR,DRY,"",FOUR-WAY INTERSECTION,"",ASPHALT,FAILURE TO YIELD RIGHT OF WAY,SAME DIRECTION SIDESWIPE,W10THSTNWALNUTST,""
498,BLOOMINGTON PD,BLOOMINGTON,2022-02-28T00:00:00,10:34 AM,2,,0,0,0,"","","",1615 S BUFFSTONE CT,E THORNTON DR,"",500,"",39.1485,-86.5139933,LOCAL/CITY ROAD,"",URBAN,N,N,N,"",DAYLIGHT,CLEAR,DRY,"",NO JUNCTION INVOLVED,"",ASPHALT,OTHER (DRIVER) - EXPLAIN IN NARRATIVE,BACKING CRASH,ETHORNTONDR1615SBUFFSTONECT,""
499,BLOOMINGTON PD,BLOOMINGTON,2022-04-23T00:00:00,11:20 AM,2,,0,0,0,"","","",S PETE ELLIS DR,E 3RD ST,"",0,"",39.16432077,-86.49498886,STATE ROAD,"",URBAN,N,N,N,"",DAYLIGHT,CLEAR,DRY,"",T-INTERSECTION,"",ASPHALT,FAILURE TO YIELD RIGHT OF WAY,HEAD ON BETWEEN TWO MOTOR VEHICLES,SPETEELLISDRE3RDST,""
500,MONROE SD,BLOOMINGTON,2022-04-18T00:00:00,8:37 AM,2,,0,0,0,"","","",W 7TH ST,N ROGERS ST,"",0,"",39.16860466,-86.53861947,COUNTY ROAD,"",URBAN,N,N,N,"",DAWN/DUSK,CLEAR,DRY,"",FOUR-WAY INTERSECTION,"",ASPHALT,FAILURE TO YIELD RIGHT OF WAY,OPPOSITE DIRECTION SIDESWIPE,W7THSTNROGERSST,""
501,BLOOMINGTON PD,BLOOMINGTON,2022-04-20T00:00:00,4:09 PM,2,,0,0,0,"","","",STATE RD 46,N KINSER PIKE,"",200,"",39.18669956,-86.5390196,LOCAL/CITY ROAD,"",URBAN,N,N,N,"",DAYLIGHT,CLEAR,DRY,"",NO JUNCTION INVOLVED,"",ASPHALT,FAILURE TO YIELD RIGHT OF WAY,REAR END,STATERD46NKINSERPIKE,""
502,MONROE SD,BLOOMINGTON,2022-04-14T00:00:00,5:00 AM,0,,0,0,0,"","","",N UNION VALLEY RD,W MCNEELEY ST,"",0,"",39.23748732,-86.59271962,"","",URBAN,N,N,N,"",DARK (NOT LIGHTED),RAIN,WET,"",T-INTERSECTION,"",ASPHALT,IMPROPER TURNING,RAN OFF ROAD,WMCNEELEYSTNUNIONVALLEYRD,""
503,ISP BLOOMINGTON 33,BLOOMINGTON,2022-04-21T00:00:00,9:30 AM,2,,0,0,0,"","","",STATE RD 37,"","",0,"",39.0885841,-86.54506474,STATE ROAD,"",RURAL,N,N,N,"",DAYLIGHT,RAIN,WET,"",T-INTERSECTION,"",ASPHALT,FAILURE TO MAINTAIN LANE,SAME DIRECTION SIDESWIPE,STATERD37,""
504,BLOOMINGTON PD,BLOOMINGTON,2022-03-09T00:00:00,9:30 PM,2,,1,0,0,"","","",S WALNUT ST,W GRIMES LN,"",0,"",39.15332289,-86.53374857,LOCAL/CITY ROAD,"",URBAN,N,N,N,"",DARK (LIGHTED),CLEAR,DRY,"",FOUR-WAY INTERSECTION,"",ASPHALT,FAILURE TO YIELD RIGHT OF WAY,RIGHT ANGLE,WGRIMESLNSWALNUTST,""
505,MONROE SD,BLOOMINGTON,2022-01-11T00:00:00,3:19 PM,2,0,0,0,0,"","","",SR46W,W ARLINGTON,"",,"",39.207648,-86.573792,STATE ROAD,N,RURAL,N,N,B,"",DAYLIGHT,CLEAR,DRY,"",NO JUNCTION INVOLVED,STRAIGHT/LEVEL,ASPHALT,FOLLOWING TOO CLOSELY,REAR END,SR46WWARLINGTONRD,TRAFFIC CONTROL SIGNAL
506,MONROE SD,BLOOMINGTON,2022-01-10T00:00:00,3:15 PM,2,0,0,0,0,"","","",WEST 11TH,NORTH MAPLE,"",,"",39.173408,-86.542,LOCAL/CITY ROAD,N,URBAN,N,N,N,"",DAYLIGHT,CLEAR,DRY,"",FOUR-WAY INTERSECTION,STRAIGHT/GRADE,ASPHALT,FAILURE TO YIELD RIGHT OF WAY,RIGHT ANGLE,NORTHMAPLESTWEST11THST,STOP SIGN
507,ELLETTSVILLE PD,ELLETTSVILLE,2022-01-18T00:00:00,8:03 AM,1,0,0,0,0,303,"","",W RITTER,"","",,"",39.23068408,-86.62537665,LOCAL/CITY ROAD,N,URBAN,N,N,N,"",DAYLIGHT,CLEAR,DRY,"",NO JUNCTION INVOLVED,STRAIGHT/GRADE,GRAVEL,OTHER (VEHICLE) - EXPLAIN IN NARRATIVE,OTHER - EXPLAIN IN NARRATIVE,WRITTERST,NONE
508,MONROE SD,BLOOMINGTON,2022-01-13T00:00:00,8:00 AM,2,0,0,0,0,"","","",S ROGERS,GREEN,"",,"",39.13108,-86.538546,OTHER,N,URBAN,N,N,N,"",DAYLIGHT,CLEAR,DRY,"",NO JUNCTION INVOLVED,STRAIGHT/HILLCREST,ASPHALT,LEFT OF CENTER,OPPOSITE DIRECTION SIDESWIPE,GREENRDSROGERSST,NONE
509,ELLETTSVILLE PD,ELLETTSVILLE,2022-03-31T00:00:00,7:49 AM,2,0,0,0,0,"","","",SR46W,DEER PARK,"",175,W,39.21223257,-86.58777047,STATE ROAD,N,URBAN,N,N,N,"",DAYLIGHT,CLEAR,DRY,"",NO JUNCTION INVOLVED,STRAIGHT/LEVEL,ASPHALT,FOLLOWING TOO CLOSELY,REAR END,DEERPARKDRSR46W,TRAFFIC CONTROL SIGNAL
510,ELLETTSVILLE PD,ELLETTSVILLE,2022-03-21T00:00:00,1:30 PM,2,0,0,0,0,"","","",SR46W,FOREST PARK,"",,"",39.212048,-86.5872,STATE ROAD,N,RURAL,N,N,N,"",DAYLIGHT,CLEAR,DRY,"",NO JUNCTION INVOLVED,STRAIGHT/LEVEL,ASPHALT,FAILURE TO YIELD RIGHT OF WAY,LEFT TURN,FORESTPARKDRSR46W,LANE CONTROL
511,ELLETTSVILLE PD,ELLETTSVILLE,2022-01-27T00:00:00,10:43 AM,2,0,0,0,0,"","","",SR46W,2ND,"",,"",39.232064,-86.622176,STATE ROAD,Y,"",N,N,N,"",DAYLIGHT,CLOUDY,DRY,"",NO JUNCTION INVOLVED,STRAIGHT/GRADE,ASPHALT,FAILURE TO YIELD RIGHT OF WAY,SAME DIRECTION SIDESWIPE,2NDSTSR46W,NONE
512,ELLETTSVILLE PD,ELLETTSVILLE,2022-03-02T00:00:00,7:48 PM,2,0,0,0,0,4645,"","",RICHLAND PLAZA,"","",,"",39.21757551,-86.59434237,OTHER,Y,"",N,N,N,"",DARK (LIGHTED),CLEAR,DRY,"",NO JUNCTION INVOLVED,STRAIGHT/LEVEL,ASPHALT,OVERCORRECTING/OVERSTEERING,SAME DIRECTION SIDESWIPE,RICHLANDPLAZADR,NONE
513,ELLETTSVILLE PD,ELLETTSVILLE,2022-04-02T00:00:00,1:53 PM,2,0,1,0,0,"","","",SR46W,SALE,"",,"",39.23384,-86.624704,STATE ROAD,N,URBAN,Y,N,N,"",DAYLIGHT,CLEAR,DRY,"",NO JUNCTION INVOLVED,STRAIGHT/LEVEL,ASPHALT,DISREGARD SIGNAL/REG SIGN,RIGHT ANGLE,SALESTSR46W,TRAFFIC CONTROL SIGNAL
514,ELLETTSVILLE PD,ELLETTSVILLE,2022-05-05T00:00:00,6:17 PM,1,0,0,0,0,"","","",UNION VALLEY,LYNWEST,"",,"",39.21584,-86.5928,COUNTY ROAD,N,URBAN,N,N,N,"",DAYLIGHT,RAIN,WET,"",T-INTERSECTION,STRAIGHT/LEVEL,ASPHALT,OTHER (ENVIRONMENTAL) - EXPLAIN IN NARR,RAN OFF ROAD,LYNWESTDRUNIONVALLEYRD,NONE
515,ELLETTSVILLE PD,ELLETTSVILLE,2022-02-08T00:00:00,3:29 AM,3,0,0,0,0,"","","",SR46W,GRANT,"",100,W,39.24584897,-86.63834366,STATE ROAD,N,URBAN,N,N,N,"",DAYLIGHT,CLEAR,DRY,"",NO JUNCTION INVOLVED,STRAIGHT/HILLCREST,ASPHALT,FOLLOWING TOO CLOSELY,REAR END,GRANTSTSR46W,LANE CONTROL