_id,Agency,City,Collision Date,Collision Time,Vehicles Involved,Trailers Involved,Number Injured,Number Dead,Number Deer,House Number,Roadway Interchange,Roadway Ramp,Roadway Id,Intersecting Road,Interchange,Feet From,Direction,Latitude,Longitude,Roadway Class,Hit and Run?,Locality,School Zone?,Rumble Strips?,Construction?,Construction Type,Light Condition,Weather Conditions,Surface Condition,Type of Median,Roadway Junction Type,Road Character,Roadway Surface,Primary Factor,Manner of Collision,Unique Location Id,Traffic Control
516,BLOOMINGTON PD,BLOOMINGTON,2022-01-07T00:00:00,12:40 PM,2,,0,0,0,"","","",S OLD STATE ROAD 37,E RIDGEVIEW DR,"",0,"",39.13193403,-86.53138215,LOCAL/CITY ROAD,"",URBAN,N,N,N,"",DAYLIGHT,CLEAR,DRY,"",NO JUNCTION INVOLVED,"",ASPHALT,FAILURE TO YIELD RIGHT OF WAY,SAME DIRECTION SIDESWIPE,SOLDSTATEROAD37ERIDGEVIEWDR,""
517,BLOOMINGTON PD,BLOOMINGTON,2022-01-14T00:00:00,5:08 PM,2,,0,0,0,601,"","",N WALNUT ST,"","",0,"",39.17216805,-86.53418442,LOCAL/CITY ROAD,"",URBAN,N,N,N,"",DAYLIGHT,CLEAR,DRY,"",FOUR-WAY INTERSECTION,"",ASPHALT,OTHER (DRIVER) - EXPLAIN IN NARRATIVE,RIGHT ANGLE,NWALNUTST,""
518,BLOOMINGTON PD,BLOOMINGTON,2022-01-17T00:00:00,2:37 AM,2,,0,0,0,"","","",S FESS AVE,E 1ST ST,"",0,"",39.15880021,-86.52596212,LOCAL/CITY ROAD,"",URBAN,N,N,N,"",DAYLIGHT,CLOUDY,WET,"",NO JUNCTION INVOLVED,"",ASPHALT,UNSAFE BACKING,BACKING CRASH,SFESSAVEE1STST,""
519,BLOOMINGTON PD,BLOOMINGTON,2022-01-24T00:00:00,4:27 AM,2,,0,0,0,"","","",N DUNN ST,E KIRKWOOD AVE,"",0,"",39.16656118,-86.52826256,LOCAL/CITY ROAD,"",URBAN,N,N,N,"",DAYLIGHT,CLOUDY,WET,"",FOUR-WAY INTERSECTION,"",ASPHALT,FAILURE TO YIELD RIGHT OF WAY,RIGHT ANGLE,NDUNNSTEKIRKWOODAVE,""
520,MONROE SD,BLOOMINGTON,2022-01-21T00:00:00,2:50 PM,2,,0,0,0,"","","",W TAPP RD,HICKORY HEIGHTS TRLR PARK,"",0,"",39.13678124,-86.57491512,COUNTY ROAD,"",RURAL,N,N,N,"",DAYLIGHT,CLEAR,DRY,"",FOUR-WAY INTERSECTION,"",ASPHALT,FAILURE TO YIELD RIGHT OF WAY,SAME DIRECTION SIDESWIPE,WTAPPRDHICKORYHEIGHTSTRLRPARK,""
521,INDIANA UNIV BLOOMINGTON PD,BLOOMINGTON,2022-01-05T00:00:00,4:55 PM,2,,0,0,0,744,"","",E 3RD ST,"","",0,"",39.1634806,-86.52422271,"","",URBAN,N,N,N,"",DAYLIGHT,CLEAR,DRY,"",NO JUNCTION INVOLVED,"",ASPHALT,UNSAFE BACKING,BACKING CRASH,E3RDST,""
522,BLOOMINGTON PD,BLOOMINGTON,2022-01-21T00:00:00,8:20 AM,2,,0,0,0,"","","",130 W. GRIMES LN,"","",0,"",0,0,LOCAL/CITY ROAD,"",URBAN,N,N,N,"",DAYLIGHT,CLEAR,DRY,"",NO JUNCTION INVOLVED,"",CONCRETE,UNSAFE BACKING,BACKING CRASH,130W.GRIMESLN,""
523,MONROE SD,BLOOMINGTON,2022-01-18T00:00:00,1:32 AM,1,,0,0,1,"","","",W VERNAL PIKE,ENTERPRISE DR,"",0,"",39.17923885,-86.56606885,LOCAL/CITY ROAD,"",RURAL,N,N,N,"",DARK (NOT LIGHTED),CLEAR,DRY,"",FOUR-WAY INTERSECTION,"",ASPHALT,ANIMAL/OBJECT IN ROADWAY,COLLISION WITH DEER,WVERNALPIKEENTERPRISEDR,""
524,INDIANA UNIV BLOOMINGTON PD,BLOOMINGTON,2022-01-21T00:00:00,3:55 PM,2,,0,0,0,"","","",S HIGHLAND AVE,E 3RD ST,"",0,"",39.16422511,-86.51770896,LOCAL/CITY ROAD,"",RURAL,N,N,N,"",DAYLIGHT,CLEAR,DRY,"",T-INTERSECTION,"",ASPHALT,IMPROPER TURNING,LEFT TURN,SHIGHLANDAVEE3RDST,""
525,MONROE SD,BLOOMINGTON,2022-01-17T00:00:00,7:44 PM,2,,0,0,0,752,"","",E HOLLAND DRIVE,"","",0,"",39.117708,-86.525007,LOCAL/CITY ROAD,"",URBAN,N,N,N,"",DARK (NOT LIGHTED),CLEAR,SNOW/SLUSH,"",NO JUNCTION INVOLVED,"",ASPHALT,OTHER (DRIVER) - EXPLAIN IN NARRATIVE,LEFT/RIGHT TURN,EHOLLANDDRIVE,""
526,BLOOMINGTON PD,BLOOMINGTON,2022-01-22T00:00:00,1:43 PM,2,,0,0,0,"","","",N SR46,E. 7TH ST,"",0,"",39.1685175,-86.52902999,STATE ROAD,"",URBAN,N,N,N,"",DAYLIGHT,CLOUDY,DRY,"",T-INTERSECTION,"",ASPHALT,FAILURE TO YIELD RIGHT OF WAY,RIGHT ANGLE,NSR46E.7THST,""
527,INDIANA UNIV BLOOMINGTON PD,BLOOMINGTON,2022-01-18T00:00:00,7:50 PM,2,,0,0,0,"","","",N FEE LN,E UNIVERSITY RD,"",158,"",39.17667366,-86.5188945,LOCAL/CITY ROAD,"",URBAN,N,N,N,"",DARK (LIGHTED),CLEAR,DRY,"",T-INTERSECTION,"",ASPHALT,FAILURE TO YIELD RIGHT OF WAY,RIGHT ANGLE,NFEELNEUNIVERSITYRD,""
528,ISP BLOOMINGTON 33,BLOOMINGTON,2022-01-07T00:00:00,6:35 AM,2,,0,0,0,"","","",SR48,S CURRY PIKE,"",0,"",39.16463937,-86.58296282,STATE ROAD,"",URBAN,N,N,N,"",DARK (LIGHTED),CLEAR,DRY,"",FOUR-WAY INTERSECTION,"",ASPHALT,OTHER (DRIVER) - EXPLAIN IN NARRATIVE,RIGHT ANGLE,SR48SCURRYPIKE,""
529,BLOOMINGTON PD,BLOOMINGTON,2022-01-19T00:00:00,10:59 AM,2,,1,0,0,"","","",W. 17TH ST,N. COLLEGE AVE,"",0,"",39.179002,-86.534699,LOCAL/CITY ROAD,"",URBAN,N,N,N,"",DAYLIGHT,CLOUDY,DRY,"",FOUR-WAY INTERSECTION,"",ASPHALT,DISREGARD SIGNAL/REG SIGN,RIGHT ANGLE,W.17THSTN.COLLEGEAVE,""
530,MONROE SD,"",2022-01-12T00:00:00,11:48 AM,2,,1,0,0,"","","",W STATE RD 45,STATE RD 45,"",106,"",39.14120759,-86.58432624,STATE ROAD,"",URBAN,N,N,N,"",DAYLIGHT,CLEAR,DRY,"",NO JUNCTION INVOLVED,"",ASPHALT,FOLLOWING TOO CLOSELY,REAR END,WSTATERD45STATERD45,""
531,BLOOMINGTON PD,BLOOMINGTON,2022-01-10T00:00:00,9:24 AM,2,,2,0,0,"","","",N WALNUT ST,W 14TH ST,"",0,"",0,0,LOCAL/CITY ROAD,"",URBAN,N,N,N,"",DAYLIGHT,CLOUDY,DRY,"",FOUR-WAY INTERSECTION,"",ASPHALT,IMPROPER TURNING,LEFT TURN,W14THSTNWALNUTST,""
532,BLOOMINGTON PD,BLOOMINGTON,2022-01-16T00:00:00,2:27 PM,2,,4,0,0,"","","",N KINSER PIKE,STATE RD 46,"",0,"",39.18649849,-86.53773791,LOCAL/CITY ROAD,"",URBAN,N,N,N,"",DAYLIGHT,CLEAR,DRY,"",FOUR-WAY INTERSECTION,"",CONCRETE,FAILURE TO YIELD RIGHT OF WAY,LEFT TURN,STATERD46NKINSERPIKE,""
533,BLOOMINGTON PD,BLOOMINGTON,2022-01-09T00:00:00,9:00 PM,2,,0,0,0,140 N,"","",GATES DRIVE,"","",0,"",39.16683792,-86.57463286,LOCAL/CITY ROAD,"",URBAN,N,N,N,"",UNKNOWN,CLEAR,DRY,"",NO JUNCTION INVOLVED,"",ASPHALT,UNSAFE BACKING,BACKING CRASH,GATESDRIVE,""
534,BLOOMINGTON PD,BLOOMINGTON,2022-01-09T00:00:00,1:00 AM,1,,0,0,0,"","","",W ARLINGTON RD,W 17TH ST,"",0,"",39.17932523,-86.54718592,LOCAL/CITY ROAD,"",URBAN,N,N,N,"",DARK (LIGHTED),RAIN,WET,"",TRAFFIC CIRCLE/ROUNDABOUT,"",ASPHALT,OTHER (DRIVER) - EXPLAIN IN NARRATIVE,NON-COLLISION,WARLINGTONRDW17THST,""
535,BLOOMINGTON PD,BLOOMINGTON,2022-01-07T00:00:00,7:55 AM,2,,0,0,0,"","","",W17TH ST,N. MADISON ST,"",0,"",39.178997,-86.53773,LOCAL/CITY ROAD,"",URBAN,N,N,N,"",DAYLIGHT,CLEAR,DRY,"",FOUR-WAY INTERSECTION,"",ASPHALT,FOLLOWING TOO CLOSELY,REAR END,W17THSTN.MADISONST,""
536,INDIANA UNIV BLOOMINGTON PD,BLOOMINGTON,2022-03-04T00:00:00,3:00 PM,1,,0,0,0,541,"","",N. WOODLAWN AVENUE,"","",0,"",39.17074234,-86.52456469,PRIVATE DRIVE,"",URBAN,N,N,N,"",DAYLIGHT,CLOUDY,DRY,"",NO JUNCTION INVOLVED,"",CONCRETE,UNSAFE BACKING,BACKING CRASH,N.WOODLAWNAVENUE,""
537,ISP BLOOMINGTON 33,BLOOMINGTON,2022-01-24T00:00:00,6:50 PM,1,,0,0,1,"","","",I-69,"","",0,"",39.09449749,-86.56556172,INTERSTATE,"",RURAL,N,N,N,"",DARK (NOT LIGHTED),CLEAR,WET,"",NO JUNCTION INVOLVED,"",ASPHALT,ANIMAL/OBJECT IN ROADWAY,COLLISION WITH DEER,I-69113,""
538,BLOOMINGTON PD,BLOOMINGTON,2022-04-27T00:00:00,9:10 AM,2,,0,0,0,"","","",W 7TH ST,N ROGERS ST,"",0,"",39.16860466,-86.53868384,LOCAL/CITY ROAD,"",URBAN,N,N,N,"",DAYLIGHT,CLEAR,DRY,"",FOUR-WAY INTERSECTION,"",ASPHALT,FOLLOWING TOO CLOSELY,REAR END,W7THSTNROGERSST,""
539,BLOOMINGTON PD,BLOOMINGTON,2022-01-28T00:00:00,2:23 AM,1,,0,0,0,"","","",N ROGERS ST,W 11TH ST,"",0,"",39.173258,-86.538579,LOCAL/CITY ROAD,"",URBAN,N,N,N,"",DAYLIGHT,SNOW,SNOW/SLUSH,"",FOUR-WAY INTERSECTION,"",ASPHALT,SPEED TOO FAST FOR WEATHER CONDITIONS,RAN OFF ROAD,W11THSTNROGERSST,""
540,INDIANA UNIV BLOOMINGTON PD,BLOOMINGTON,2022-03-11T00:00:00,5:30 PM,2,,0,0,0,2651,"","",E DISCOVERY PARKWAY,"","",0,"",39.1757,-86.503116,PRIVATE DRIVE,"",URBAN,N,N,N,"",DAYLIGHT,CLOUDY,WET,"",FOUR-WAY INTERSECTION,"",ASPHALT,FAILURE TO YIELD RIGHT OF WAY,RIGHT ANGLE,EDISCOVERYPARKWAY,""
541,ISP BLOOMINGTON 33,ELLETTSVILLE,2022-03-22T00:00:00,6:24 PM,1,,0,0,0,"","","",SR46,DEER PARK DRIVE,"",400,"",39.21218664,-86.58748288,STATE ROAD,"",URBAN,N,N,N,"",DAYLIGHT,RAIN,WET,"",NO JUNCTION INVOLVED,"",ASPHALT,"",RAN OFF ROAD,SR46DEERPARKDRIVE,""
542,ELLETTSVILLE PD,ELLETTSVILLE,2022-03-04T00:00:00,2:49 PM,1,,0,0,0,601,"","",E TEMPERANCE ST,"","",0,"",39.22797344,-86.6164115,PRIVATE DRIVE,"",RURAL,N,N,N,"",DAYLIGHT,CLEAR,DRY,"",NO JUNCTION INVOLVED,"",ASPHALT,OTHER (DRIVER) - EXPLAIN IN NARRATIVE,OTHER - EXPLAIN IN NARRATIVE,ETEMPERANCEST,""
543,BLOOMINGTON PD,BLOOMINGTON,2022-04-27T00:00:00,11:00 AM,2,,0,0,0,"","","",W. 3RD ST,S LIBERTY DR,"",1000,"",39.164606,-86.579131,LOCAL/CITY ROAD,"",URBAN,N,N,N,"",DAYLIGHT,CLEAR,DRY,"",NO JUNCTION INVOLVED,"",ASPHALT,FAILURE TO YIELD RIGHT OF WAY,RIGHT ANGLE,W.3RDSTSLIBERTYDR,""
544,MONROE SD,BLOOMINGTON,2022-03-07T00:00:00,7:12 AM,1,,0,0,0,"","","",LOW GAP RD,"","",0,"",39.33215426,-86.39487857,"","",RURAL,N,N,N,"",DARK (NOT LIGHTED),RAIN,WATER (STANDING OR MOVING),"",NO JUNCTION INVOLVED,"",ASPHALT,ANIMAL/OBJECT IN ROADWAY,COLLISION WITH OBJECT IN ROAD,LOWGAPRD,""
545,INDIANA UNIV BLOOMINGTON PD,BLOOMINGTON,2022-03-10T00:00:00,2:40 AM,2,,0,0,0,"","","",S HIGHLAND AVE,E HUNTER AVE,"",0,"",39.16220785,-86.51771969,LOCAL/CITY ROAD,"",URBAN,N,N,N,"",DARK (LIGHTED),CLEAR,DRY,"",FOUR-WAY INTERSECTION,"",ASPHALT,DISREGARD SIGNAL/REG SIGN,RIGHT ANGLE,SHIGHLANDAVEEHUNTERAVE,""
546,BLOOMINGTON PD,BLOOMINGTON,2022-03-18T00:00:00,10:55 AM,1,,0,0,0,"","","",4023 W. 3RD ST,"","",0,"",0,0,PRIVATE DRIVE,"",URBAN,N,N,N,"",DAYLIGHT,CLOUDY,DRY,"",NO JUNCTION INVOLVED,"",ASPHALT,OTHER (DRIVER) - EXPLAIN IN NARRATIVE,OTHER - EXPLAIN IN NARRATIVE,4023W.3RDST,""
547,INDIANA UNIV BLOOMINGTON PD,BLOOMINGTON,2022-02-18T00:00:00,3:20 AM,1,,1,0,0,"","","",N JORDAN AVE,N FISHER CT,"",0,"",39.18372984,-86.51611736,LOCAL/CITY ROAD,"",URBAN,N,N,N,"",DARK (LIGHTED),SNOW,ICE,"",NO JUNCTION INVOLVED,"",ASPHALT,OTHER (ENVIRONMENTAL) - EXPLAIN IN NARR,RIGHT ANGLE,NJORDANAVENFISHERCT,""
548,BLOOMINGTON PD,BLOOMINGTON,2022-05-23T00:00:00,12:25 PM,2,,0,0,0,"","","",SR 45/46 BYPASS,KINSER PIKE,"",0,"",0,0,STATE ROAD,"",URBAN,N,N,N,"",DAYLIGHT,CLEAR,DRY,"",FOUR-WAY INTERSECTION,"",ASPHALT,FAILURE TO YIELD RIGHT OF WAY,RIGHT ANGLE,SR45/46BYPASSKINSERPIKE,""
549,BLOOMINGTON PD,BLOOMINGTON,2022-02-20T00:00:00,5:45 AM,2,,0,0,0,2624,"","",E 3RD,"","",0,"",39.16336414,-86.50048918,"","",URBAN,N,N,N,"",DAWN/DUSK,CLEAR,DRY,"",NO JUNCTION INVOLVED,"",ASPHALT,VIEW OBSTRUCTED,RIGHT ANGLE,E3RD,""
550,BLOOMINGTON PD,BLOOMINGTON,2022-04-22T00:00:00,9:35 AM,2,,0,0,0,"","","",S GRANT ST,E 4TH ST,"",0,"",39.16529403,-86.5298397,LOCAL/CITY ROAD,"",URBAN,N,N,N,"",DARK (LIGHTED),CLEAR,DRY,"",NO JUNCTION INVOLVED,"",ASPHALT,UNSAFE BACKING,BACKING CRASH,SGRANTSTE4THST,""
551,BLOOMINGTON PD,BLOOMINGTON,2022-02-23T00:00:00,3:25 PM,2,,1,0,0,"","","",S HIGH ST.,E COVENANTER DR,"",0,"",39.15364182,-86.50841422,LOCAL/CITY ROAD,"",URBAN,N,N,N,"",DAYLIGHT,CLOUDY,DRY,"",FOUR-WAY INTERSECTION,"",ASPHALT,FAILURE TO YIELD RIGHT OF WAY,RIGHT ANGLE,SHIGHST.ECOVENANTERDR,""
552,BLOOMINGTON PD,BLOOMINGTON,2022-02-21T00:00:00,1:50 PM,1,,1,0,0,"","","",I-69,"","",634,"",39.16776453,-86.57248276,INTERSTATE,"",URBAN,N,N,N,"",DAYLIGHT,CLEAR,DRY,"",NO JUNCTION INVOLVED,"",ASPHALT,FAILURE TO MAINTAIN LANE,RAN OFF ROAD,I-69118.5,""
553,MONROE SD,BLOOMINGTON,2022-05-05T00:00:00,11:37 AM,2,,0,0,0,"","","",N MT GILEAD RD,E BOSHEARS RD,"",0,"",39.185875,-86.462891,LOCAL/CITY ROAD,"",RURAL,N,N,N,"",DAYLIGHT,CLEAR,DRY,"",NO JUNCTION INVOLVED,"",ASPHALT,LEFT OF CENTER,OPPOSITE DIRECTION SIDESWIPE,NMTGILEADRDEBOSHEARSRD,""
554,MONROE SD,BLOOMINGTON,2022-01-26T00:00:00,4:00 AM,2,,0,0,0,"","","",I-69,"","",845,"",39.13423474,-86.57267279,COUNTY ROAD,"",URBAN,N,N,N,"",DAYLIGHT,CLEAR,DRY,"",TRAFFIC CIRCLE/ROUNDABOUT,"",ASPHALT,FAILURE TO YIELD RIGHT OF WAY,RIGHT ANGLE,I-69,""
555,ELLETTSVILLE PD,ELLETTSVILLE,2022-02-27T00:00:00,3:58 PM,2,,0,0,0,4682,"","",W RICHLAND PLAZA DR,"","",0,"",39.21740132,-86.59464209,PRIVATE DRIVE,"",RURAL,N,N,N,"",DAYLIGHT,CLEAR,DRY,"",NO JUNCTION INVOLVED,"",ASPHALT,UNSAFE BACKING,BACKING CRASH,WRICHLANDPLAZADR,""
556,BLOOMINGTON PD,BLOOMINGTON,2022-05-13T00:00:00,12:53 PM,2,,0,0,0,"","","",N COLLEGE AVE,W 12TH ST,"",0,"",39.17486961,-86.53478312,PRIVATE DRIVE,"",URBAN,N,N,N,"",DAYLIGHT,CLEAR,DRY,"",NO JUNCTION INVOLVED,"",ASPHALT,UNSAFE BACKING,BACKING CRASH,W12THSTNCOLLEGEAVE,""
557,BLOOMINGTON PD,BLOOMINGTON,2022-05-12T00:00:00,1:30 AM,2,,1,0,0,"","","",S WALNUT ST,E MILLER DR,"",0,"",39.146872,-86.53263993,LOCAL/CITY ROAD,"",URBAN,N,N,N,"",DAYLIGHT,CLEAR,DRY,"",T-INTERSECTION,"",CONCRETE,DISREGARD SIGNAL/REG SIGN,RIGHT ANGLE,SWALNUTSTEMILLERDR,""
558,BLOOMINGTON PD,BLOOMINGTON,2022-01-26T00:00:00,3:00 AM,2,,0,0,0,"","","",1348 N ARLINGTON PARK DRIVE,"","",0,"",39.18032647,-86.55249901,LOCAL/CITY ROAD,"",RURAL,N,N,N,"",DAYLIGHT,CLEAR,DRY,"",NO JUNCTION INVOLVED,"",CONCRETE,UNSAFE BACKING,BACKING CRASH,1348NARLINGTONPARKDRIVE,""
559,MONROE SD,BLOOMINGTON,2022-04-20T00:00:00,2:43 PM,1,,1,0,0,"","","",W ARLINGTON RD,W STOUTES CREEK RD,"",0,"",39.20425786,-86.56873799,LOCAL/CITY ROAD,"",RURAL,N,Y,N,"",DAYLIGHT,CLEAR,DRY,"",NO JUNCTION INVOLVED,"",ASPHALT,LEFT OF CENTER,RAN OFF ROAD,WSTOUTESCREEKRDWARLINGTONRD,""
560,MONROE SD,BLOOMINGTON,2022-05-31T00:00:00,3:17 PM,1,,0,0,0,"","","",N OLD STATE ROAD 37,E SAMPLE RD,"",1000,"",39.25733925,-86.50116094,COUNTY ROAD,"",RURAL,N,N,N,"",DAYLIGHT,CLEAR,DRY,"",NO JUNCTION INVOLVED,"",ASPHALT,DRIVER DISTRACTED - EXPLAIN IN NARRATIVE,RAN OFF ROAD,NOLDSTATEROAD37ESAMPLERD,""
561,INDIANA UNIV BLOOMINGTON PD,BLOOMINGTON,2022-03-05T00:00:00,5:20 PM,1,,1,0,0,"","","",E 10TH ST,N SUNRISE DR,"",0,"",39.17157723,-86.51248134,LOCAL/CITY ROAD,"",URBAN,N,N,N,"",DAYLIGHT,CLEAR,DRY,"",FOUR-WAY INTERSECTION,"",ASPHALT,IMPROPER PASSING,LEFT TURN,NSUNRISEDRE10THST,""
562,MONROE SD,BLOOMINGTON,2022-01-25T00:00:00,6:47 AM,2,,3,0,0,"","","",STATE RD 45 E,N TUNNEL RD,"",264,"",39.22905591,-86.43265354,STATE ROAD,"",RURAL,N,N,N,"",DARK (NOT LIGHTED),CLEAR,DRY,"",NO JUNCTION INVOLVED,"",ASPHALT,OTHER (VEHICLE) - EXPLAIN IN NARRATIVE,REAR END,STATERD45ENTUNNELRD,""
563,INDIANA UNIV BLOOMINGTON PD,BLOOMINGTON,2022-03-05T00:00:00,2:30 PM,2,,0,0,0,"","","",E ATWATER AVE,S EAGLESON AVE,"",211,"",39.1631229,-86.51594944,LOCAL/CITY ROAD,"",URBAN,N,N,N,"",DAYLIGHT,CLEAR,DRY,"",NO JUNCTION INVOLVED,"",ASPHALT,FAILURE TO YIELD RIGHT OF WAY,SAME DIRECTION SIDESWIPE,SEAGLESONAVEEATWATERAVE,""
564,BLOOMINGTON PD,BLOOMINGTON,2022-04-30T00:00:00,3:55 PM,2,,2,1,0,"","","",W COUNTRY CLUB DR,S BANTA AVE,"",106,"",39.13624947,-86.54508403,LOCAL/CITY ROAD,"",URBAN,N,N,N,"",DAYLIGHT,CLEAR,DRY,"",NO JUNCTION INVOLVED,"",ASPHALT,LEFT OF CENTER,HEAD ON BETWEEN TWO MOTOR VEHICLES,WCOUNTRYCLUBDRSBANTAAVE,""
565,BLOOMINGTON PD,BLOOMINGTON,2022-04-28T00:00:00,8:04 AM,2,,0,0,0,"","","",2748 E. 3RD ST,"","",0,"",0,0,PRIVATE DRIVE,"",URBAN,N,N,N,"",DAYLIGHT,CLEAR,DRY,"",NO JUNCTION INVOLVED,"",ASPHALT,UNSAFE BACKING,BACKING CRASH,2748E.3RDST,""
566,BLOOMINGTON PD,BLOOMINGTON,2022-05-02T00:00:00,5:21 PM,2,,0,0,0,"","","",S LIBERTY DR,W STATE RD 45,"",0,"",39.14501944,-86.57776065,STATE ROAD,"",URBAN,N,N,N,"",DAYLIGHT,CLOUDY,DRY,"",FOUR-WAY INTERSECTION,"",ASPHALT,FAILURE TO YIELD RIGHT OF WAY,SAME DIRECTION SIDESWIPE,WSTATERD45SLIBERTYDR,""
567,INDIANA UNIV BLOOMINGTON PD,BLOOMINGTON,2022-04-10T00:00:00,7:20 PM,2,,0,0,0,1900,"","",E 10TH ST.,"","",0,"",39.17025887,-86.50858677,PRIVATE DRIVE,"",URBAN,N,N,N,"",DAYLIGHT,CLEAR,DRY,"",NO JUNCTION INVOLVED,"",ASPHALT,IMPROPER TURNING,RIGHT TURN,E10THST.,""
568,ISP BLOOMINGTON 33,SMITHVILLE(MONROE),2022-05-11T00:00:00,11:10 AM,1,,0,0,0,"","","",S WISLEY LN,S FAIRFAX RD,"",0,"",39.05459253,-86.49838712,COUNTY ROAD,"",RURAL,N,N,N,"",DAYLIGHT,CLEAR,DRY,"",Y-INTERSECTION,"",ASPHALT,"",RAN OFF ROAD,SWISLEYLNSFAIRFAXRD,""
569,BLOOMINGTON PD,BLOOMINGTON,2022-02-24T00:00:00,7:10 AM,1,,0,0,0,"","","",W 3RD ST,W KIRKWOOD AVE,"",200,"",39.16537907,-86.55027678,LOCAL/CITY ROAD,"",URBAN,N,N,N,"",DAYLIGHT,SLEET/HAIL/FREEZING RAIN,ICE,"",NO JUNCTION INVOLVED,"",ASPHALT,ROADWAY SURFACE CONDITION,OTHER - EXPLAIN IN NARRATIVE,WKIRKWOODAVEW3RDST,""
570,INDIANA UNIV BLOOMINGTON PD,BLOOMINGTON,2022-02-17T00:00:00,9:30 PM,2,,0,0,0,"","","",10TH STREET,SR45/46,"",0,"",39.17163079,-86.50211441,STATE ROAD,"",URBAN,N,N,N,"",DARK (NOT LIGHTED),SNOW,SNOW/SLUSH,"",FOUR-WAY INTERSECTION,"",ASPHALT,DISREGARD SIGNAL/REG SIGN,LEFT TURN,SR45/4610THSTREET,""
571,ISP BLOOMINGTON 33,BLOOMINGTON,2022-03-08T00:00:00,8:05 AM,2,,0,0,0,1201,"","",W THAT RD,"","",0,"",39.1140094,-86.54508469,PRIVATE DRIVE,"",RURAL,Y,N,N,"",DAYLIGHT,CLOUDY,DRY,"",NO JUNCTION INVOLVED,"",ASPHALT,IMPROPER TURNING,SAME DIRECTION SIDESWIPE,WTHATRD,""
572,BLOOMINGTON PD,BLOOMINGTON,2022-02-24T00:00:00,6:30 AM,1,,0,0,0,"","","",W 3RD ST,W BENHAM LN,"",0,"",39.16453605,-86.56218717,LOCAL/CITY ROAD,"",URBAN,N,N,N,"",DARK (LIGHTED),CLOUDY,ICE,"",NO JUNCTION INVOLVED,"",ASPHALT,ROADWAY SURFACE CONDITION,RAN OFF ROAD,WBENHAMLNW3RDST,""
573,INDIANA UNIV BLOOMINGTON PD,BLOOMINGTON,2022-02-22T00:00:00,1:30 PM,2,,0,0,0,"","","",N FEE LN,E 17TH ST,"",0,"",39.17927762,-86.51906516,LOCAL/CITY ROAD,"",URBAN,N,N,N,"",DAYLIGHT,CLOUDY,WET,"",FOUR-WAY INTERSECTION,"",ASPHALT,CELL PHONE USAGE,REAR END,NFEELNE17THST,""
574,BLOOMINGTON PD,BLOOMINGTON,2022-05-03T00:00:00,1:43 AM,2,,1,0,0,"","","",E 3RD ST,E 3RD ST,"",0,"",39.16427641,-86.49830765,"","",URBAN,N,N,N,"",DARK (LIGHTED),RAIN,WET,"",FOUR-WAY INTERSECTION,"",ASPHALT,DISREGARD SIGNAL/REG SIGN,LEFT TURN,E3RDSTE3RDST,""
575,ISP BLOOMINGTON 33,BLOOMINGTON,2022-03-16T00:00:00,6:30 PM,1,,0,0,0,SR37,"","",3200' SOUTH OF SMITHVILLE ROAD,"","",0,"",39.06183977,-86.53611049,STATE ROAD,"",RURAL,N,N,N,"",DAYLIGHT,CLEAR,DRY,"",NO JUNCTION INVOLVED,"",ASPHALT,OTHER (VEHICLE) - EXPLAIN IN NARRATIVE,OTHER - EXPLAIN IN NARRATIVE,3200'SOUTHOFSMITHVILLEROAD,""
576,MONROE SD,BLOOMINGTON,2022-02-02T00:00:00,7:57 AM,1,,0,0,0,"","","",S SNODDY RD,E BLUE BIRD LN,"",0,"",39.13166715,-86.48959009,"","",RURAL,N,N,N,"",DAYLIGHT,RAIN,WET,"",NO JUNCTION INVOLVED,"",ASPHALT,SPEED TOO FAST FOR WEATHER CONDITIONS,RAN OFF ROAD,SSNODDYRDEBLUEBIRDLN,""
577,BLOOMINGTON PD,BLOOMINGTON,2022-01-25T00:00:00,1:23 AM,2,,0,0,0,"","","",S HENDERSON ST,E WINSLOW RD,"",0,"",39.1361039,-86.52689878,"","",URBAN,N,N,N,"",DAYLIGHT,CLEAR,DRY,"",FOUR-WAY INTERSECTION,"",ASPHALT,FOLLOWING TOO CLOSELY,REAR END,SHENDERSONSTEWINSLOWRD,""
578,BLOOMINGTON PD,BLOOMINGTON,2022-02-08T00:00:00,7:04 PM,2,,0,0,0,"","","",E 19TH ST,N LINCOLN ST,"",0,"",39.18111201,-86.53094993,"","",URBAN,N,N,N,"",DARK (LIGHTED),CLEAR,DRY,"",FOUR-WAY INTERSECTION,"",ASPHALT,FAILURE TO YIELD RIGHT OF WAY,RIGHT ANGLE,NLINCOLNSTE19THST,""
579,BLOOMINGTON PD,BLOOMINGTON,2022-02-11T00:00:00,1:31 PM,2,,0,0,0,"","","",S. WALNUT ST,PINEWOOD DR,"",0,"",39.131495,-86.531432,"","",URBAN,N,N,N,"",DAYLIGHT,CLOUDY,DRY,"",NO JUNCTION INVOLVED,"",ASPHALT,FOLLOWING TOO CLOSELY,REAR END,S.WALNUTSTPINEWOODDR,""