_id,Agency,City,Collision Date,Collision Time,Vehicles Involved,Trailers Involved,Number Injured,Number Dead,Number Deer,House Number,Roadway Interchange,Roadway Ramp,Roadway Id,Intersecting Road,Interchange,Feet From,Direction,Latitude,Longitude,Roadway Class,Hit and Run?,Locality,School Zone?,Rumble Strips?,Construction?,Construction Type,Light Condition,Weather Conditions,Surface Condition,Type of Median,Roadway Junction Type,Road Character,Roadway Surface,Primary Factor,Manner of Collision,Unique Location Id,Traffic Control
580,MONROE SD,BLOOMINGTON,2022-03-01T00:00:00,5:58 PM,2,,0,0,0,1285,"","",S LIBERTY DR,"","",0,"",39.15848096,-86.57754368,PRIVATE DRIVE,"",RURAL,N,N,N,"",DAYLIGHT,CLEAR,DRY,"",NO JUNCTION INVOLVED,"",ASPHALT,UNSAFE BACKING,BACKING CRASH,SLIBERTYDR,""
581,MONROE SD,BLOOMINGTON,2022-03-25T00:00:00,8:35 AM,1,,1,0,0,"","","",S STATE RD 37,E DILLMAN RD,"",0,"",39.09055551,-86.54567904,STATE ROAD,"",RURAL,N,Y,N,"",DAYLIGHT,CLEAR,DRY,"",NO JUNCTION INVOLVED,"",ASPHALT,UNSAFE SPEED,RAN OFF ROAD,SSTATERD37EDILLMANRD,""
582,MONROE SD,BLOOMINGTON,2022-05-12T00:00:00,2:42 PM,2,,0,0,0,1284,"","",S LIBERTY DR,"","",0,"",39.15790808,-86.57870838,PRIVATE DRIVE,"",URBAN,N,N,N,"",DAYLIGHT,CLEAR,DRY,"",NO JUNCTION INVOLVED,"",ASPHALT,OTHER (DRIVER) - EXPLAIN IN NARRATIVE,SAME DIRECTION SIDESWIPE,SLIBERTYDR,""
583,BLOOMINGTON PD,BLOOMINGTON,2022-05-28T00:00:00,4:19 AM,1,,1,0,0,"","","",E 3RD ST,S WOODSCREST DR,"",0,"",39.16425423,-86.50242037,LOCAL/CITY ROAD,"",URBAN,N,N,N,"",DAYLIGHT,CLOUDY,DRY,"",FOUR-WAY INTERSECTION,"",ASPHALT,FAILURE TO YIELD RIGHT OF WAY,LEFT/RIGHT TURN,SWOODSCRESTDRE3RDST,""
584,MONROE SD,BLOOMINGTON,2022-03-15T00:00:00,2:03 PM,2,,0,0,0,"","","",S OLD STATE ROAD 37,"","",0,"",39.12070278,-86.53068992,PRIVATE DRIVE,"",RURAL,N,N,N,"",DAYLIGHT,CLEAR,DRY,"",NO JUNCTION INVOLVED,"",ASPHALT,UNSAFE BACKING,BACKING CRASH,SOLDSTATEROAD37,""
585,BLOOMINGTON PD,BLOOMINGTON,2022-04-06T00:00:00,2:14 AM,2,,1,0,0,"","","",N GATES DR,W JACOB DR,"",0,"",39.16561845,-86.57599248,LOCAL/CITY ROAD,"",RURAL,N,N,N,"",DAYLIGHT,RAIN,WET,"",T-INTERSECTION,"",CONCRETE,FAILURE TO YIELD RIGHT OF WAY,LEFT TURN,WJACOBDRNGATESDR,""
586,BLOOMINGTON PD,BLOOMINGTON,2022-03-30T00:00:00,11:55 AM,2,,0,0,0,"","","",W. 3RD ST,KIMBLE DR,"",100,"",39.164538,-86.5679847,LOCAL/CITY ROAD,"",URBAN,N,N,N,"",DAYLIGHT,CLOUDY,DRY,"",FOUR-WAY INTERSECTION,"",ASPHALT,UNSAFE LANE MOVEMENT,SAME DIRECTION SIDESWIPE,W.3RDSTKIMBLEDR,""
587,ISP BLOOMINGTON 33,UNIONVILLE(MONROE),2022-04-09T00:00:00,11:36 AM,2,,0,0,0,"","","",E STATE RD 45,N BENTON DR,"",475,"",39.21955074,-86.44318176,STATE ROAD,"",RURAL,N,N,N,"",DAYLIGHT,CLOUDY,DRY,"",NO JUNCTION INVOLVED,"",ASPHALT,LEFT OF CENTER,OPPOSITE DIRECTION SIDESWIPE,NBENTONDRESTATERD45,""
588,BLOOMINGTON PD,BLOOMINGTON,2022-05-10T00:00:00,11:23 AM,2,,0,0,0,"","","",W. 2ND STREET,S. PATTERSON DRIVE,"",0,"",39.160737,-86.548536,LOCAL/CITY ROAD,"",URBAN,N,N,N,"",DAYLIGHT,CLOUDY,DRY,"",FOUR-WAY INTERSECTION,"",ASPHALT,FAILURE TO YIELD RIGHT OF WAY,RIGHT ANGLE,W.2NDSTREETS.PATTERSONDRIVE,""
589,BLOOMINGTON PD,BLOOMINGTON,2022-03-02T00:00:00,7:37 AM,2,,0,0,0,"","","",W 3RD ST,S PATTERSON DR,"",0,"",39.1643693,-86.55227727,LOCAL/CITY ROAD,"",URBAN,N,N,N,"",DARK (LIGHTED),CLEAR,DRY,"",FOUR-WAY INTERSECTION,"",ASPHALT,FAILURE TO YIELD RIGHT OF WAY,SAME DIRECTION SIDESWIPE,W3RDSTSPATTERSONDR,""
590,MONROE SD,BLOOMINGTON,2022-05-31T00:00:00,12:21 PM,2,,0,0,0,"","","",S FAIRFAX RD,E CLEVE BUTCHER,"",0,"",39.04853873,-86.4919146,LOCAL/CITY ROAD,"",RURAL,N,N,N,"",DAYLIGHT,CLEAR,DRY,"",T-INTERSECTION,"",ASPHALT,OTHER (VEHICLE) - EXPLAIN IN NARRATIVE,RIGHT ANGLE,SFAIRFAXRDECLEVEBUTCHER,""
591,BLOOMINGTON PD,BLOOMINGTON,2022-02-17T00:00:00,9:20 AM,1,,0,0,0,"","","",SOUTH DR,WALNUT ST,"",400,"",39.14273657,-86.52894921,LOCAL/CITY ROAD,"",URBAN,Y,N,N,"",DAYLIGHT,RAIN,WET,"",NO JUNCTION INVOLVED,"",ASPHALT,DRIVER DISTRACTED - EXPLAIN IN NARRATIVE,OTHER - EXPLAIN IN NARRATIVE,WALNUTSTSOUTHDR,""
592,ISP BLOOMINGTON 33,BLOOMINGTON,2022-03-07T00:00:00,2:30 PM,2,,0,0,0,"","","",S ROCKPORT RD,W DUNCAN DR,"",0,"",39.14575149,-86.53944916,LOCAL/CITY ROAD,"",URBAN,N,N,N,"",DAYLIGHT,RAIN,WET,"",T-INTERSECTION,"",ASPHALT,SPEED TOO FAST FOR WEATHER CONDITIONS,RIGHT ANGLE,WDUNCANDRSROCKPORTRD,""
593,BLOOMINGTON PD,BLOOMINGTON,2022-03-27T00:00:00,4:09 PM,2,,0,0,0,"","","",115 S STATE ROAD 46,"","",0,"",0,0,PRIVATE DRIVE,"",URBAN,N,N,N,"",DAYLIGHT,CLEAR,DRY,"",NO JUNCTION INVOLVED,"",ASPHALT,UNSAFE BACKING,BACKING CRASH,115SSTATEROAD46,""
594,BLOOMINGTON PD,BLOOMINGTON,2022-04-27T00:00:00,5:40 PM,2,,2,0,0,"","","",W GORDON PIKE,S OLD STATE ROAD 37,"",0,"",39.12146209,-86.53140907,LOCAL/CITY ROAD,"",URBAN,N,N,N,"",DAYLIGHT,CLEAR,DRY,"",FOUR-WAY INTERSECTION,"",ASPHALT,FOLLOWING TOO CLOSELY,REAR END,WGORDONPIKESOLDSTATEROAD37,""
595,ELLETTSVILLE PD,ELLETTSVILLE,2022-05-26T00:00:00,3:42 PM,3,,0,0,0,"","","",STATE ROAD 46,SALE ST,"",150,"",0,0,STATE ROAD,"",URBAN,N,N,N,"",DAYLIGHT,CLOUDY,WET,"",NO JUNCTION INVOLVED,"",ASPHALT,FOLLOWING TOO CLOSELY,REAR END,STATEROAD46SALEST,""
596,MONROE SD,BLOOMINGTON,2022-02-24T00:00:00,1:50 PM,2,,0,0,0,3585,"","",W IN-45,"","",0,"",39.141477,-86.58021,PRIVATE DRIVE,"",URBAN,N,N,N,"",DAYLIGHT,CLEAR,DRY,"",T-INTERSECTION,"",ASPHALT,FOLLOWING TOO CLOSELY,REAR END,WIN-45,""
597,BLOOMINGTON PD,BLOOMINGTON,2022-05-12T00:00:00,3:11 PM,2,,0,0,0,315,"","",W 2ND ST,"","",0,"",39.16041568,-86.54284604,PRIVATE DRIVE,"",URBAN,N,N,N,"",DAYLIGHT,CLEAR,DRY,"",NO JUNCTION INVOLVED,"",ASPHALT,UNSAFE BACKING,REAR TO REAR,W2NDST,""
598,BLOOMINGTON PD,BLOOMINGTON,2022-05-01T00:00:00,9:53 PM,2,,0,0,0,"","","",E 3RD ST,STATE RD 46,"",0,"",39.16429062,-86.49937875,LOCAL/CITY ROAD,"",URBAN,N,N,N,"",DARK (LIGHTED),CLEAR,DRY,"",NO JUNCTION INVOLVED,"",ASPHALT,FAILURE TO YIELD RIGHT OF WAY,LEFT TURN,STATERD46E3RDST,""
599,ISP BLOOMINGTON 33,BLOOMINGTON,2022-05-25T00:00:00,10:55 AM,2,,0,0,0,"","","",SR45,LIBERTY DRIVE,"",0,"",39.14504441,-86.57780184,STATE ROAD,"",URBAN,N,N,N,"",DAYLIGHT,CLOUDY,DRY,"",FOUR-WAY INTERSECTION,"",ASPHALT,FAILURE TO YIELD RIGHT OF WAY,SAME DIRECTION SIDESWIPE,SR45LIBERTYDRIVE,""
600,BLOOMINGTON PD,BLOOMINGTON,2022-02-02T00:00:00,12:00 AM,2,,0,0,0,"","","",1870 S WALNUT STBLOOMINGTON IN 47401,"","",0,"",0,0,LOCAL/CITY ROAD,"",URBAN,N,N,N,"",UNKNOWN,SLEET/HAIL/FREEZING RAIN,ICE,"",NO JUNCTION INVOLVED,"",ASPHALT,ROADWAY SURFACE CONDITION,OTHER - EXPLAIN IN NARRATIVE,1870SWALNUTSTBLOOMINGTONIN47401,""
601,BLOOMINGTON PD,BLOOMINGTON,2022-05-04T00:00:00,1:14 PM,2,,0,0,0,"","","",S OVERHILL DR,E 3RD ST,"",0,"",39.16426809,-86.50165505,LOCAL/CITY ROAD,"",URBAN,N,N,N,"",DAYLIGHT,CLOUDY,DRY,"",T-INTERSECTION,"",ASPHALT,FAILURE TO YIELD RIGHT OF WAY,RIGHT ANGLE,SOVERHILLDRE3RDST,""
602,INDIANA UNIV BLOOMINGTON PD,BLOOMINGTON,2022-05-01T00:00:00,2:40 PM,2,,0,0,0,"","","",N INDIANA AVE,E 7TH ST,"",0,"",39.16851316,-86.52694649,LOCAL/CITY ROAD,"",URBAN,N,N,N,"",DAYLIGHT,CLEAR,DRY,"",FOUR-WAY INTERSECTION,"",ASPHALT,FAILURE TO YIELD RIGHT OF WAY,RIGHT ANGLE,NINDIANAAVEE7THST,""
603,INDIANA UNIV BLOOMINGTON PD,BLOOMINGTON,2022-03-08T00:00:00,7:45 PM,2,,0,0,0,"","","",E 10TH ST,STATE RD 46,"",264,"",39.17159466,-86.50166214,LOCAL/CITY ROAD,"",URBAN,N,N,N,"",DARK (NOT LIGHTED),CLEAR,DRY,"",NO JUNCTION INVOLVED,"",ASPHALT,UNSAFE LANE MOVEMENT,SAME DIRECTION SIDESWIPE,STATERD46E10THST,""
604,MONROE SD,BLOOMINGTON,2022-04-13T00:00:00,3:00 AM,1,,1,0,0,"","","",STATE RD 46,HEDRICK RD,"",1531,"",39.2796947,-86.67927451,"","",RURAL,N,N,N,"",DARK (NOT LIGHTED),CLEAR,DRY,"",NO JUNCTION INVOLVED,"",ASPHALT,FAILURE TO MAINTAIN LANE,RAN OFF ROAD,STATERD46HEDRICKRD,""
605,BLOOMINGTON PD,BLOOMINGTON,2022-02-14T00:00:00,10:48 AM,2,,0,0,0,"","","",912 S WALNUT,E ALLEN ST,"",0,"",39.156284,-86.534017,LOCAL/CITY ROAD,"",URBAN,N,N,N,"",DAYLIGHT,CLEAR,DRY,"",NO JUNCTION INVOLVED,"",ASPHALT,FAILURE TO YIELD RIGHT OF WAY,RIGHT ANGLE,EALLENST912SWALNUT,""
606,BLOOMINGTON PD,BLOOMINGTON,2022-05-19T00:00:00,11:45 AM,2,,0,0,0,"","","",N. WALNUT ST,E. 9TH ST,"",0,"",39.170457,-86.533587,LOCAL/CITY ROAD,"",RURAL,N,N,N,"",DAYLIGHT,CLOUDY,DRY,"",NO JUNCTION INVOLVED,"",ASPHALT,FOLLOWING TOO CLOSELY,REAR END,N.WALNUTSTE.9THST,""
607,BLOOMINGTON PD,"",2022-04-10T00:00:00,7:00 PM,3,,0,0,0,"","","",N WALNUT ST,W 8TH ST,"",0,"",0,0,LOCAL/CITY ROAD,"",URBAN,N,N,N,"",DAYLIGHT,CLEAR,DRY,"",NO JUNCTION INVOLVED,"",ASPHALT,STEERING FAILURE,LEFT TURN,W8THSTNWALNUTST,""
608,MONROE SD,BLOOMINGTON,2022-05-01T00:00:00,6:59 PM,1,,0,1,0,"","","",N OLD STATE ROAD 37,E PRAIRIE DR,"",792,"",39.22092183,-86.51763386,LOCAL/CITY ROAD,"",RURAL,N,N,N,"",DAYLIGHT,CLEAR,DRY,"",NO JUNCTION INVOLVED,"",ASPHALT,FAILURE TO MAINTAIN LANE,RAN OFF ROAD,NOLDSTATEROAD37EPRAIRIEDR,""
609,MONROE SD,BLOOMINGTON,2022-03-15T00:00:00,5:13 AM,3,,0,0,0,"","","",N SMITH PIKE,"","",0,"",39.18743534,-86.58302148,COUNTY ROAD,"",RURAL,N,N,Y,LANE CLOSURE,DAYLIGHT,CLEAR,DRY,"",NO JUNCTION INVOLVED,"",ASPHALT,FOLLOWING TOO CLOSELY,REAR END,NSMITHPIKE,""
610,MONROE SD,BLOOMINGTON,2022-05-29T00:00:00,7:13 AM,1,,0,0,0,6469,"","",STATE RD 46,"","",0,"",39.16377799,-86.43765575,STATE ROAD,"",RURAL,N,N,N,"",DAYLIGHT,CLEAR,DRY,"",NO JUNCTION INVOLVED,"",ASPHALT,OTHER (DRIVER) - EXPLAIN IN NARRATIVE,RAN OFF ROAD,STATERD46,""
611,BLOOMINGTON PD,BLOOMINGTON,2022-02-01T00:00:00,5:31 PM,2,,0,0,0,"","","",S WOODLAWN AVE,E MAXWELL LN,"",0,"",39.1578014,-86.52265597,"","",URBAN,N,N,N,"",DAYLIGHT,CLEAR,DRY,"",FOUR-WAY INTERSECTION,"",ASPHALT,BRAKE FAILURE OR DEFECTIVE,RIGHT ANGLE,SWOODLAWNAVEEMAXWELLLN,""
612,BLOOMINGTON PD,BLOOMINGTON,2022-02-19T00:00:00,1:10 PM,2,,1,0,0,"","","",S ADAMS ST BLOOMINGTON IN,W ALLEN ST BLOOMINGTON IN,"",0,"",39.155834,-86.550597,LOCAL/CITY ROAD,"",URBAN,N,N,N,"",DAYLIGHT,CLEAR,DRY,"",FOUR-WAY INTERSECTION,"",ASPHALT,FAILURE TO YIELD RIGHT OF WAY,RIGHT ANGLE,WALLENSTBLOOMINGTONINSADAMSSTBLOOMINGTONIN,""
613,INDIANA UNIV BLOOMINGTON PD,BLOOMINGTON,2022-03-27T00:00:00,2:00 AM,2,,0,0,0,"","","",N FEE LN,"","",0,"",39.17662963,-86.51912754,"","",URBAN,N,N,N,"",DARK (LIGHTED),CLEAR,DRY,"",NO JUNCTION INVOLVED,"",ASPHALT,OTHER (DRIVER) - EXPLAIN IN NARRATIVE,SAME DIRECTION SIDESWIPE,NFEELN,""
614,ISP BLOOMINGTON 33,BLOOMINGTON,2022-05-09T00:00:00,10:06 AM,2,,0,0,0,"","","",I-69,"","",0,"",39.12080684,-86.57013401,INTERSTATE,"",RURAL,N,N,N,"",DAYLIGHT,CLEAR,DRY,"",NO JUNCTION INVOLVED,"",ASPHALT,"",SAME DIRECTION SIDESWIPE,I-69114,""
615,BLOOMINGTON PD,BLOOMINGTON,2022-02-02T00:00:00,6:25 AM,2,,0,0,0,"","","",E 3RD ST,S GRANT ST,"",0,"",39.16456478,-86.52987189,LOCAL/CITY ROAD,"",URBAN,N,N,N,"",DARK (LIGHTED),RAIN,WET,"",FOUR-WAY INTERSECTION,"",ASPHALT,DISREGARD SIGNAL/REG SIGN,RIGHT ANGLE,SGRANTSTE3RDST,""
616,INDIANA UNIV BLOOMINGTON PD,BLOOMINGTON,2022-02-24T00:00:00,6:50 PM,2,,0,0,0,1051,"","",E 17TH ST,"","",0,"",39.17974153,-86.52097053,PRIVATE DRIVE,"",URBAN,N,N,N,"",DARK (LIGHTED),RAIN,WET,"",NO JUNCTION INVOLVED,"",ASPHALT,UNSAFE BACKING,BACKING CRASH,E17THST,""
617,INDIANA UNIV BLOOMINGTON PD,BLOOMINGTON,2022-04-28T00:00:00,6:15 PM,1,,0,0,1,"","","",STATE RD 45,E 17TH ST,"",845,"",39.18083704,-86.50844804,LOCAL/CITY ROAD,"",URBAN,N,N,N,"",DAWN/DUSK,CLOUDY,DRY,"",NO JUNCTION INVOLVED,"",ASPHALT,ANIMAL/OBJECT IN ROADWAY,COLLISION WITH DEER,STATERD45E17THST,""
618,BLOOMINGTON PD,BLOOMINGTON,2022-03-26T00:00:00,1:55 PM,2,,1,0,0,"","","",N GRANT ST,E 7TH ST,"",0,"",39.16853978,-86.52977247,LOCAL/CITY ROAD,"",URBAN,N,N,N,"",DAYLIGHT,CLEAR,DRY,"",FOUR-WAY INTERSECTION,"",ASPHALT,DISREGARD SIGNAL/REG SIGN,RIGHT ANGLE,NGRANTSTE7THST,""
619,BLOOMINGTON PD,"",2022-04-29T00:00:00,5:15 PM,2,,0,0,0,4300,"","",N STONE MILL RD,"","",0,"",39.21223859,-86.53485621,PRIVATE DRIVE,"",URBAN,N,N,N,"",DAYLIGHT,CLEAR,DRY,"",NO JUNCTION INVOLVED,"",GRAVEL,FAILURE TO YIELD RIGHT OF WAY,OTHER - EXPLAIN IN NARRATIVE,NSTONEMILLRD,""
620,BLOOMINGTON PD,BLOOMINGTON,2022-04-06T00:00:00,9:49 AM,2,,0,0,0,"","","",MORNINGSIDE DR,SHEFFIELD DR,"",0,"",,,LOCAL/CITY ROAD,"",URBAN,N,N,N,"",DAYLIGHT,RAIN,WET,"",T-INTERSECTION,"",ASPHALT,OVERCORRECTING/OVERSTEERING,OPPOSITE DIRECTION SIDESWIPE,SHEFFIELDDRMORNINGSIDEDR,""
621,BLOOMINGTON PD,BLOOMINGTON,2022-04-08T00:00:00,8:52 AM,3,,0,0,0,"","","",W. 3RD ST,S PATTERSON DR,"",300,"",39.16342,-86.551249,LOCAL/CITY ROAD,"",URBAN,N,N,N,"",DAYLIGHT,CLOUDY,WET,"",FOUR-WAY INTERSECTION,"",ASPHALT,FOLLOWING TOO CLOSELY,REAR END,W.3RDSTSPATTERSONDR,""
622,BLOOMINGTON PD,BLOOMINGTON,2022-05-05T00:00:00,2:40 PM,2,,1,0,0,"","","",S ROCKPORT RD,W COUNTRY CLUB DR,"",0,"",39.1363485,-86.54871172,LOCAL/CITY ROAD,"",URBAN,N,N,N,"",DAYLIGHT,RAIN,WET,"",FOUR-WAY INTERSECTION,"",ASPHALT,DISREGARD SIGNAL/REG SIGN,OTHER - EXPLAIN IN NARRATIVE,WCOUNTRYCLUBDRSROCKPORTRD,""
623,BLOOMINGTON PD,BLOOMINGTON,2022-02-08T00:00:00,4:25 PM,2,,0,0,0,"","","","1107 W 3RD ST BLOOMINGTON, IN","","",0,"",,,LOCAL/CITY ROAD,"",URBAN,N,N,N,"",DAYLIGHT,CLEAR,DRY,"",NO JUNCTION INVOLVED,"",ASPHALT,UNSAFE BACKING,BACKING CRASH,"1107W3RDSTBLOOMINGTON,IN",""
624,MONROE SD,BLOOMINGTON,2022-03-30T00:00:00,3:39 AM,1,,0,0,1,"","","",N BUSINESS 37,N OLD 37,"",0,"",0,0,STATE ROAD,"",RURAL,N,N,N,"",DARK (NOT LIGHTED),CLEAR,DRY,"",FOUR-WAY INTERSECTION,"",ASPHALT,ANIMAL/OBJECT IN ROADWAY,COLLISION WITH DEER,NOLD37NBUSINESS37,""
625,MONROE SD,BLOOMINGTON,2022-05-11T00:00:00,8:17 PM,1,,1,0,0,"","","",S FAIRFAX RD,E BERNICE DR,"",0,"",39.06722042,-86.50306528,LOCAL/CITY ROAD,"",RURAL,N,N,N,"",DAYLIGHT,CLEAR,DRY,"",NO JUNCTION INVOLVED,"",ASPHALT,FAILURE TO MAINTAIN LANE,RAN OFF ROAD,SFAIRFAXRDEBERNICEDR,""
626,MONROE SD,BLOOMINGTON,2022-04-09T00:00:00,2:38 AM,1,,0,0,0,"","","",W FULLERTON PIKE,W REDDY WAY,"",0,"",39.12200862,-86.57511897,LOCAL/CITY ROAD,"",RURAL,N,N,N,"",DARK (LIGHTED),RAIN,WET,"",T-INTERSECTION,"",ASPHALT,SPEED TOO FAST FOR WEATHER CONDITIONS,RAN OFF ROAD,WREDDYWAYWFULLERTONPIKE,""
627,BLOOMINGTON PD,BLOOMINGTON,2022-04-10T00:00:00,3:58 PM,1,,1,0,0,2446,"","",S. HENDERSON ST,"","",0,"",39.13725558,-86.52774043,PRIVATE DRIVE,"",URBAN,N,N,N,"",DAYLIGHT,CLEAR,DRY,"",NO JUNCTION INVOLVED,"",ASPHALT,FAILURE TO YIELD RIGHT OF WAY,BACKING CRASH,S.HENDERSONST,""
628,INDIANA UNIV BLOOMINGTON PD,BLOOMINGTON,2022-05-12T00:00:00,3:21 PM,3,,0,0,0,"","","",STATE RD 45,WALKWAY,"",581,"",39.17469599,-86.50399111,STATE ROAD,"",URBAN,N,N,N,"",DAYLIGHT,CLEAR,DRY,"",NO JUNCTION INVOLVED,"",ASPHALT,FOLLOWING TOO CLOSELY,REAR END,WALKWAYSTATERD45,""
629,MONROE SD,BLOOMINGTON,2022-03-21T00:00:00,1:44 PM,2,,0,0,0,1284,"","",1284 S. LIBERTY DR.,"","",0,"",39.157377,-86.576736,PRIVATE DRIVE,"",RURAL,N,N,N,"",DAYLIGHT,CLEAR,DRY,"",NO JUNCTION INVOLVED,"",ASPHALT,UNSAFE SPEED,BACKING CRASH,1284S.LIBERTYDR.,""
630,INDIANA UNIV BLOOMINGTON PD,BLOOMINGTON,2022-05-13T00:00:00,2:48 PM,2,,0,0,0,"","","",E 3RD ST,S FACULTY AVE,"",0,"",39.16429062,-86.52166925,LOCAL/CITY ROAD,"",URBAN,N,N,N,"",DAYLIGHT,CLEAR,DRY,"",NO JUNCTION INVOLVED,"",ASPHALT,FOLLOWING TOO CLOSELY,REAR END,SFACULTYAVEE3RDST,""
631,INDIANA UNIV BLOOMINGTON PD,BLOOMINGTON,2022-04-18T00:00:00,9:17 PM,2,,0,0,0,1024,"","",E 3RD ST,"","",0,"",39.16347112,-86.51940386,LOCAL/CITY ROAD,"",URBAN,N,N,N,"",DARK (LIGHTED),CLEAR,DRY,"",NO JUNCTION INVOLVED,"",ASPHALT,UNSAFE SPEED,REAR END,E3RDST,""
632,MONROE SD,BLOOMINGTON,2022-04-21T00:00:00,11:02 AM,1,,1,0,0,"","","",S FAIRFAX RD,MARIE LN,"",370,"",39.10625617,-86.52288341,LOCAL/CITY ROAD,"",URBAN,N,N,N,"",DAYLIGHT,RAIN,WET,"",NO JUNCTION INVOLVED,"",ASPHALT,SPEED TOO FAST FOR WEATHER CONDITIONS,RAN OFF ROAD,SFAIRFAXRDMARIELN,""
633,BLOOMINGTON PD,BLOOMINGTON,2022-05-27T00:00:00,11:17 AM,2,,0,0,0,"","","",STATE RD 46,N KINSER PIKE,"",0,"",39.18638622,-86.53670973,STATE ROAD,"",URBAN,N,N,N,"",DAYLIGHT,RAIN,WET,"",NO JUNCTION INVOLVED,"",ASPHALT,SPEED TOO FAST FOR WEATHER CONDITIONS,REAR END,STATERD46NKINSERPIKE,""
634,MONROE SD,BLOOMINGTON,2022-05-10T00:00:00,3:03 AM,2,,0,0,0,"","","",N LYDY RD,E ANDERSON RD,"",0,"",39.27163704,-86.47944659,COUNTY ROAD,"",RURAL,N,N,N,"",DAYLIGHT,CLEAR,DRY,"",T-INTERSECTION,"",ASPHALT,FAILURE TO YIELD RIGHT OF WAY,NON-COLLISION,NLYDYRDEANDERSONRD,""
635,BLOOMINGTON PD,BLOOMINGTON,2022-04-08T00:00:00,11:10 AM,1,,0,0,0,885,"","",S COLLEGE MALL RD,"","",0,"",39.156867,-86.497037,PRIVATE DRIVE,"",URBAN,N,N,N,"",DAYLIGHT,CLOUDY,WET,"",NO JUNCTION INVOLVED,"",ASPHALT,OTHER (VEHICLE) - EXPLAIN IN NARRATIVE,OTHER - EXPLAIN IN NARRATIVE,SCOLLEGEMALLRD,""
636,BLOOMINGTON PD,BLOOMINGTON,2022-05-09T00:00:00,4:47 PM,2,,0,0,0,"","","",W 3RD ST,S CURRY PIKE,"",211,"",39.1646549,-86.58344455,LOCAL/CITY ROAD,"",URBAN,N,N,N,"",DAYLIGHT,CLEAR,DRY,"",FOUR-WAY INTERSECTION,"",ASPHALT,FOLLOWING TOO CLOSELY,REAR END,W3RDSTSCURRYPIKE,""
637,ISP BLOOMINGTON 33,BLOOMINGTON,2022-02-24T00:00:00,6:30 AM,1,,0,0,0,"","","",SR46,TWINLEAF TRACE,"",500,"",39.16471734,-86.45049224,STATE ROAD,"",RURAL,N,N,N,"",DARK (NOT LIGHTED),SLEET/HAIL/FREEZING RAIN,ICE,"",NO JUNCTION INVOLVED,"",ASPHALT,FAILURE TO MAINTAIN LANE,RAN OFF ROAD,TWINLEAFTRACESR46,""
638,BLOOMINGTON PD,BLOOMINGTON,2022-04-07T00:00:00,11:00 AM,2,,0,0,0,"","","",W. 3RD ST,S WESTPLEX AVE,"",0,"",,,LOCAL/CITY ROAD,"",URBAN,N,N,N,"",DAYLIGHT,CLOUDY,DRY,"",FOUR-WAY INTERSECTION,"",ASPHALT,FAILURE TO YIELD RIGHT OF WAY,RIGHT ANGLE,W.3RDSTSWESTPLEXAVE,""
639,ISP BLOOMINGTON 33,BLOOMINGTON,2022-01-28T00:00:00,2:10 PM,1,,0,0,0,"","","",I-69,"","",0,"",39.07118232,-86.60986211,INTERSTATE,"",RURAL,N,N,N,"",DAYLIGHT,SNOW,SNOW/SLUSH,"",NO JUNCTION INVOLVED,"",CONCRETE,"",RAN OFF ROAD,I-69110,""
640,MONROE SD,BLOOMINGTON,2022-05-16T00:00:00,11:24 AM,2,,1,0,0,"","","",N HARTSTRAIT RD,"","",0,"",39.17103151,-86.61106599,LOCAL/CITY ROAD,"",RURAL,N,N,N,"",DAYLIGHT,CLEAR,DRY,"",NO JUNCTION INVOLVED,"",ASPHALT,IMPROPER LANE USAGE,SAME DIRECTION SIDESWIPE,NHARTSTRAITRD,""
641,MONROE SD,VAN BUREN PARK,2022-05-06T00:00:00,3:47 AM,2,,1,0,0,"","","",S CURRY PIKE,W DOYLE AVE,"",370,"",39.15739034,-86.5826665,LOCAL/CITY ROAD,"",RURAL,N,N,N,"",DAYLIGHT,CLEAR,DRY,"",NO JUNCTION INVOLVED,"",ASPHALT,FAILURE TO YIELD RIGHT OF WAY,RIGHT ANGLE,WDOYLEAVESCURRYPIKE,""
642,INDIANA UNIV BLOOMINGTON PD,BLOOMINGTON,2022-02-04T00:00:00,11:00 AM,1,,0,0,0,"","","",E 9TH ST,"","",0,"",39.17054367,-86.52519994,LOCAL/CITY ROAD,"",URBAN,N,N,N,"",DAYLIGHT,SNOW,ICE,"",NO JUNCTION INVOLVED,"",ASPHALT,ROADWAY SURFACE CONDITION,BACKING CRASH,E9THST,""
643,BLOOMINGTON PD,BLOOMINGTON,2022-03-19T00:00:00,8:45 PM,2,,0,0,0,"","","",W COUNTRY CLUB DR,S ROGERS ST,"",0,"",39.13602808,-86.53799942,LOCAL/CITY ROAD,"",URBAN,N,N,N,"",DAYLIGHT,CLOUDY,WET,"",FOUR-WAY INTERSECTION,"",ASPHALT,FOLLOWING TOO CLOSELY,REAR END,WCOUNTRYCLUBDRSROGERSST,""
644,MONROE SD,BLOOMINGTON,2022-04-07T00:00:00,3:53 PM,2,,0,0,0,"","","",S OLD STATE ROAD 37,E RHORER RD,"",0,"",39.12078661,-86.53132504,LOCAL/CITY ROAD,"",URBAN,N,N,N,"",DAYLIGHT,CLEAR,DRY,"",FOUR-WAY INTERSECTION,"",ASPHALT,FAILURE TO YIELD RIGHT OF WAY,RIGHT ANGLE,SOLDSTATEROAD37ERHORERRD,""