_id,Agency,City,Collision Date,Collision Time,Vehicles Involved,Trailers Involved,Number Injured,Number Dead,Number Deer,House Number,Roadway Interchange,Roadway Ramp,Roadway Id,Intersecting Road,Interchange,Feet From,Direction,Latitude,Longitude,Roadway Class,Hit and Run?,Locality,School Zone?,Rumble Strips?,Construction?,Construction Type,Light Condition,Weather Conditions,Surface Condition,Type of Median,Roadway Junction Type,Road Character,Roadway Surface,Primary Factor,Manner of Collision,Unique Location Id,Traffic Control
645,BLOOMINGTON PD,BLOOMINGTON,2022-03-22T00:00:00,7:00 AM,3,,0,0,0,"","","",S OLD STATE ROAD 37,S WALNUT ST,"",0,"",39.1375362,-86.53052807,LOCAL/CITY ROAD,"",URBAN,N,N,N,"",DARK (LIGHTED),RAIN,WET,"",T-INTERSECTION,"",ASPHALT,FAILURE TO YIELD RIGHT OF WAY,SAME DIRECTION SIDESWIPE,SWALNUTSTSOLDSTATEROAD37,""
646,BLOOMINGTON PD,BLOOMINGTON,2022-03-24T00:00:00,5:43 PM,2,,0,0,0,"","","",N MORTON ST,W 8TH ST,"",0,"",39.16967341,-86.53607152,LOCAL/CITY ROAD,"",URBAN,N,N,N,"",DAYLIGHT,CLOUDY,DRY,"",FOUR-WAY INTERSECTION,"",ASPHALT,FAILURE TO YIELD RIGHT OF WAY,SAME DIRECTION SIDESWIPE,W8THSTNMORTONST,""
647,BLOOMINGTON PD,BLOOMINGTON,2022-03-02T00:00:00,2:36 AM,2,,0,0,0,"","","",S WALNUT ST,E HILLSIDE DR,"",0,"",39.15042332,-86.53362829,LOCAL/CITY ROAD,"",URBAN,N,N,N,"",DAYLIGHT,CLEAR,DRY,"",T-INTERSECTION,"",ASPHALT,IMPROPER TURNING,RIGHT TURN,SWALNUTSTEHILLSIDEDR,""
648,INDIANA UNIV BLOOMINGTON PD,BLOOMINGTON,2022-03-16T00:00:00,3:20 PM,2,,0,0,0,"","","",E 10TH ST,STATE RD 45,"",0,"",39.17169965,-86.5019654,STATE ROAD,"",URBAN,N,N,N,"",DAYLIGHT,CLEAR,DRY,"",FOUR-WAY INTERSECTION,"",ASPHALT,FOLLOWING TOO CLOSELY,REAR END,STATERD45E10THST,""
649,ELLETTSVILLE PD,ELLETTSVILLE,2022-05-27T00:00:00,7:10 AM,2,,0,0,0,"","","",E MAIN ST,W TEMPERANCE ST,"",0,"",39.23961425,-86.63074476,STATE ROAD,"",URBAN,N,N,N,"",DAYLIGHT,RAIN,WET,"",NO JUNCTION INVOLVED,"",ASPHALT,FOLLOWING TOO CLOSELY,REAR END,WTEMPERANCESTEMAINST,""
650,BLOOMINGTON PD,BLOOMINGTON,2022-02-18T00:00:00,1:20 PM,2,,1,0,0,"","","",W 8TH ST,N COLLEGE AVE,"",0,"",39.16949468,-86.53486437,LOCAL/CITY ROAD,"",URBAN,N,N,N,"",DAYLIGHT,CLEAR,DRY,"",NO JUNCTION INVOLVED,"",ASPHALT,FOLLOWING TOO CLOSELY,REAR END,W8THSTNCOLLEGEAVE,""
651,BLOOMINGTON PD,BLOOMINGTON,2022-02-18T00:00:00,5:50 AM,1,,0,0,1,"","","",4000 BLK E MOORES PK,S SR 446,"",2000,"",39.15016179,-86.48030934,LOCAL/CITY ROAD,"",URBAN,N,N,N,"",DARK (NOT LIGHTED),CLEAR,DRY,"",NO JUNCTION INVOLVED,"",ASPHALT,ANIMAL/OBJECT IN ROADWAY,COLLISION WITH DEER,SSR4464000BLKEMOORESPK,""
652,BLOOMINGTON PD,BLOOMINGTON,2022-03-23T00:00:00,8:50 PM,2,,1,0,0,"","","",N GATES DR,W JACOB DR,"",0,"",39.16564063,-86.57598085,"","",RURAL,N,N,N,"",DARK (LIGHTED),CLOUDY,WET,"",T-INTERSECTION,"",ASPHALT,FAILURE TO YIELD RIGHT OF WAY,LEFT TURN,WJACOBDRNGATESDR,""
653,MONROE SD,BLOOMINGTON,2022-02-05T00:00:00,6:47 PM,1,,1,0,0,"","","",W 3RD ST,SHERWOOD DR,"",739,"",39.16468136,-86.58821022,STATE ROAD,"",RURAL,N,N,N,"",DARK (NOT LIGHTED),CLEAR,DRY,"",NO JUNCTION INVOLVED,"",ASPHALT,PEDESTRIAN ACTION,OTHER - EXPLAIN IN NARRATIVE,W3RDSTSHERWOODDR,""
654,MONROE SD,BLOOMINGTON,2022-05-08T00:00:00,10:44 AM,2,,0,0,0,"","","",W THAT RD,"","",0,"",39.11890816,-86.5734605,LOCAL/CITY ROAD,"",RURAL,N,N,N,"",DAYLIGHT,CLEAR,DRY,"",NO JUNCTION INVOLVED,"",ASPHALT,UNSAFE SPEED,OPPOSITE DIRECTION SIDESWIPE,WTHATRD,""
655,BLOOMINGTON PD,BLOOMINGTON,2022-05-06T00:00:00,10:35 AM,2,,0,0,0,"","","",STATE RD 46,E 3RD ST,"",0,"",39.16431121,-86.4983139,LOCAL/CITY ROAD,"",URBAN,N,N,N,"",DAYLIGHT,RAIN,WET,"",FOUR-WAY INTERSECTION,"",ASPHALT,FOLLOWING TOO CLOSELY,REAR END,STATERD46E3RDST,""
656,BLOOMINGTON PD,BLOOMINGTON,2022-04-23T00:00:00,9:01 PM,3,,1,0,0,"","","",E WINSLOW RD,S WALNUT ST,"",0,"",39.13599622,-86.53035469,LOCAL/CITY ROAD,"",URBAN,N,N,N,"",DARK (LIGHTED),CLEAR,DRY,"",NO JUNCTION INVOLVED,"",ASPHALT,UNSAFE SPEED,REAR END,SWALNUTSTEWINSLOWRD,""
657,MONROE SD,BLOOMINGTON,2022-04-04T00:00:00,12:51 AM,1,,0,0,0,"","","",E SR 46,N TRAILWAY DR,"",50,"",,,STATE ROAD,"",RURAL,N,N,N,"",DARK (NOT LIGHTED),CLEAR,DRY,"",NO JUNCTION INVOLVED,"",ASPHALT,FAILURE TO MAINTAIN LANE,RAN OFF ROAD,NTRAILWAYDRESR46,""
658,MONROE SD,"",2022-03-02T00:00:00,5:42 PM,2,,0,0,0,"","","",S OLD STATE ROAD 37,STATE RD 37,"",0,"",39.08568808,-86.54243877,STATE ROAD,"",URBAN,N,N,N,"",DAYLIGHT,CLEAR,DRY,"",T-INTERSECTION,"",ASPHALT,IMPROPER PASSING,SAME DIRECTION SIDESWIPE,STATERD37SOLDSTATEROAD37,""
659,INDIANA UNIV BLOOMINGTON PD,BLOOMINGTON,2022-04-08T00:00:00,4:55 PM,2,,0,0,0,"","","",E 10TH ST,STATE RD 45,"",0,"",39.17158522,-86.50214965,STATE ROAD,"",URBAN,N,N,N,"",DAYLIGHT,CLOUDY,DRY,"",FOUR-WAY INTERSECTION,"",ASPHALT,IMPROPER TURNING,LEFT TURN,STATERD45E10THST,""
660,MONROE SD,BLOOMINGTON,2022-01-28T00:00:00,2:14 AM,1,,1,0,0,"","","",STATE RD 446,"","",0,"",39.02829871,-86.40831624,STATE ROAD,"",RURAL,N,N,N,"",DAYLIGHT,CLEAR,SNOW/SLUSH,"",NO JUNCTION INVOLVED,"",ASPHALT,UNSAFE SPEED,RAN OFF ROAD,STATERD446,""
661,BLOOMINGTON PD,BLOOMINGTON,2022-02-11T00:00:00,4:29 PM,2,,0,0,0,2846,"","",E 3RD ST,"","",0,"",39.16097381,-86.49669559,LOCAL/CITY ROAD,"",URBAN,Y,N,N,"",DAYLIGHT,CLEAR,DRY,"",T-INTERSECTION,"",ASPHALT,FAILURE TO YIELD RIGHT OF WAY,RIGHT ANGLE,E3RDST,""
662,MONROE SD,BLOOMINGTON,2022-05-14T00:00:00,1:01 PM,2,,0,0,0,"","","",E ROGERS RD,SADDLEBROOK LN,"",211,"",39.13577475,-86.48687707,LOCAL/CITY ROAD,"",RURAL,N,N,N,"",DAYLIGHT,RAIN,WATER (STANDING OR MOVING),"",NO JUNCTION INVOLVED,"",ASPHALT,SPEED TOO FAST FOR WEATHER CONDITIONS,REAR END,SADDLEBROOKLNEROGERSRD,""
663,MONROE SD,BLOOMINGTON,2022-05-16T00:00:00,5:58 AM,1,,1,0,0,"","","",STATE RD 446,"","",0,"",39.07960025,-86.41764111,"","",RURAL,N,N,N,"",DAYLIGHT,CLEAR,DRY,"",NO JUNCTION INVOLVED,"",ASPHALT,UNSAFE SPEED,RAN OFF ROAD,STATERD446,""
664,MONROE SD,"",2022-05-17T00:00:00,8:02 AM,2,,0,0,0,"","","",STATE RD 46,"","",0,"",39.18724622,-86.55808248,STATE ROAD,"",RURAL,N,N,N,"",DAYLIGHT,CLEAR,DRY,"",NO JUNCTION INVOLVED,"",ASPHALT,FOLLOWING TOO CLOSELY,REAR END,STATERD46,""
665,MONROE SD,BLOOMINGTON,2022-04-27T00:00:00,7:23 AM,2,,0,0,0,"","","",W CHURCH LN,S COLLEGE DR,"",0,"",39.107275,-86.535093,LOCAL/CITY ROAD,"",URBAN,N,N,N,"",DAYLIGHT,CLEAR,DRY,"",T-INTERSECTION,"",ASPHALT,FAILURE TO YIELD RIGHT OF WAY,RIGHT ANGLE,WCHURCHLNSCOLLEGEDR,""
666,ISP BLOOMINGTON 33,BLOOMINGTON,2022-04-21T00:00:00,10:08 AM,2,,0,0,0,"","","",W STATE RD 45,S BREEDEN RD,"",0,"",39.08677823,-86.67187856,STATE ROAD,"",RURAL,N,N,Y,INTERMITTENT OR MOVING WORK,DAYLIGHT,RAIN,WET,"",T-INTERSECTION,"",ASPHALT,UNSAFE SPEED,REAR END,WSTATERD45SBREEDENRD,""
667,BLOOMINGTON PD,BLOOMINGTON,2022-05-25T00:00:00,12:00 AM,2,,0,0,0,"","","",W STATE RD 45,"","",0,"",39.14278891,-86.57990356,"","",URBAN,N,N,N,"",UNKNOWN,CLEAR,DRY,"",NO JUNCTION INVOLVED,"",ASPHALT,OTHER (DRIVER) - EXPLAIN IN NARRATIVE,BACKING CRASH,WSTATERD45,""
668,ELLETTSVILLE PD,ELLETTSVILLE,2022-01-27T00:00:00,7:26 AM,2,0,0,0,0,"","","",SR46W,LAKEVIEW,"",,"",39.221152,-86.6056,STATE ROAD,N,URBAN,N,N,N,"",DARK (NOT LIGHTED),CLOUDY,DRY,"",NO JUNCTION INVOLVED,CURVE/GRADE,ASPHALT,FAILURE TO YIELD RIGHT OF WAY,SAME DIRECTION SIDESWIPE,LAKEVIEWDRSR46W,NONE
669,MONROE SD,BLOOMINGTON,2022-01-15T00:00:00,4:01 PM,1,0,0,0,0,"","","",GIFFORD,WOODSIDE,"",565,E,39.15461465,-86.58684546,LOCAL/CITY ROAD,N,URBAN,N,N,N,"",DARK (NOT LIGHTED),SNOW,SNOW/SLUSH,"",NO JUNCTION INVOLVED,CURVE/LEVEL,ASPHALT,RAN OFF ROAD RIGHT,RAN OFF ROAD,GIFFORDRDWOODSIDEDR,LANE CONTROL
670,MONROE SD,BLOOMINGTON,2022-01-12T00:00:00,6:04 PM,1,0,1,0,0,"","","",SR45,N PATHWAYS,"",,"",39.24436075,-86.38545575,STATE ROAD,N,RURAL,N,N,N,"",DARK (NOT LIGHTED),CLOUDY,DRY,"",NO JUNCTION INVOLVED,STRAIGHT/LEVEL,ASPHALT,RAN OFF ROAD RIGHT,RAN OFF ROAD,NPATHWAYSDRSR45,NONE
671,ELLETTSVILLE PD,ELLETTSVILLE,2022-01-05T00:00:00,10:31 AM,2,0,0,0,0,"","","",SR46W,LOVE,"",100,E,39.21898572,-86.60202298,STATE ROAD,N,URBAN,N,N,N,"",DAYLIGHT,CLEAR,DRY,"",NO JUNCTION INVOLVED,STRAIGHT/LEVEL,ASPHALT,FAILURE TO YIELD RIGHT OF WAY,RIGHT ANGLE,LOVELNSR46W,LANE CONTROL
672,ELLETTSVILLE PD,ELLETTSVILLE,2022-02-24T00:00:00,4:09 PM,2,0,0,0,0,"","","",SR46W,LAKEVIEW,"",,"",39.221152,-86.6056,STATE ROAD,N,URBAN,N,N,N,"",DAYLIGHT,RAIN,WET,"",NO JUNCTION INVOLVED,STRAIGHT/LEVEL,ASPHALT,FOLLOWING TOO CLOSELY,REAR END,LAKEVIEWDRSR46W,NONE
673,ELLETTSVILLE PD,ELLETTSVILLE,2022-03-07T00:00:00,8:00 PM,2,0,0,0,0,"","","",SR46W,HARTSTRAIGHT,"",,"",39.227624,-86.615919,STATE ROAD,N,URBAN,N,N,N,"",DARK (LIGHTED),CLOUDY,DRY,"",FOUR-WAY INTERSECTION,STRAIGHT/LEVEL,ASPHALT,CELL PHONE USAGE,SAME DIRECTION SIDESWIPE,HARTSTRAIGHTRDSR46W,TRAFFIC CONTROL SIGNAL
674,ELLETTSVILLE PD,ELLETTSVILLE,2022-02-15T00:00:00,7:28 AM,2,0,1,0,0,"","","",SR46W,LEE,"",300,W,39.24584897,-86.63832633,STATE ROAD,N,URBAN,N,N,N,"",DAYLIGHT,CLEAR,DRY,"",NO JUNCTION INVOLVED,STRAIGHT/GRADE,ASPHALT,FAILURE TO YIELD RIGHT OF WAY,RIGHT ANGLE,LEESTSR46W,OTHER REGULATORY SIGN/MARKING
675,ELLETTSVILLE PD,ELLETTSVILLE,2022-05-05T00:00:00,8:11 PM,1,0,0,0,0,7821,"","",SR46W,"","",,"",39.2512,-86.652504,STATE ROAD,N,RURAL,N,N,N,"",DAWN/DUSK,CLOUDY,WET,"",NO JUNCTION INVOLVED,CURVE/LEVEL,ASPHALT,DRIVER DISTRACTED - EXPLAIN IN NARRATIVE,RAN OFF ROAD,SR46W,NONE
676,ELLETTSVILLE PD,ELLETTSVILLE,2022-02-11T00:00:00,4:18 PM,2,0,0,0,0,"","","",SR46W,SMITH,"",200,W,39.21047397,-86.5837645,STATE ROAD,N,URBAN,N,N,N,"",DAYLIGHT,RAIN,WET,"",FOUR-WAY INTERSECTION,STRAIGHT/LEVEL,ASPHALT,FAILURE TO YIELD RIGHT OF WAY,RIGHT ANGLE,SMITHPIKESR46W,STOP SIGN
677,ELLETTSVILLE PD,ELLETTSVILLE,2022-04-04T00:00:00,2:21 PM,2,0,0,0,0,"","","",SR46W,LAKEVIEW,"",,"",39.221152,-86.6056,STATE ROAD,N,URBAN,N,Y,N,"",DAYLIGHT,CLEAR,DRY,"",NO JUNCTION INVOLVED,STRAIGHT/LEVEL,ASPHALT,FAILURE TO YIELD RIGHT OF WAY,LEFT TURN,LAKEVIEWDRSR46W,STOP SIGN
678,MONROE SD,BLOOMINGTON,2022-01-25T00:00:00,7:00 PM,2,,0,0,0,"","","",W TAPP RD,S RAYLE PL,"",0,"",39.13678906,-86.5786367,LOCAL/CITY ROAD,"",RURAL,N,N,N,"",DARK (NOT LIGHTED),CLEAR,DRY,"",NO JUNCTION INVOLVED,"",ASPHALT,UNSAFE LANE MOVEMENT,LEFT TURN,WTAPPRDSRAYLEPL,""
679,BLOOMINGTON PD,BLOOMINGTON,2022-01-18T00:00:00,9:08 AM,2,,1,0,0,"","","",E 13TH ST,N INDIANA AVE,"",0,"",39.175247,-86.527004,LOCAL/CITY ROAD,"",URBAN,N,N,N,"",DAYLIGHT,CLEAR,ICE,"",FOUR-WAY INTERSECTION,"",ASPHALT,FAILURE TO YIELD RIGHT OF WAY,RIGHT ANGLE,NINDIANAAVEE13THST,""
680,BLOOMINGTON PD,BLOOMINGTON,2022-01-11T00:00:00,4:54 PM,1,,1,0,0,"","","",S COLLEGE MALL RD,"","",0,"",39.15169832,-86.49670304,"","",URBAN,N,N,N,"",DAYLIGHT,CLEAR,DRY,"",T-INTERSECTION,"",ASPHALT,HOLES/RUTS IN SURFACE,OTHER - EXPLAIN IN NARRATIVE,SCOLLEGEMALLRD,""
681,INDIANA UNIV BLOOMINGTON PD,BLOOMINGTON,2022-01-09T00:00:00,2:30 AM,1,,0,0,0,"","","",E 17TH ST,"","",0,"",39.17997519,-86.52587956,"","",URBAN,N,N,N,"",DARK (LIGHTED),RAIN,WET,"",NO JUNCTION INVOLVED,"",CONCRETE,SPEED TOO FAST FOR WEATHER CONDITIONS,SAME DIRECTION SIDESWIPE,E17THST,""
682,BLOOMINGTON PD,BLOOMINGTON,2022-01-13T00:00:00,11:19 AM,2,,0,0,0,"","","",ALEXANDER DR,N JACOB DR,"",0,"",39.1687823,-86.5735697,LOCAL/CITY ROAD,"",URBAN,N,N,N,"",DAYLIGHT,CLEAR,DRY,"",FOUR-WAY INTERSECTION,"",ASPHALT,FAILURE TO YIELD RIGHT OF WAY,RIGHT ANGLE,NJACOBDRALEXANDERDR,""
683,INDIANA UNIV BLOOMINGTON PD,BLOOMINGTON,2022-01-19T00:00:00,6:35 PM,2,,0,0,0,"","","",N DUNN ST,E 17TH ST,"",0,"",39.17917737,-86.5283179,LOCAL/CITY ROAD,"",URBAN,N,N,N,"",DARK (LIGHTED),CLEAR,DRY,"",T-INTERSECTION,"",ASPHALT,FOLLOWING TOO CLOSELY,REAR END,NDUNNSTE17THST,""
684,MONROE SD,BLOOMINGTON,2022-01-17T00:00:00,11:17 AM,2,,0,0,0,"","","",WEST POPCORN ROAD,SOUTH KETCHAM ROAD,"",1500,"",39.0117416,-86.5619147,"","",RURAL,N,N,N,"",DAYLIGHT,CLOUDY,ICE,"",NO JUNCTION INVOLVED,"",ASPHALT,LEFT OF CENTER,OPPOSITE DIRECTION SIDESWIPE,WESTPOPCORNROADSOUTHKETCHAMROAD,""
685,BLOOMINGTON PD,BLOOMINGTON,2022-01-24T00:00:00,1:30 PM,4,,4,0,0,"","","",W 3RD ST,S MULLER PKWY,"",0,"",39.1644095,-86.56275219,LOCAL/CITY ROAD,"",URBAN,N,N,N,"",DAYLIGHT,SNOW,SNOW/SLUSH,"",FOUR-WAY INTERSECTION,"",ASPHALT,FOLLOWING TOO CLOSELY,REAR END,W3RDSTSMULLERPKWY,""
686,BLOOMINGTON PD,BLOOMINGTON,2022-01-05T00:00:00,8:15 PM,2,,0,0,0,"","","",S LIBERTY DR,W STATE RD 45,"",0,"",39.14501988,-86.57776323,LOCAL/CITY ROAD,"",URBAN,N,N,N,"",DARK (NOT LIGHTED),CLEAR,DRY,"",FOUR-WAY INTERSECTION,"",ASPHALT,DISREGARD SIGNAL/REG SIGN,RIGHT ANGLE,WSTATERD45SLIBERTYDR,""
687,BLOOMINGTON PD,BLOOMINGTON,2022-01-03T00:00:00,4:20 PM,2,,0,0,0,"","","",S ADAMS ST,W BLOOMFIELD RD,"",634,"",39.15929784,-86.55076984,LOCAL/CITY ROAD,"",URBAN,N,N,N,"",DAYLIGHT,CLEAR,DRY,"",NO JUNCTION INVOLVED,"",ASPHALT,OTHER (VEHICLE) - EXPLAIN IN NARRATIVE,OPPOSITE DIRECTION SIDESWIPE,WBLOOMFIELDRDSADAMSST,""
688,BLOOMINGTON PD,BLOOMINGTON,2022-01-24T00:00:00,5:14 AM,2,,0,0,0,"","","",STATE RD 46,N WALNUT ST,"",0,"",39.18646938,-86.5359158,STATE ROAD,"",URBAN,N,N,N,"",DAYLIGHT,CLOUDY,WET,"",NO JUNCTION INVOLVED,"",ASPHALT,FOLLOWING TOO CLOSELY,REAR END,STATERD46NWALNUTST,""
689,MONROE SD,BLOOMINGTON,2022-01-15T00:00:00,8:29 AM,1,,0,0,0,"","","",N MT GILEAD TD,N GETTY'S CREEK RD,"",1000,"",39.193437,-86.436407,LOCAL/CITY ROAD,"",RURAL,N,N,N,"",DAYLIGHT,SNOW,ICE,"",NO JUNCTION INVOLVED,"",ASPHALT,ROADWAY SURFACE CONDITION,RAN OFF ROAD,NMTGILEADTDNGETTY'SCREEKRD,""
690,INDIANA UNIV BLOOMINGTON PD,BLOOMINGTON,2022-01-19T00:00:00,12:05 PM,2,,0,0,0,"","","",E 10TH ST,WOODLAWN AVE,"",0,"",39.17167392,-86.52345962,"","",RURAL,N,N,N,"",DAYLIGHT,CLEAR,DRY,"",FOUR-WAY INTERSECTION,"",ASPHALT,UNSAFE BACKING,BACKING CRASH,WOODLAWNAVEE10THST,""
691,INDIANA UNIV BLOOMINGTON PD,BLOOMINGTON,2022-01-19T00:00:00,1:40 PM,2,,2,0,0,"","","",E 10TH ST,N FEE LN,"",0,"",39.17160738,-86.51902861,LOCAL/CITY ROAD,"",URBAN,N,N,N,"",DAYLIGHT,CLOUDY,DRY,"",T-INTERSECTION,"",ASPHALT,FOLLOWING TOO CLOSELY,REAR END,NFEELNE10THST,""
692,MONROE SD,BLOOMINGTON,2022-01-17T00:00:00,8:41 PM,1,,0,0,0,"","","",I-69,"","",634,"",39.33307581,-86.51340668,INTERSTATE,"",RURAL,N,N,N,"",DARK (NOT LIGHTED),CLEAR,DRY,"",NO JUNCTION INVOLVED,"",ASPHALT,ANIMAL/OBJECT IN ROADWAY,RAN OFF ROAD,I-69,""
693,BLOOMINGTON PD,BLOOMINGTON,2022-01-20T00:00:00,12:16 PM,2,,0,0,0,"","","",N. COLLEGE AVE,W. 8TH ST,"",0,"",39.169503,-86.534847,LOCAL/CITY ROAD,"",URBAN,N,N,N,"",DAYLIGHT,CLEAR,DRY,"",NO JUNCTION INVOLVED,"",ASPHALT,UNSAFE BACKING,BACKING CRASH,W.8THSTN.COLLEGEAVE,""
694,BLOOMINGTON PD,BLOOMINGTON,2022-01-23T00:00:00,6:30 AM,2,,0,0,0,1300,"","",S PATTERSON DR,"","",0,"",39.15443372,-86.54310501,LOCAL/CITY ROAD,"",URBAN,N,N,N,"",UNKNOWN,CLEAR,DRY,"",NO JUNCTION INVOLVED,"",CONCRETE,IMPROPER LANE USAGE,RIGHT TURN,SPATTERSONDR,""
695,BLOOMINGTON PD,BLOOMINGTON,2022-01-08T00:00:00,11:07 AM,2,,0,0,0,"","","",3100 BLK W. SR45,I69/37 OVERPASS,"",200,"",0,0,STATE ROAD,"",URBAN,N,N,N,"",DAYLIGHT,CLOUDY,DRY,"",NO JUNCTION INVOLVED,"",CONCRETE,UNSAFE LANE MOVEMENT,SAME DIRECTION SIDESWIPE,I69/37OVERPASS3100BLKW.SR45,""
696,INDIANA UNIV BLOOMINGTON PD,BLOOMINGTON,2022-01-10T00:00:00,9:23 AM,2,,0,0,0,1600,"","",E 10TH ST,"","",0,"",39.17188602,-86.51206023,LOCAL/CITY ROAD,"",URBAN,N,N,N,"",DAYLIGHT,CLOUDY,DRY,"",NO JUNCTION INVOLVED,"",ASPHALT,OTHER (DRIVER) - EXPLAIN IN NARRATIVE,BACKING CRASH,E10THST,""
697,INDIANA UNIV BLOOMINGTON PD,BLOOMINGTON,2022-01-26T00:00:00,6:00 PM,1,,0,0,1,"","","",STATE RD 45,"","",0,"",39.18184561,-86.50941557,STATE ROAD,"",URBAN,N,N,N,"",DAYLIGHT,CLEAR,DRY,"",NO JUNCTION INVOLVED,"",ASPHALT,ANIMAL/OBJECT IN ROADWAY,COLLISION WITH DEER,STATERD45,""
698,BLOOMINGTON PD,BLOOMINGTON,2022-01-26T00:00:00,3:25 AM,2,,0,0,0,"","","",STATE RD 46,EASTGATE LN,"",158,"",39.16992304,-86.50141902,STATE ROAD,"",URBAN,N,N,N,"",DAYLIGHT,CLEAR,DRY,"",NO JUNCTION INVOLVED,"",ASPHALT,FOLLOWING TOO CLOSELY,REAR END,STATERD46EASTGATELN,""
699,BLOOMINGTON PD,BLOOMINGTON,2022-01-11T00:00:00,4:51 PM,3,,2,0,0,"","","",1199 S COLLEGE MALL ROAD,"","",0,"",0,0,LOCAL/CITY ROAD,"",URBAN,N,N,N,"",DAWN/DUSK,CLEAR,DRY,"",FOUR-WAY INTERSECTION,"",ASPHALT,DRIVER ILLNESS,HEAD ON BETWEEN TWO MOTOR VEHICLES,1199SCOLLEGEMALLROAD,""
700,BLOOMINGTON PD,BLOOMINGTON,2022-01-01T00:00:00,2:52 PM,3,,0,0,0,"","","",S LEONARD SPRINGS RD,W SIMS LN,"",0,"",39.12609456,-86.58257087,LOCAL/CITY ROAD,"",URBAN,N,N,N,"",DAYLIGHT,RAIN,WET,"",INTERCHANGE,"",ASPHALT,FOLLOWING TOO CLOSELY,REAR END,WSIMSLNSLEONARDSPRINGSRD,""
701,BLOOMINGTON PD,BLOOMINGTON,2022-01-05T00:00:00,1:48 PM,2,,0,0,0,"","","",W 17TH ST,N WALNUT ST,"",0,"",39.17897822,-86.53353954,LOCAL/CITY ROAD,"",URBAN,N,N,N,"",DAYLIGHT,CLEAR,DRY,"",FOUR-WAY INTERSECTION,"",ASPHALT,DISREGARD SIGNAL/REG SIGN,RIGHT ANGLE,W17THSTNWALNUTST,""
702,BLOOMINGTON PD,BLOOMINGTON,2022-01-12T00:00:00,5:21 PM,1,,0,0,0,574,"","",S LANDMARK AVE,"","",0,"",39.1601593,-86.5539649,LOCAL/CITY ROAD,"",URBAN,N,N,N,"",DAYLIGHT,CLEAR,DRY,"",NO JUNCTION INVOLVED,"",ASPHALT,OTHER (DRIVER) - EXPLAIN IN NARRATIVE,OTHER - EXPLAIN IN NARRATIVE,SLANDMARKAVE,""
703,ELLETTSVILLE PD,ELLETTSVILLE,2022-05-03T00:00:00,7:24 AM,2,,0,0,0,"","","",S EDGEWOOD DR,W TEMPERANCE ST,"",0,"",39.23626957,-86.62846667,STATE ROAD,"",URBAN,Y,N,N,"",DAWN/DUSK,RAIN,WET,"",T-INTERSECTION,"",ASPHALT,IMPROPER TURNING,LEFT/RIGHT TURN,WTEMPERANCESTSEDGEWOODDR,""
704,BLOOMINGTON PD,BLOOMINGTON,2022-05-14T00:00:00,4:14 PM,2,,1,0,0,"","","",E 3RD ST,S PETE ELLIS DR,"",0,"",39.16420554,-86.49489623,LOCAL/CITY ROAD,"",URBAN,N,N,N,"",DAYLIGHT,CLOUDY,WET,"",FOUR-WAY INTERSECTION,"",ASPHALT,FOLLOWING TOO CLOSELY,REAR END,SPETEELLISDRE3RDST,""
705,BLOOMINGTON PD,BLOOMINGTON,2022-02-12T00:00:00,8:27 PM,2,,0,0,0,"","","",W 10TH ST,N COLLEGE AVE,"",0,"",39.17167739,-86.53484649,"","",URBAN,N,N,N,"",DARK (LIGHTED),CLEAR,WET,"",FOUR-WAY INTERSECTION,"",ASPHALT,UNSAFE LANE MOVEMENT,LEFT TURN,W10THSTNCOLLEGEAVE,""
706,BLOOMINGTON PD,BLOOMINGTON,2022-02-26T00:00:00,9:50 PM,2,,0,0,0,"","","",E WYLIE FARM RD,S BAYBERRY DR,"",0,"",0,0,LOCAL/CITY ROAD,"",URBAN,N,N,N,"",DARK (NOT LIGHTED),CLEAR,DRY,"",FOUR-WAY INTERSECTION,"",ASPHALT,DRIVER DISTRACTED - EXPLAIN IN NARRATIVE,REAR END,SBAYBERRYDREWYLIEFARMRD,""
707,MONROE SD,BLOOMINGTON,2022-02-13T00:00:00,5:35 PM,2,,0,0,0,3585,"","",WEST STATE ROAD 45,"","",0,"",39.141477,-86.58021,OTHER,"",URBAN,N,N,N,"",DAYLIGHT,CLOUDY,DRY,"",NO JUNCTION INVOLVED,"",ASPHALT,DRIVER DISTRACTED - EXPLAIN IN NARRATIVE,BACKING CRASH,WESTSTATEROAD45,""
708,BLOOMINGTON PD,BLOOMINGTON,2022-01-28T00:00:00,1:35 PM,2,,0,0,0,1150,"","",S CLARIZZ BLVD: THE MONROE,"","",0,"",39.15382652,-86.49292385,LOCAL/CITY ROAD,"",URBAN,N,N,N,"",DAYLIGHT,SNOW,SNOW/SLUSH,"",NO JUNCTION INVOLVED,"",ASPHALT,OTHER (ENVIRONMENTAL) - EXPLAIN IN NARR,REAR END,SCLARIZZBLVD:THEMONROE,""
709,ISP BLOOMINGTON 33,BLOOMINGTON,2022-02-24T00:00:00,10:40 AM,2,,0,0,0,"","","",SR45,N WALNUT ST,"",600,"",39.18626641,-86.53386459,STATE ROAD,"",URBAN,N,N,N,"",DAYLIGHT,CLOUDY,WET,"",NO JUNCTION INVOLVED,"",ASPHALT,SPEED TOO FAST FOR WEATHER CONDITIONS,REAR END,SR45NWALNUTST,""