_id,Agency,City,Collision Date,Collision Time,Vehicles Involved,Trailers Involved,Number Injured,Number Dead,Number Deer,House Number,Roadway Interchange,Roadway Ramp,Roadway Id,Intersecting Road,Interchange,Feet From,Direction,Latitude,Longitude,Roadway Class,Hit and Run?,Locality,School Zone?,Rumble Strips?,Construction?,Construction Type,Light Condition,Weather Conditions,Surface Condition,Type of Median,Roadway Junction Type,Road Character,Roadway Surface,Primary Factor,Manner of Collision,Unique Location Id,Traffic Control
710,BLOOMINGTON PD,BLOOMINGTON,2022-02-05T00:00:00,4:01 PM,2,,0,0,0,"","","",N INDIANA AVE,E 13TH ST,"",0,"",39.175232,-86.5269973,LOCAL/CITY ROAD,"",URBAN,N,N,N,"",DAYLIGHT,CLEAR,DRY,"",FOUR-WAY INTERSECTION,"",ASPHALT,FAILURE TO YIELD RIGHT OF WAY,RIGHT ANGLE,NINDIANAAVEE13THST,""
711,BLOOMINGTON PD,BLOOMINGTON,2022-03-02T00:00:00,8:12 AM,2,,0,0,0,"","","",2801 N. WALNUT ST,E. BLUE RIDGE DR,"",2000,"",39.1959163,-86.53202564,LOCAL/CITY ROAD,"",URBAN,N,N,N,"",DAYLIGHT,CLEAR,DRY,"",NO JUNCTION INVOLVED,"",ASPHALT,FOLLOWING TOO CLOSELY,REAR END,E.BLUERIDGEDR2801N.WALNUTST,""
712,MONROE SD,BLOOMINGTON,2022-03-30T00:00:00,7:31 AM,2,,2,0,0,"","","",N CURRY PIKE,W VERNAL PIKE,"",0,"",39.179165,-86.583074,LOCAL/CITY ROAD,"",URBAN,N,N,N,"",DAYLIGHT,CLEAR,DRY,"",FOUR-WAY INTERSECTION,"",ASPHALT,FAILURE TO YIELD RIGHT OF WAY,RIGHT ANGLE,WVERNALPIKENCURRYPIKE,""
713,BLOOMINGTON PD,BLOOMINGTON,2022-04-21T00:00:00,4:50 PM,2,,0,0,0,"","","",W COUNTRY CLUB DR,S BANTA AVE,"",50,"",39.13620905,-86.54452291,LOCAL/CITY ROAD,"",URBAN,N,N,N,"",DAYLIGHT,CLEAR,DRY,"",NO JUNCTION INVOLVED,"",ASPHALT,FOLLOWING TOO CLOSELY,REAR END,WCOUNTRYCLUBDRSBANTAAVE,""
714,BLOOMINGTON PD,BLOOMINGTON,2022-04-19T00:00:00,2:29 PM,2,,2,0,0,"","","",S ROGERS ST,S ROCKPORT RD,"",0,"",39.14609541,-86.5388698,LOCAL/CITY ROAD,"",URBAN,N,N,B,"",DAYLIGHT,CLEAR,DRY,"",FOUR-WAY INTERSECTION,"",ASPHALT,IMPROPER TURNING,SAME DIRECTION SIDESWIPE,SROGERSSTSROCKPORTRD,""
715,INDIANA UNIV BLOOMINGTON PD,BLOOMINGTON,2022-02-24T00:00:00,3:30 PM,1,,0,0,0,2901,"","",E. DISCOVERY PKWY,"","",0,"",39.17727456,-86.49378366,PRIVATE DRIVE,"",URBAN,N,N,N,"",DAYLIGHT,RAIN,WET,"",NO JUNCTION INVOLVED,"",ASPHALT,IMPROPER TURNING,LEFT TURN,E.DISCOVERYPKWY,""
716,BLOOMINGTON PD,BLOOMINGTON,2022-02-25T00:00:00,6:06 PM,2,,2,0,0,"","","",W 2ND ST BLOOMINGTON IN,"S WALKER ST BLOOMINGTON, IN","",0,"",,,LOCAL/CITY ROAD,"",URBAN,N,N,N,"",DAWN/DUSK,CLEAR,DRY,"",FOUR-WAY INTERSECTION,"",ASPHALT,DISREGARD SIGNAL/REG SIGN,RIGHT ANGLE,"W2NDSTBLOOMINGTONINSWALKERSTBLOOMINGTON,IN",""
717,DNR LAW ENFORCEMENT,BLOOMINGTON,2022-04-09T00:00:00,3:30 PM,1,,0,0,0,"","","",S SMITH RD,E MOORES PIKE,"",0,"",39.15015299,-86.48046917,COUNTY ROAD,"",URBAN,N,N,N,"",DAYLIGHT,CLEAR,DRY,"",FOUR-WAY INTERSECTION,"",ASPHALT,OTHER (VEHICLE) - EXPLAIN IN NARRATIVE,NON-COLLISION,SSMITHRDEMOORESPIKE,""
718,BLOOMINGTON PD,BLOOMINGTON,2022-02-26T00:00:00,9:45 PM,2,,0,0,0,"","","",S WINFIELD RD,E MOORES PIKE,"",0,"",39.15041928,-86.50085977,"","",URBAN,N,N,N,"",DARK (LIGHTED),CLEAR,DRY,"",TRAFFIC CIRCLE/ROUNDABOUT,"",ASPHALT,FAILURE TO YIELD RIGHT OF WAY,RIGHT TURN,SWINFIELDRDEMOORESPIKE,""
719,BLOOMINGTON PD,BLOOMINGTON,2022-01-15T00:00:00,11:30 AM,2,,0,0,0,"","","",N WALNUT ST ST,E GLENDORA DR,"",0,"",39.19025299,-86.53322286,LOCAL/CITY ROAD,"",URBAN,N,N,N,"",DARK (NOT LIGHTED),CLEAR,DRY,"",Y-INTERSECTION,"",ASPHALT,UNSAFE LANE MOVEMENT,RIGHT TURN,NWALNUTSTSTEGLENDORADRDR,""
720,INDIANA UNIV BLOOMINGTON PD,BLOOMINGTON,2022-05-10T00:00:00,7:20 PM,2,,0,0,0,"","","",E 3RD ST,S JORDAN AVE,"",0,"",39.16425839,-86.51635177,LOCAL/CITY ROAD,"",URBAN,N,N,N,"",DAYLIGHT,CLEAR,DRY,"",FOUR-WAY INTERSECTION,"",ASPHALT,UNSAFE LANE MOVEMENT,SAME DIRECTION SIDESWIPE,SJORDANAVEE3RDST,""
721,ISP BLOOMINGTON 33,BLOOMINGTON,2022-01-20T00:00:00,12:35 PM,1,,1,0,0,"","","",N UPPER BIRDIE GALYAN RD,STATE RD 46,"",0,"",39.16271652,-86.41334067,STATE ROAD,"",RURAL,N,N,N,"",DAYLIGHT,CLEAR,DRY,"",T-INTERSECTION,"",ASPHALT,UNSAFE SPEED,RAN OFF ROAD,STATERD46NUPPERBIRDIEGALYANRD,""
722,BLOOMINGTON PD,BLOOMINGTON,2022-04-21T00:00:00,7:28 PM,1,,0,0,0,"","","",E 3RD ST,S KINGSTON DR,"",475,"",39.16429235,-86.49200446,LOCAL/CITY ROAD,"",URBAN,N,N,N,"",DAYLIGHT,CLEAR,DRY,"",NO JUNCTION INVOLVED,"",ASPHALT,DRIVER DISTRACTED - EXPLAIN IN NARRATIVE,RAN OFF ROAD,SKINGSTONDRE3RDST,""
723,BLOOMINGTON PD,BLOOMINGTON,2022-04-22T00:00:00,5:18 PM,1,,0,0,0,"","","",W KIRKWOOD AVE,S GENTRY ST,"",0,"",39.16655877,-86.5356412,LOCAL/CITY ROAD,"",URBAN,N,N,N,"",DAYLIGHT,CLEAR,DRY,"",NO JUNCTION INVOLVED,"",ASPHALT,UNDER STEERING/UNDER CORRECTING,OTHER - EXPLAIN IN NARRATIVE,WKIRKWOODAVESGENTRYST,""
724,BLOOMINGTON PD,BLOOMINGTON,2022-01-25T00:00:00,12:51 PM,2,,0,0,0,"","","",E 11TH ST,N PARK AVE,"",0,"",39.173432,-86.524688,LOCAL/CITY ROAD,"",URBAN,N,N,N,"",DAYLIGHT,CLEAR,DRY,"",FOUR-WAY INTERSECTION,"",ASPHALT,FAILURE TO YIELD RIGHT OF WAY,RIGHT ANGLE,NPARKAVEE11THST,""
725,BLOOMINGTON PD,BLOOMINGTON,2022-03-24T00:00:00,9:00 PM,2,,0,0,0,"","","",E 19TH ST,N LINCOLN ST,"",0,"",39.18118912,-86.53140746,LOCAL/CITY ROAD,"",URBAN,N,N,N,"",DAYLIGHT,CLEAR,DRY,"",FOUR-WAY INTERSECTION,"",ASPHALT,FAILURE TO YIELD RIGHT OF WAY,REAR END,NLINCOLNSTE19THST,""
726,ISP BLOOMINGTON 33,BLOOMINGTON,2022-05-17T00:00:00,9:05 AM,2,,0,0,0,"","","",SR46,ARLINGTON ROAD,"",2640,"",40.23912734,-85.92877232,STATE ROAD,"",URBAN,N,N,N,"",DAYLIGHT,CLEAR,DRY,"",NO JUNCTION INVOLVED,"",ASPHALT,UNSAFE SPEED,REAR END,SR46ARLINGTONROAD,""
727,BLOOMINGTON PD,BLOOMINGTON,2022-03-11T00:00:00,4:16 PM,2,,0,0,0,"","","",S WEIMER RD,W TAPP RD,"",0,"",39.13663386,-86.56198652,LOCAL/CITY ROAD,"",URBAN,N,N,N,"",DAYLIGHT,SNOW,WET,"",T-INTERSECTION,"",ASPHALT,UNSAFE BACKING,BACKING CRASH,WTAPPRDSWEIMERRD,""
728,MONROE SD,BLOOMINGTON,2022-05-20T00:00:00,3:06 PM,2,,0,0,0,"","","",N BUTCHER RD,W OLD CAPITOL PIKE,"",0,"",39.10666954,-86.55113865,PRIVATE DRIVE,"",URBAN,N,N,N,"",DAYLIGHT,CLEAR,DRY,"",NO JUNCTION INVOLVED,"",ASPHALT,UNSAFE BACKING,REAR TO REAR,WOLDCAPITOLPIKENBUTCHERRD,""
729,BLOOMINGTON PD,BLOOMINGTON,2022-05-25T00:00:00,6:42 PM,2,,0,0,0,"","","",E 10TH ST,N DUNN ST,"",0,"",39.17164652,-86.52823279,LOCAL/CITY ROAD,"",URBAN,N,N,N,"",DAYLIGHT,RAIN,WET,"",FOUR-WAY INTERSECTION,"",ASPHALT,FOLLOWING TOO CLOSELY,REAR END,NDUNNSTE10THST,""
730,BLOOMINGTON PD,BLOOMINGTON,2022-04-04T00:00:00,12:12 PM,1,,0,0,0,"","","",1925 E. ATWATER AVE,"","",0,"",,,PRIVATE DRIVE,"",URBAN,N,N,N,"",DAYLIGHT,CLOUDY,DRY,"",NO JUNCTION INVOLVED,"",ASPHALT,OTHER (VEHICLE) - EXPLAIN IN NARRATIVE,OTHER - EXPLAIN IN NARRATIVE,1925E.ATWATERAVE,""
731,BLOOMINGTON PD,BLOOMINGTON,2022-05-26T00:00:00,11:30 PM,1,,0,0,0,"","","",N PETE ELLIS DR,E BRAESIDE DR,"",0,"",39.1684711,-86.49508163,LOCAL/CITY ROAD,"",URBAN,N,N,N,"",DARK (NOT LIGHTED),RAIN,WET,"",NO JUNCTION INVOLVED,"",ASPHALT,SPEED TOO FAST FOR WEATHER CONDITIONS,RAN OFF ROAD,NPETEELLISDREBRAESIDEDR,""
732,BLOOMINGTON PD,BLOOMINGTON,2022-04-09T00:00:00,12:31 PM,2,,0,0,0,"","","",7TH,DUNN,"",0,"",0,0,LOCAL/CITY ROAD,"",URBAN,N,N,N,"",DAYLIGHT,CLOUDY,DRY,"",FOUR-WAY INTERSECTION,"",ASPHALT,FAILURE TO YIELD RIGHT OF WAY,RIGHT ANGLE,DUNN7TH,""
733,INDIANA UNIV BLOOMINGTON PD,BLOOMINGTON,2022-05-16T00:00:00,7:25 AM,1,,0,0,0,"","","",E 7TH ST,N WOODLAWN AVE,"",0,"",39.16851108,-86.52385391,LOCAL/CITY ROAD,"",URBAN,N,N,N,"",DAYLIGHT,CLEAR,DRY,"",NO JUNCTION INVOLVED,"",ASPHALT,OTHER (DRIVER) - EXPLAIN IN NARRATIVE,OTHER - EXPLAIN IN NARRATIVE,NWOODLAWNAVEE7THST,""
734,BLOOMINGTON PD,BLOOMINGTON,2022-04-19T00:00:00,6:18 PM,2,,1,0,0,"","","",STATE RD 46,N KINSER PIKE,"",0,"",39.18650271,-86.5377353,STATE ROAD,"",URBAN,N,N,N,"",DAYLIGHT,CLEAR,DRY,"",NO JUNCTION INVOLVED,"",ASPHALT,DRIVER DISTRACTED - EXPLAIN IN NARRATIVE,REAR END,STATERD46NKINSERPIKE,""
735,BLOOMINGTON PD,BLOOMINGTON,2022-05-18T00:00:00,1:46 PM,2,,0,0,0,"","","",E MOORES PIKE,S SARE RD,"",0,"",39.15046519,-86.49823792,PRIVATE DRIVE,"",URBAN,N,N,N,"",DAYLIGHT,CLOUDY,DRY,"",FOUR-WAY INTERSECTION,"",ASPHALT,FOLLOWING TOO CLOSELY,REAR END,SSARERDEMOORESPIKE,""
736,MONROE SD,BLOOMINGTON,2022-02-20T00:00:00,3:08 AM,1,,0,0,0,"","","",STATE RD 46,E KENT RD,"",0,"",39.15161363,-86.40234321,STATE ROAD,"",RURAL,N,N,N,"",DARK (NOT LIGHTED),CLEAR,DRY,"",NO JUNCTION INVOLVED,"",ASPHALT,OTHER (DRIVER) - EXPLAIN IN NARRATIVE,RAN OFF ROAD,STATERD46EKENTRD,""
737,BLOOMINGTON PD,BLOOMINGTON,2022-03-23T00:00:00,6:30 PM,2,,0,0,0,"","","",404 S WASHINGTON ST,"","",0,"",39.16240104,-86.5323804,PRIVATE DRIVE,"",URBAN,N,N,N,"",DAYLIGHT,CLOUDY,DRY,"",NO JUNCTION INVOLVED,"",CONCRETE,IMPROPER TURNING,SAME DIRECTION SIDESWIPE,404SWASHINGTONST,""
738,BLOOMINGTON PD,BLOOMINGTON,2022-04-21T00:00:00,4:45 AM,2,,0,0,0,"","","",E 3RD ST,"","",0,"",39.16403819,-86.51588744,PRIVATE DRIVE,"",URBAN,N,N,N,"",DAYLIGHT,CLEAR,DRY,"",NO JUNCTION INVOLVED,"",ASPHALT,IMPROPER TURNING,LEFT TURN,E3RDST,""
739,BLOOMINGTON PD,BLOOMINGTON,2022-05-14T00:00:00,9:30 AM,2,,0,0,0,"","","",W BLOOMFIELD RD,S LEONARD SPRINGS RD,"",0,"",0,0,LOCAL/CITY ROAD,"",URBAN,N,N,N,"",DAYLIGHT,CLEAR,DRY,"",T-INTERSECTION,"",ASPHALT,FAILURE TO YIELD RIGHT OF WAY,RIGHT ANGLE,WBLOOMFIELDRDSLEONARDSPRINGSRD,""
740,ISP BLOOMINGTON 33,BLOOMINGTON,2022-05-10T00:00:00,11:47 AM,2,,0,0,0,"","","",SR48,N GATES DR,"",0,"",39.16461623,-86.57607296,STATE ROAD,"",URBAN,N,N,N,"",DAYLIGHT,CLEAR,DRY,"",NO JUNCTION INVOLVED,"",ASPHALT,UNSAFE LANE MOVEMENT,SAME DIRECTION SIDESWIPE,SR48NGATESDR,""
741,BLOOMINGTON PD,BLOOMINGTON,2022-04-07T00:00:00,5:28 AM,2,,0,0,0,3870,"","",W 3RD ST,"","",0,"",39.16614165,-86.5820087,PRIVATE DRIVE,"",URBAN,N,N,N,"",DAYLIGHT,CLEAR,DRY,"",NO JUNCTION INVOLVED,"",ASPHALT,FAILURE TO YIELD RIGHT OF WAY,BACKING CRASH,W3RDST,""
742,MONROE SD,BLOOMINGTON,2022-02-08T00:00:00,1:09 AM,1,,0,0,1,"","","",S ROGERS ST,PHYLLIS ST,"",50,"",39.10356341,-86.54015419,LOCAL/CITY ROAD,"",URBAN,N,N,N,"",DARK (NOT LIGHTED),CLEAR,DRY,"",NO JUNCTION INVOLVED,"",ASPHALT,ANIMAL/OBJECT IN ROADWAY,COLLISION WITH DEER,SROGERSSTPHYLLISST,""
743,MONROE SD,BLOOMINGTON,2022-02-02T00:00:00,6:49 AM,1,,0,0,0,"","","",N STATE ROAD 37 BUSINESS,N OLD STATE ROAD 37,"",0,"",39.20912831,-86.53505325,LOCAL/CITY ROAD,"",RURAL,N,N,N,"",DARK (NOT LIGHTED),RAIN,WET,"",NO JUNCTION INVOLVED,"",ASPHALT,ANIMAL/OBJECT IN ROADWAY,COLLISION WITH OBJECT IN ROAD,NSTATEROAD37BUSINESSNOLDSTATEROAD37,""
744,INDIANA UNIV BLOOMINGTON PD,BLOOMINGTON,2022-03-30T00:00:00,5:38 PM,2,,1,0,0,"","","",N MILO B SAMPSON LN,STATE RD 45,"",0,"",39.18635296,-86.52218289,STATE ROAD,"",URBAN,N,N,N,"",DAYLIGHT,CLEAR,DRY,"",NO JUNCTION INVOLVED,"",ASPHALT,FOLLOWING TOO CLOSELY,REAR END,STATERD45NMILOBSAMPSONLN,""
745,BLOOMINGTON PD,BLOOMINGTON,2022-04-18T00:00:00,6:22 PM,2,,0,0,0,"","","",STATE RD 45/46 BYPASS,N DUNN ST,"",475,"",39.18632247,-86.52737564,LOCAL/CITY ROAD,"",URBAN,N,N,N,"",DAYLIGHT,CLOUDY,WET,"",NO JUNCTION INVOLVED,"",ASPHALT,FOLLOWING TOO CLOSELY,REAR END,STATERD45/46BYPASSNDUNNST,""
746,MONROE SD,"",2022-03-10T00:00:00,9:11 AM,4,,0,0,0,"","","",W ARLINGTON RD,N NORWEST WOODS LN,"",0,"",39.19810721,-86.5586101,"","",RURAL,N,N,N,"",DAYLIGHT,CLEAR,DRY,"",T-INTERSECTION,"",ASPHALT,DRIVER DISTRACTED - EXPLAIN IN NARRATIVE,REAR END,WARLINGTONRDNNORWESTWOODSLN,""
747,BLOOMINGTON PD,BLOOMINGTON,2022-04-13T00:00:00,8:22 PM,2,,0,0,0,"","","",S COLLEGE MALL RD,E MOORES PIKE,"",0,"",39.15160745,-86.49764306,LOCAL/CITY ROAD,"",URBAN,N,N,N,"",DARK (LIGHTED),RAIN,WET,"",FOUR-WAY INTERSECTION,"",ASPHALT,FAILURE TO YIELD RIGHT OF WAY,RIGHT ANGLE,SCOLLEGEMALLRDEMOORESPIKE,""
748,ELLETTSVILLE PD,ELLETTSVILLE,2022-04-29T00:00:00,5:32 PM,1,,0,0,0,"","","",W STATE RD 46,N LAKEVIEW DR,"",158,"",39.22121862,-86.60570008,STATE ROAD,"",RURAL,N,N,N,"",DAYLIGHT,CLEAR,DRY,"",NO JUNCTION INVOLVED,"",ASPHALT,OTHER (DRIVER) - EXPLAIN IN NARRATIVE,RAN OFF ROAD,WSTATERD46NLAKEVIEWDR,""
749,MONROE SD,BLOOMINGTON,2022-05-23T00:00:00,12:58 PM,1,,0,0,1,"","","",WEST STATE RD 45,WEST ELLER ROAD,"",0,"",39.122404,-86.614233,STATE ROAD,"",RURAL,N,N,N,"",DAYLIGHT,CLOUDY,DRY,"",NO JUNCTION INVOLVED,"",ASPHALT,ANIMAL/OBJECT IN ROADWAY,COLLISION WITH DEER,WESTSTATERD45WESTELLERROAD,""
750,BLOOMINGTON PD,BLOOMINGTON,2022-03-12T00:00:00,10:00 PM,2,,0,0,0,"","","",S WALNUT ST,E MILLER DR,"",634,"",39.14586382,-86.5323431,LOCAL/CITY ROAD,"",URBAN,N,N,N,"",DARK (LIGHTED),CLEAR,DRY,"",NO JUNCTION INVOLVED,"",ASPHALT,FOLLOWING TOO CLOSELY,REAR END,SWALNUTSTEMILLERDR,""
751,BLOOMINGTON PD,BLOOMINGTON,2022-02-25T00:00:00,12:19 PM,3,,0,0,0,"","","",E 10TH ST,"","",0,"",0,0,LOCAL/CITY ROAD,"",URBAN,N,N,N,"",DAYLIGHT,CLEAR,DRY,"",NO JUNCTION INVOLVED,"",ASPHALT,FOLLOWING TOO CLOSELY,REAR END,E10THST,""
752,BLOOMINGTON PD,BLOOMINGTON,2022-03-02T00:00:00,5:17 PM,2,,1,0,0,"","","",S HIGH ST,E WIMBLETON LN,"",0,"",39.14410999,-86.50831336,LOCAL/CITY ROAD,"",URBAN,N,N,N,"",DAYLIGHT,CLEAR,DRY,"",FOUR-WAY INTERSECTION,"",ASPHALT,FOLLOWING TOO CLOSELY,RAN OFF ROAD,SHIGHSTEWIMBLETONLN,""
753,BLOOMINGTON PD,BLOOMINGTON,2022-01-27T00:00:00,3:01 PM,2,,0,0,0,"","","",E NORTH DR,PRIVATE DRIVE,"",0,"",39.14455412,-86.52932758,LOCAL/CITY ROAD,"",URBAN,N,N,N,"",DAYLIGHT,CLEAR,DRY,"",FOUR-WAY INTERSECTION,"",ASPHALT,FAILURE TO YIELD RIGHT OF WAY,RIGHT ANGLE,PRIVATEDRIVEENORTHDR,""
754,BLOOMINGTON PD,BLOOMINGTON,2022-03-29T00:00:00,10:30 AM,2,,0,0,0,"","","",E WYLIE ST,S WASHINGTON ST,"",0,"",39.15833965,-86.53220929,LOCAL/CITY ROAD,"",URBAN,N,N,N,"",DAYLIGHT,CLEAR,DRY,"",NO JUNCTION INVOLVED,"",ASPHALT,OTHER (VEHICLE) - EXPLAIN IN NARRATIVE,SAME DIRECTION SIDESWIPE,SWASHINGTONSTEWYLIEST,""
755,BLOOMINGTON PD,BLOOMINGTON,2022-04-25T00:00:00,11:05 AM,1,,0,0,0,"","","",S KINGSTON DR,E LONGVIEW AVE,"",0,"",39.16658336,-86.49280734,LOCAL/CITY ROAD,"",URBAN,N,N,N,"",DAYLIGHT,RAIN,WET,"",NO JUNCTION INVOLVED,"",ASPHALT,ROADWAY SURFACE CONDITION,RAN OFF ROAD,SKINGSTONDRELONGVIEWAVE,""
756,BLOOMINGTON PD,BLOOMINGTON,2022-05-01T00:00:00,7:08 PM,2,,0,0,0,"","","",W 6TH ST,N ROGERS ST,"",0,"",39.16759596,-86.53868877,"","",URBAN,N,N,N,"",DAYLIGHT,CLEAR,DRY,"",FOUR-WAY INTERSECTION,"",ASPHALT,DISREGARD SIGNAL/REG SIGN,RIGHT ANGLE,W6THSTNROGERSST,""
757,INDIANA UNIV BLOOMINGTON PD,BLOOMINGTON,2022-03-20T00:00:00,12:36 PM,3,,1,0,0,"","","",STATE RD 45,10TH. ST,"",845,"",39.17336395,-86.5032618,LOCAL/CITY ROAD,"",URBAN,N,N,N,"",DAYLIGHT,CLEAR,DRY,"",NO JUNCTION INVOLVED,"",ASPHALT,FOLLOWING TOO CLOSELY,REAR END,STATERD4510TH.ST,""
758,ISP BLOOMINGTON 33,BLOOMINGTON,2022-01-28T00:00:00,3:40 PM,1,,0,0,0,"","","",STATE RD 37,"","",0,"",39.10878119,-86.56120287,INTERSTATE,"",RURAL,N,Y,N,"",DAYLIGHT,SNOW,SNOW/SLUSH,"",RAMP,"",CONCRETE,ROADWAY SURFACE CONDITION,"",STATERD37,""
759,INDIANA UNIV BLOOMINGTON PD,BLOOMINGTON,2022-02-05T00:00:00,1:00 PM,2,,0,0,0,1206,"","",N FORREST AVE,"","",0,"",39.17732966,-86.52253694,LOCAL/CITY ROAD,"",URBAN,N,N,N,"",DAYLIGHT,CLEAR,DRY,"",NO JUNCTION INVOLVED,"",ASPHALT,IMPROPER TURNING,RIGHT TURN,NFORRESTAVE,""
760,BLOOMINGTON PD,BLOOMINGTON,2022-04-08T00:00:00,5:00 PM,2,,0,0,0,"","","",E 1ST ST,S WASHINGTON ST,"",30,"",39.15937725,-86.53264359,LOCAL/CITY ROAD,"",URBAN,N,N,N,"",DAYLIGHT,CLOUDY,DRY,"",FOUR-WAY INTERSECTION,"",ASPHALT,FAILURE TO YIELD RIGHT OF WAY,RIGHT ANGLE,SWASHINGTONSTE1STST,""
761,MONROE SD,BLOOMINGTON,2022-03-18T00:00:00,12:41 AM,2,,0,0,0,"","","",SERVICE RD,E MAIN FOREST RD,"",50,"",39.17029251,-86.53917176,LOCAL/CITY ROAD,"",RURAL,N,N,N,"",DARK (NOT LIGHTED),CLEAR,DRY,"",NO JUNCTION INVOLVED,"",ASPHALT,FAILURE TO MAINTAIN LANE,RAN OFF ROAD,SERVICERDEMAINFORESTRD,""
762,MONROE SD,BLOOMINGTON,2022-04-25T00:00:00,11:10 PM,1,,0,0,0,"","","",I69 SOUTH BOUND,"","",500,"",0,0,STATE ROAD,"",URBAN,N,Y,N,"",DARK (LIGHTED),CLEAR,DRY,"",NO JUNCTION INVOLVED,"",ASPHALT,DRIVER ASLEEP OR FATIGUED,SAME DIRECTION SIDESWIPE,I69SOUTHBOUND125,""
763,BLOOMINGTON PD,BLOOMINGTON,2022-05-14T00:00:00,6:15 AM,1,,1,0,0,"","","",N HEADLEY RD,E TREADWELL LN,"",0,"",39.19054265,-86.51339598,"","",URBAN,N,N,N,"",DARK (NOT LIGHTED),CLEAR,DRY,"",NO JUNCTION INVOLVED,"",ASPHALT,ANIMAL/OBJECT IN ROADWAY,RAN OFF ROAD,NHEADLEYRDETREADWELLLN,""
764,INDIANA UNIV BLOOMINGTON PD,BLOOMINGTON,2022-03-21T00:00:00,8:00 PM,2,,0,0,0,"","","",E 10TH ST,"","",0,"",39.17210851,-86.51272006,PRIVATE DRIVE,"",URBAN,N,N,N,"",DARK (NOT LIGHTED),CLEAR,DRY,"",NO JUNCTION INVOLVED,"",ASPHALT,IMPROPER TURNING,SAME DIRECTION SIDESWIPE,E10THST,""
765,INDIANA UNIV BLOOMINGTON PD,BLOOMINGTON,2022-03-09T00:00:00,6:23 PM,2,,0,0,0,"","","",E 3RD ST,S HAWTHORNE DR,"",106,"",39.16422303,-86.51988625,LOCAL/CITY ROAD,"",URBAN,N,N,N,"",DAYLIGHT,CLEAR,DRY,"",NO JUNCTION INVOLVED,"",ASPHALT,UNSAFE LANE MOVEMENT,SAME DIRECTION SIDESWIPE,SHAWTHORNEDRE3RDST,""
766,BLOOMINGTON PD,BLOOMINGTON,2022-04-25T00:00:00,10:39 AM,1,,1,0,0,"","","",E COVENANTER DR,S CLARIZZ BLVD,"",250,"",39.15372779,-86.49232812,LOCAL/CITY ROAD,"",URBAN,N,N,N,"",DAYLIGHT,RAIN,WET,"",NO JUNCTION INVOLVED,"",ASPHALT,OTHER (DRIVER) - EXPLAIN IN NARRATIVE,RAN OFF ROAD,SCLARIZZBLVDECOVENANTERDR,""
767,INDIANA UNIV BLOOMINGTON PD,BLOOMINGTON,2022-04-26T00:00:00,9:30 AM,2,,0,0,0,600,"","",N EAGLESON AVE.,"","",0,"",39.17243922,-86.51456345,PRIVATE DRIVE,"",RURAL,N,N,N,"",DAYLIGHT,CLEAR,DRY,"",NO JUNCTION INVOLVED,"",ASPHALT,UNSAFE BACKING,BACKING CRASH,NEAGLESONAVE.,""
768,INDIANA UNIV BLOOMINGTON PD,BLOOMINGTON,2022-04-13T00:00:00,1:27 PM,2,,0,0,0,"","","",STATE RD 45,WALKWAY,"",0,"",39.17352872,-86.50332159,STATE ROAD,"",URBAN,N,N,N,"",DARK (LIGHTED),RAIN,WET,"",NO JUNCTION INVOLVED,"",ASPHALT,FOLLOWING TOO CLOSELY,REAR END,WALKWAYSTATERD45,""
769,INDIANA UNIV BLOOMINGTON PD,BLOOMINGTON,2022-05-23T00:00:00,6:05 PM,2,,1,0,0,"","","",STATE RD 45,E 17TH ST,"",0,"",39.17984965,-86.50731272,STATE ROAD,"",URBAN,N,N,N,"",DAYLIGHT,CLEAR,DRY,"",T-INTERSECTION,"",ASPHALT,FAILURE TO YIELD RIGHT OF WAY,RIGHT ANGLE,STATERD45E17THST,""
770,MONROE SD,BLOOMINGTON,2022-02-23T00:00:00,7:24 AM,1,,1,0,0,"","","",E RHORER RD,S SARE RD,"",0,"",39.12141995,-86.51376246,"","",RURAL,Y,N,N,"",DAWN/DUSK,CLOUDY,DRY,"",NO JUNCTION INVOLVED,"",ASPHALT,FAILURE TO MAINTAIN LANE,RAN OFF ROAD,SSARERDERHORERRD,""
771,BLOOMINGTON PD,BLOOMINGTON,2022-02-26T00:00:00,3:10 AM,1,,0,0,0,300,"","",N WALNUT ST,"","",0,"",39.16900065,-86.53358004,"","",URBAN,N,N,N,"",DARK (LIGHTED),CLEAR,DRY,"",NO JUNCTION INVOLVED,"",CONCRETE,OTHER (DRIVER) - EXPLAIN IN NARRATIVE,OTHER - EXPLAIN IN NARRATIVE,NWALNUTST,""
772,MONROE SD,BLOOMINGTON,2022-03-04T00:00:00,2:03 PM,1,,1,0,0,751,"","",E SAMPLE RD,"","",0,"",39.26116893,-86.51415266,COUNTY ROAD,"",RURAL,N,N,N,"",DAYLIGHT,CLEAR,DRY,"",NO JUNCTION INVOLVED,"",ASPHALT,OVERCORRECTING/OVERSTEERING,RAN OFF ROAD,ESAMPLERD,""