_id,Agency,City,Collision Date,Collision Time,Vehicles Involved,Trailers Involved,Number Injured,Number Dead,Number Deer,House Number,Roadway Interchange,Roadway Ramp,Roadway Id,Intersecting Road,Interchange,Feet From,Direction,Latitude,Longitude,Roadway Class,Hit and Run?,Locality,School Zone?,Rumble Strips?,Construction?,Construction Type,Light Condition,Weather Conditions,Surface Condition,Type of Median,Roadway Junction Type,Road Character,Roadway Surface,Primary Factor,Manner of Collision,Unique Location Id,Traffic Control
773,BLOOMINGTON PD,BLOOMINGTON,2022-04-13T00:00:00,9:45 PM,1,,0,0,0,"","","",S COLLEGE MALL RD,E COVENANTER DR,"",528,"",39.15610996,-86.49780697,LOCAL/CITY ROAD,"",URBAN,N,N,N,"",DARK (NOT LIGHTED),RAIN,WET,"",NO JUNCTION INVOLVED,"",ASPHALT,OTHER (DRIVER) - EXPLAIN IN NARRATIVE,OTHER - EXPLAIN IN NARRATIVE,SCOLLEGEMALLRDECOVENANTERDR,""
774,BLOOMINGTON PD,BLOOMINGTON,2022-02-01T00:00:00,6:52 AM,2,,1,0,0,"","","",S COLLEGE MALL RD,E 2ND ST,"",792,"",39.15960798,-86.49780078,LOCAL/CITY ROAD,"",URBAN,N,N,N,"",DARK (LIGHTED),CLEAR,DRY,"",NO JUNCTION INVOLVED,"",ASPHALT,FOLLOWING TOO CLOSELY,REAR END,SCOLLEGEMALLRDE2NDST,""
775,DNR LAW ENFORCEMENT,BLOOMINGTON,2022-02-07T00:00:00,2:59 PM,1,,0,0,0,"","","",FOREST RD,"","",0,"",39.32397649,-86.46786279,COUNTY ROAD,"",RURAL,N,N,N,"",DAYLIGHT,CLEAR,SNOW/SLUSH,"",NO JUNCTION INVOLVED,"",ASPHALT,SPEED TOO FAST FOR WEATHER CONDITIONS,RAN OFF ROAD,FORESTRD,""
776,BLOOMINGTON PD,BLOOMINGTON,2022-02-02T00:00:00,2:07 AM,2,,1,0,0,"","","",S LINCOLN ST,E 2ND ST,"",0,"",39.1613427,-86.53125233,LOCAL/CITY ROAD,"",URBAN,N,N,N,"",DAYLIGHT,RAIN,WET,"",FOUR-WAY INTERSECTION,"",ASPHALT,FAILURE TO YIELD RIGHT OF WAY,RIGHT ANGLE,SLINCOLNSTE2NDST,""
777,BLOOMINGTON PD,BLOOMINGTON,2022-03-10T00:00:00,1:20 PM,2,,0,0,0,"","","",W PATTERSON DR,S ROGERS ST,"",0,"",39.15381653,-86.53862662,LOCAL/CITY ROAD,"",URBAN,N,N,N,"",DAYLIGHT,CLOUDY,DRY,"",FOUR-WAY INTERSECTION,"",ASPHALT,FOLLOWING TOO CLOSELY,REAR END,WPATTERSONDRSROGERSST,""
778,MONROE SD,BLOOMINGTON,2022-05-14T00:00:00,11:00 AM,1,,0,0,0,1415,"","",DITTEMORE RD,"","",0,"",39.29312784,-86.55563559,"","",RURAL,N,N,N,"",DAYLIGHT,CLEAR,DRY,"",NO JUNCTION INVOLVED,"",GRAVEL,OTHER (ENVIRONMENTAL) - EXPLAIN IN NARR,BACKING CRASH,DITTEMORERD,""
779,MONROE SD,BLOOMINGTON,2022-03-18T00:00:00,12:04 PM,2,,2,0,0,"","","",S OLD STATE ROAD 37,W DILLMAN RD,"",0,"",39.09295551,-86.54416744,COUNTY ROAD,"",RURAL,N,N,N,"",DAYLIGHT,RAIN,WET,"",NO JUNCTION INVOLVED,"",ASPHALT,FOLLOWING TOO CLOSELY,REAR END,WDILLMANRDSOLDSTATEROAD37,""
780,BLOOMINGTON PD,BLOOMINGTON,2022-05-13T00:00:00,10:40 PM,2,,2,0,0,"","","",S LEONARD SPRINGS RD,W STATE RD 45,"",0,"",39.14195439,-86.58255762,LOCAL/CITY ROAD,"",URBAN,N,N,N,"",DARK (LIGHTED),CLEAR,DRY,"",FOUR-WAY INTERSECTION,"",ASPHALT,FAILURE TO YIELD RIGHT OF WAY,LEFT TURN,WSTATERD45SLEONARDSPRINGSRD,""
781,MONROE SD,BLOOMINGTON,2022-02-12T00:00:00,6:48 PM,1,,0,0,0,"","","",W VERNAL PIKE,"","",0,"",39.1867438,-86.60202689,LOCAL/CITY ROAD,"",URBAN,N,N,N,"",DARK (NOT LIGHTED),SNOW,WET,"",T-INTERSECTION,"",ASPHALT,ANIMAL/OBJECT IN ROADWAY,COLLISION WITH ANIMAL OTHER,WVERNALPIKE,""
782,MONROE SD,BLOOMINGTON,2022-05-17T00:00:00,10:51 AM,2,,0,0,0,"","","",W STATE RD 45,S DARRELL DR,"",0,"",39.11505973,-86.62837809,"","",RURAL,N,N,B,"",DAYLIGHT,CLEAR,DRY,"",NO JUNCTION INVOLVED,"",ASPHALT,FOLLOWING TOO CLOSELY,REAR END,WSTATERD45SDARRELLDR,""
783,MONROE SD,BLOOMINGTON,2022-02-15T00:00:00,3:18 PM,2,,0,0,0,"","","",N MATTHEWS RD,W MAPLE GROVE RD,"",0,"",39.245321,-86.620498,LOCAL/CITY ROAD,"",RURAL,N,N,N,"",DAYLIGHT,CLOUDY,DRY,"",FOUR-WAY INTERSECTION,"",ASPHALT,FAILURE TO YIELD RIGHT OF WAY,RIGHT ANGLE,WMAPLEGROVERDNMATTHEWSRD,""
784,MONROE SD,BLOOMINGTON,2022-05-20T00:00:00,7:40 AM,1,,0,0,0,"","","",N WALNUT ST,"","",0,"",39.2298069,-86.5409366,STATE ROAD,"",URBAN,N,N,N,"",DARK (LIGHTED),CLEAR,DRY,"",NO JUNCTION INVOLVED,"",ASPHALT,OVERCORRECTING/OVERSTEERING,RIGHT ANGLE,NWALNUTST,""
785,BLOOMINGTON PD,BLOOMINGTON,2022-04-05T00:00:00,3:10 PM,2,,1,0,0,"","","",W 3RD ST,S LIBERTY DR,"",0,"",39.16474483,-86.57915392,LOCAL/CITY ROAD,"",URBAN,N,N,N,"",DAYLIGHT,CLOUDY,WET,"",FOUR-WAY INTERSECTION,"",ASPHALT,DISREGARD SIGNAL/REG SIGN,RIGHT ANGLE,W3RDSTSLIBERTYDR,""
786,BLOOMINGTON PD,BLOOMINGTON,2022-04-24T00:00:00,2:41 AM,2,,0,0,0,"","","",EAST ATWATER,SOUTH EAGLESON,"",0,"",39.16311459,-86.51643223,LOCAL/CITY ROAD,"",URBAN,N,N,N,"",DAYLIGHT,CLEAR,DRY,"",FOUR-WAY INTERSECTION,"",ASPHALT,FOLLOWING TOO CLOSELY,REAR END,SOUTHEAGLESONEASTATWATER,""
787,INDIANA UNIV BLOOMINGTON PD,BLOOMINGTON,2022-05-12T00:00:00,1:46 AM,2,,1,0,0,"","","",W 10TH ST,N COLLEGE AVE,"",0,"",39.17168224,-86.53486437,LOCAL/CITY ROAD,"",URBAN,N,N,N,"",DARK (NOT LIGHTED),CLEAR,DRY,"",FOUR-WAY INTERSECTION,"",ASPHALT,DISREGARD SIGNAL/REG SIGN,RIGHT ANGLE,W10THSTNCOLLEGEAVE,""
788,BLOOMINGTON PD,BLOOMINGTON,2022-03-29T00:00:00,11:03 PM,2,,1,0,0,"","","",N INDIANA AVE,E 8TH ST,"",0,"",39.1694341,-86.52696284,LOCAL/CITY ROAD,"",URBAN,N,N,N,"",DARK (LIGHTED),CLOUDY,DRY,"",FOUR-WAY INTERSECTION,"",ASPHALT,FAILURE TO MAINTAIN LANE,SAME DIRECTION SIDESWIPE,NINDIANAAVEE8THST,""
789,BLOOMINGTON PD,BLOOMINGTON,2022-04-04T00:00:00,5:05 PM,1,,1,0,0,"","","",W ALLEN ST,W ALLEN ST,"",0,"",39.15565739,-86.54425747,LOCAL/CITY ROAD,"",URBAN,N,N,N,"",DAYLIGHT,CLEAR,DRY,"",NO JUNCTION INVOLVED,"",ASPHALT,IMPROPER PASSING,OTHER - EXPLAIN IN NARRATIVE,WALLENSTWALLENST,""
790,MONROE SD,BLOOMINGTON,2022-03-15T00:00:00,2:12 PM,2,,1,0,0,"","","",S OLD SR 37,S ORCHARD LN,"",1500,"",39.11894,-86.531309,LOCAL/CITY ROAD,"",URBAN,N,N,N,"",DAYLIGHT,CLEAR,DRY,"",NO JUNCTION INVOLVED,"",ASPHALT,FOLLOWING TOO CLOSELY,REAR END,SORCHARDLNSOLDSR37,""
791,BLOOMINGTON PD,BLOOMINGTON,2022-05-24T00:00:00,1:50 PM,1,,1,0,0,"","","",E MILLER DR,"","",0,"",39.14750029,-86.5305293,"","",URBAN,N,N,N,"",DAYLIGHT,CLEAR,DRY,"",NO JUNCTION INVOLVED,"",ASPHALT,UNSAFE BACKING,BACKING CRASH,EMILLERDR,""
792,BLOOMINGTON PD,BLOOMINGTON,2022-03-22T00:00:00,6:12 PM,2,,0,0,0,1300,"","",S PATTERSON DR: CATALENT PHARMA SOLUTIONS,"","",0,"",39.15071024,-86.54551841,PRIVATE DRIVE,"",URBAN,N,N,N,"",DARK (LIGHTED),RAIN,WET,"",NO JUNCTION INVOLVED,"",GRAVEL,ROADWAY SURFACE CONDITION,SAME DIRECTION SIDESWIPE,SPATTERSONDR:CATALENTPHARMASOLUTIONS,""
793,BLOOMINGTON PD,BLOOMINGTON,2022-02-08T00:00:00,2:58 PM,2,,1,0,0,"","","",N KINSER PIKE,W 17TH ST,"",0,"",39.178997,-86.53773,LOCAL/CITY ROAD,"",URBAN,N,N,N,"",DAYLIGHT,CLEAR,DRY,"",NO JUNCTION INVOLVED,"",ASPHALT,FOLLOWING TOO CLOSELY,REAR END,W17THSTNKINSERPIKE,""
794,BLOOMINGTON PD,BLOOMINGTON,2022-05-31T00:00:00,2:29 PM,2,,0,0,0,"","","",S. COLLEGE MALL RD,E. 2ND ST,"",0,"",39.1609319,-86.4977835,LOCAL/CITY ROAD,"",URBAN,N,N,N,"",DAYLIGHT,CLEAR,DRY,"",FOUR-WAY INTERSECTION,"",ASPHALT,UNSAFE LANE MOVEMENT,SAME DIRECTION SIDESWIPE,S.COLLEGEMALLRDE.2NDST,""
795,BLOOMINGTON PD,BLOOMINGTON,2022-04-21T00:00:00,6:15 PM,2,,0,0,0,"","","",E 3RD ST,STATE RD 46,"",0,"",39.164257,-86.49826116,LOCAL/CITY ROAD,"",URBAN,N,N,N,"",DAYLIGHT,CLEAR,DRY,"",FOUR-WAY INTERSECTION,"",ASPHALT,FAILURE TO YIELD RIGHT OF WAY,SAME DIRECTION SIDESWIPE,STATERD46E3RDST,""
796,BLOOMINGTON PD,BLOOMINGTON,2022-02-05T00:00:00,12:57 PM,3,,0,0,0,"","","",2700 BLK E. 3RD ST,S. COLLEGE MALL RD,"",300,"",39.164001,-86.498742,LOCAL/CITY ROAD,"",URBAN,N,N,N,"",DAYLIGHT,CLEAR,WET,"",NO JUNCTION INVOLVED,"",ASPHALT,FOLLOWING TOO CLOSELY,REAR END,S.COLLEGEMALLRD2700BLKE.3RDST,""
797,MONROE SD,BLOOMINGTON,2022-02-25T00:00:00,10:02 PM,1,,1,1,0,3775,"","",W LOST MANS LN,"","",0,"",39.22271356,-86.57663641,LOCAL/CITY ROAD,"",RURAL,N,N,N,"",DARK (NOT LIGHTED),CLEAR,DRY,"",NO JUNCTION INVOLVED,"",ASPHALT,UNSAFE SPEED,RAN OFF ROAD,WLOSTMANSLN,""
798,BLOOMINGTON PD,BLOOMINGTON,2022-05-12T00:00:00,5:09 AM,2,,1,0,0,"","","",S COLLEGE AVE,W 3RD ST,"",0,"",39.1646718,-86.53493669,LOCAL/CITY ROAD,"",URBAN,N,N,N,"",DARK (LIGHTED),CLEAR,DRY,"",FOUR-WAY INTERSECTION,"",ASPHALT,DISREGARD SIGNAL/REG SIGN,OTHER - EXPLAIN IN NARRATIVE,W3RDSTSCOLLEGEAVE,""
799,BLOOMINGTON PD,BLOOMINGTON,2022-02-08T00:00:00,2:51 PM,2,,0,0,0,"","","",2000 S ROGERS ST,S ROCKPORT RD,"",300,"",39.146198,-86.539337,LOCAL/CITY ROAD,"",URBAN,N,N,N,"",DAYLIGHT,CLEAR,WET,"",NO JUNCTION INVOLVED,"",ASPHALT,FOLLOWING TOO CLOSELY,REAR END,SROCKPORTRD2000SROGERSST,""
800,MONROE SD,BLOOMINGTON,2022-05-01T00:00:00,3:21 AM,2,,0,0,0,"","","",S FAIRFAX RD,S WALNUT ST PIKE,"",50,"",39.107177,-86.526485,LOCAL/CITY ROAD,"",URBAN,N,N,N,"",DARK (NOT LIGHTED),CLEAR,DRY,"",NO JUNCTION INVOLVED,"",ASPHALT,ANIMAL/OBJECT IN ROADWAY,REAR END,SWALNUTSTPIKESFAIRFAXRD,""
801,BLOOMINGTON PD,BLOOMINGTON,2022-03-09T00:00:00,11:18 AM,2,,0,0,0,"","","",2966 E. 3RD ST,"","",0,"",0,0,PRIVATE DRIVE,"",URBAN,N,N,N,"",DAYLIGHT,CLEAR,DRY,"",NO JUNCTION INVOLVED,"",ASPHALT,OTHER (VEHICLE) - EXPLAIN IN NARRATIVE,BACKING CRASH,2966E.3RDST,""
802,BLOOMINGTON PD,BLOOMINGTON,2022-03-02T00:00:00,3:21 PM,2,,0,0,0,"","","",S HENDERSON ST,E HILLSIDE DR,"",0,"",39.15058968,-86.52697468,LOCAL/CITY ROAD,"",URBAN,N,N,N,"",DAYLIGHT,CLEAR,DRY,"",FOUR-WAY INTERSECTION,"",ASPHALT,FOLLOWING TOO CLOSELY,REAR END,SHENDERSONSTEHILLSIDEDR,""
803,BLOOMINGTON PD,BLOOMINGTON,2022-02-11T00:00:00,5:06 AM,2,,0,0,0,"","","",E 3RD ST,S WALNUT ST,"",0,"",39.16458696,-86.53322644,LOCAL/CITY ROAD,"",URBAN,N,N,N,"",DAYLIGHT,CLOUDY,WET,"",NO JUNCTION INVOLVED,"",ASPHALT,FAILURE TO YIELD RIGHT OF WAY,SAME DIRECTION SIDESWIPE,SWALNUTSTE3RDST,""
804,INDIANA UNIV BLOOMINGTON PD,BLOOMINGTON,2022-04-22T00:00:00,7:30 PM,2,,0,0,0,"","","",E 17TH ST,N FEE LN,"",0,"",39.17900967,-86.51900715,LOCAL/CITY ROAD,"",URBAN,N,N,N,"",DAYLIGHT,CLEAR,DRY,"",FOUR-WAY INTERSECTION,"",ASPHALT,DISREGARD SIGNAL/REG SIGN,RIGHT ANGLE,NFEELNE17THST,""
805,BLOOMINGTON PD,BLOOMINGTON,2022-04-22T00:00:00,5:35 AM,3,,2,0,0,"","","",N GATES DR,W 3RD ST,"",0,"",39.16459043,-86.576199,LOCAL/CITY ROAD,"",URBAN,N,N,N,"",DAYLIGHT,CLEAR,DRY,"",FOUR-WAY INTERSECTION,"",CONCRETE,FAILURE TO YIELD RIGHT OF WAY,LEFT TURN,W3RDSTNGATESDR,""
806,BLOOMINGTON PD,BLOOMINGTON,2022-04-19T00:00:00,3:28 PM,2,,0,0,0,"","","",W KIRKWOOD AVE,N WALNUT ST,"",264,"",39.16663119,-86.53419919,LOCAL/CITY ROAD,"",URBAN,N,N,N,"",DAYLIGHT,CLEAR,DRY,"",NO JUNCTION INVOLVED,"",ASPHALT,UNSAFE BACKING,BACKING CRASH,WKIRKWOODAVENWALNUTST,""
807,BLOOMINGTON PD,BLOOMINGTON,2022-04-23T00:00:00,12:10 AM,2,,0,0,0,"","","",E SOUTHERN DR,S GRANT ST,"",0,"",39.14969538,-86.53020269,LOCAL/CITY ROAD,"",URBAN,N,N,N,"",DARK (NOT LIGHTED),CLEAR,DRY,"",T-INTERSECTION,"",ASPHALT,FAILURE TO MAINTAIN LANE,SAME DIRECTION SIDESWIPE,SGRANTSTESOUTHERNDR,""
808,BLOOMINGTON PD,BLOOMINGTON,2022-03-24T00:00:00,5:00 PM,1,,0,0,0,"","","",E GOODNIGHT WAY,S CLARIZZ BLVD,"",100,"",39.156827,-86.4903593,PRIVATE DRIVE,"",URBAN,N,N,N,"",DAYLIGHT,CLOUDY,DRY,"",TRAFFIC CIRCLE/ROUNDABOUT,"",ASPHALT,UNSAFE SPEED,RAN OFF ROAD,SCLARIZZBLVDEGOODNIGHTWAY,""
809,BLOOMINGTON PD,BLOOMINGTON,2022-03-13T00:00:00,4:15 AM,1,,0,0,0,"","","",S FESS AVE,E BRENDA LN,"",0,"",39.15183772,-86.52593236,LOCAL/CITY ROAD,"",URBAN,Y,N,N,"",DARK (LIGHTED),CLOUDY,DRY,"",FOUR-WAY INTERSECTION,"",ASPHALT,OVERCORRECTING/OVERSTEERING,RAN OFF ROAD,SFESSAVEEBRENDALN,""
810,BLOOMINGTON PD,BLOOMINGTON,2022-04-27T00:00:00,8:20 AM,2,,0,0,0,"","","",7TH ST,N. WALNUT ST,"",0,"",39.168539,-86.533599,LOCAL/CITY ROAD,"",URBAN,N,N,N,"",DAYLIGHT,CLEAR,DRY,"",FOUR-WAY INTERSECTION,"",ASPHALT,DISREGARD SIGNAL/REG SIGN,RIGHT ANGLE,N.WALNUTST7THST,""
811,BLOOMINGTON PD,BLOOMINGTON,2022-02-07T00:00:00,2:06 PM,2,,0,0,0,"","","",PETE ELLIS DR,E 3RD ST,"",0,"",39.164236,-86.494902,LOCAL/CITY ROAD,"",URBAN,N,N,N,"",DAYLIGHT,CLEAR,DRY,"",FOUR-WAY INTERSECTION,"",ASPHALT,FOLLOWING TOO CLOSELY,REAR END,PETEELLISDRE3RDST,""
812,INDIANA UNIV BLOOMINGTON PD,BLOOMINGTON,2022-02-09T00:00:00,2:19 PM,2,,0,0,0,509,"","",E. 3RD ST.,"","",0,"",39.16469019,-86.52793237,LOCAL/CITY ROAD,"",URBAN,N,N,N,"",DAYLIGHT,CLEAR,ICE,"",NO JUNCTION INVOLVED,"",ASPHALT,ROADWAY SURFACE CONDITION,SAME DIRECTION SIDESWIPE,E.3RDST.,""
813,BLOOMINGTON PD,BLOOMINGTON,2022-02-28T00:00:00,11:53 AM,2,,0,0,0,"","","",I 69,W 3RD ST,"",0,"",39.164522,-86.573015,"","",URBAN,N,N,N,"",DAYLIGHT,CLEAR,DRY,"",FOUR-WAY INTERSECTION,"",ASPHALT,DISREGARD SIGNAL/REG SIGN,RIGHT ANGLE,W3RDSTI69,""
814,ELLETTSVILLE PD,ELLETTSVILLE,2022-05-18T00:00:00,7:25 PM,2,,0,0,0,"","","",STATE ROAD 46 WEST,MAPLE GROVE RD,"",0,"",39.24504,-86.63522,STATE ROAD,"",URBAN,N,N,N,"",DAYLIGHT,CLOUDY,DRY,"",NO JUNCTION INVOLVED,"",ASPHALT,FAILURE TO YIELD RIGHT OF WAY,RIGHT ANGLE,STATEROAD46WESTMAPLEGROVERD,""
815,BLOOMINGTON PD,BLOOMINGTON,2022-05-22T00:00:00,10:29 PM,1,,1,0,0,"","","",W 1ST ST,S ROGERS ST,"",0,"",39.15942611,-86.53868624,LOCAL/CITY ROAD,"",URBAN,N,N,N,"",DARK (LIGHTED),CLOUDY,DRY,"",FOUR-WAY INTERSECTION,"",ASPHALT,PEDESTRIAN ACTION,RIGHT ANGLE,W1STSTSROGERSST,""
816,MONROE SD,ARLINGTON(MONROE),2022-05-09T00:00:00,1:00 PM,2,,0,0,0,"","","",S LIBERTY DR,"","",0,"",39.15497878,-86.5755847,PRIVATE DRIVE,"",URBAN,N,N,N,"",DAYLIGHT,CLOUDY,DRY,"",NO JUNCTION INVOLVED,"",ASPHALT,UNSAFE BACKING,REAR TO REAR,SLIBERTYDR,""
817,BLOOMINGTON PD,BLOOMINGTON,2022-05-05T00:00:00,12:25 PM,2,,0,0,0,"","","",1150 S CLARIZZ BLVD,"","",0,"",39.1539441,-86.4933259,PRIVATE DRIVE,"",URBAN,N,N,N,"",DARK (NOT LIGHTED),CLOUDY,DRY,"",NO JUNCTION INVOLVED,"",ASPHALT,IMPROPER TURNING,RIGHT TURN,1150SCLARIZZBLVD,""
818,BLOOMINGTON PD,BLOOMINGTON,2022-05-25T00:00:00,1:30 PM,2,,0,0,0,"","","",S WALNUT ST,W KIRKWOOD AVE,"",0,"",39.16655372,-86.5336278,LOCAL/CITY ROAD,"",URBAN,N,N,N,"",DAYLIGHT,CLEAR,DRY,"",NO JUNCTION INVOLVED,"",ASPHALT,FAILURE TO YIELD RIGHT OF WAY,OTHER - EXPLAIN IN NARRATIVE,WKIRKWOODAVESWALNUTST,""
819,MONROE SD,BLOOMINGTON,2022-03-23T00:00:00,7:52 AM,2,,0,0,0,"","","",S. ST. RD. 37,S. OLD IN 37,"",0,"",39.1303269,-86.53142089,STATE ROAD,"",RURAL,N,N,N,"",DAYLIGHT,CLOUDY,WET,"",FOUR-WAY INTERSECTION,"",ASPHALT,FOLLOWING TOO CLOSELY,REAR END,S.ST.RD.37S.OLDIN37,""
820,BLOOMINGTON PD,BLOOMINGTON,2022-02-12T00:00:00,2:05 PM,2,,0,0,0,"","","",S SMITH RD,E MOORES PIKE,"",0,"",39.15023682,-86.48045636,LOCAL/CITY ROAD,"",URBAN,N,N,N,"",DAYLIGHT,SNOW,DRY,"",FOUR-WAY INTERSECTION,"",ASPHALT,FAILURE TO YIELD RIGHT OF WAY,RIGHT ANGLE,SSMITHRDEMOORESPIKE,""
821,BLOOMINGTON PD,BLOOMINGTON,2022-03-06T00:00:00,7:36 AM,2,,0,0,0,"","","",N WALNUT ST,E 8TH ST,"",0,"",39.16942813,-86.53351254,LOCAL/CITY ROAD,"",URBAN,N,N,N,"",DARK (LIGHTED),CLEAR,DRY,"",FOUR-WAY INTERSECTION,"",ASPHALT,IMPROPER TURNING,LEFT TURN,NWALNUTSTE8THST,""
822,INDIANA UNIV BLOOMINGTON PD,BLOOMINGTON,2022-02-02T00:00:00,6:50 AM,1,,0,0,0,"","","",E 17TH ST,"","",0,"",39.18012037,-86.52554726,"","",URBAN,N,N,N,"",DARK (LIGHTED),RAIN,WET,"",NO JUNCTION INVOLVED,"",ASPHALT,OTHER (DRIVER) - EXPLAIN IN NARRATIVE,OTHER - EXPLAIN IN NARRATIVE,E17THST,""
823,INDIANA UNIV BLOOMINGTON PD,BLOOMINGTON,2022-04-10T00:00:00,4:45 PM,2,,0,0,0,"","","",N SUNRISE DR,E 7TH ST,"",634,"",39.16965271,-86.51242769,LOCAL/CITY ROAD,"",URBAN,N,N,N,"",DAYLIGHT,CLOUDY,DRY,"",NO JUNCTION INVOLVED,"",ASPHALT,FAILURE TO YIELD RIGHT OF WAY,SAME DIRECTION SIDESWIPE,NSUNRISEDRE7THST,""
824,BLOOMINGTON PD,BLOOMINGTON,2022-02-06T00:00:00,4:00 PM,2,,0,0,0,"","","",PINEMEADOW DR,W GRAHAM DR,"",0,"",39.14048847,-86.54862142,"","",URBAN,N,N,N,"",DAYLIGHT,CLEAR,ICE,"",NO JUNCTION INVOLVED,"",ASPHALT,OTHER (DRIVER) - EXPLAIN IN NARRATIVE,RIGHT ANGLE,WGRAHAMDRPINEMEADOWDR,""
825,BLOOMINGTON PD,BLOOMINGTON,2022-02-04T00:00:00,5:08 PM,2,,0,0,0,"","","",N COLLEGE AVE,SR 46 BYPASS,"",0,"",39.18635151,-86.53446454,LOCAL/CITY ROAD,"",URBAN,N,N,N,"",DAYLIGHT,CLEAR,SNOW/SLUSH,"",FOUR-WAY INTERSECTION,"",ASPHALT,FAILURE TO YIELD RIGHT OF WAY,RIGHT ANGLE,SR46BYPASSNCOLLEGEAVE,""
826,BLOOMINGTON PD,BLOOMINGTON,2022-02-05T00:00:00,6:30 AM,2,,0,0,0,"","","",W JACOB DR,N JACOB DR,"",0,"",39.16559342,-86.57470245,LOCAL/CITY ROAD,"",RURAL,N,N,N,"",DARK (LIGHTED),CLEAR,WET,"",FOUR-WAY INTERSECTION,"",CONCRETE,FAILURE TO YIELD RIGHT OF WAY,HEAD ON BETWEEN TWO MOTOR VEHICLES,WJACOBDRNJACOBDR,""
827,MONROE SD,BLOOMINGTON,2022-02-06T00:00:00,5:30 AM,1,,0,0,0,3625,"","",S SIMS LN,"","",0,"",39.12651711,-86.57871942,LOCAL/CITY ROAD,"",URBAN,N,N,N,"",DARK (NOT LIGHTED),CLEAR,SNOW/SLUSH,"",NO JUNCTION INVOLVED,"",ASPHALT,ROADWAY SURFACE CONDITION,RAN OFF ROAD,SSIMSLN,""
828,BLOOMINGTON PD,BLOOMINGTON,2022-04-20T00:00:00,10:37 AM,2,,0,0,0,"","","",S. WALNUT ST,E. MILLER DR,"",0,"",39.146897,-86.532597,LOCAL/CITY ROAD,"",URBAN,N,N,N,"",DAYLIGHT,CLOUDY,DRY,"",T-INTERSECTION,"",ASPHALT,FAILURE TO YIELD RIGHT OF WAY,LEFT TURN,S.WALNUTSTE.MILLERDR,""
829,MONROE SD,BLOOMINGTON,2022-04-12T00:00:00,3:41 AM,2,,2,0,0,"","","",S CURRY PIKE,W DOYLE AVE,"",0,"",39.15803452,-86.58261641,"","",RURAL,N,N,N,"",DAYLIGHT,CLEAR,DRY,"",FOUR-WAY INTERSECTION,"",ASPHALT,IMPROPER TURNING,OPPOSITE DIRECTION SIDESWIPE,WDOYLEAVESCURRYPIKE,""
830,BLOOMINGTON PD,BLOOMINGTON,2022-04-18T00:00:00,4:17 PM,2,,0,0,0,"","","",W 6TH ST,N MORTON ST,"",0,"",39.16761759,-86.53549738,LOCAL/CITY ROAD,"",URBAN,N,N,Y,WORK ON SHOULDER,DAYLIGHT,CLOUDY,WET,"",NO JUNCTION INVOLVED,"",ASPHALT,OTHER (DRIVER) - EXPLAIN IN NARRATIVE,RIGHT ANGLE,W6THSTNMORTONST,""
831,ISP BLOOMINGTON 33,BLOOMINGTON,2022-05-19T00:00:00,7:05 PM,1,,1,0,0,"","","",I-69,"","",898,"",39.23437933,-86.54153612,INTERSTATE,"",RURAL,N,N,N,"",DAYLIGHT,RAIN,WET,"",RAMP,"",ASPHALT,TIRE FAILURE OR DEFECTIVE,RAN OFF ROAD,I-69,""
832,MONROE SD,BLOOMINGTON,2022-02-16T00:00:00,7:34 PM,1,,0,0,0,"","","",S OLD STATE ROAD 37,W HOBART RD,"",800,"",39.00602565,-86.54343209,LOCAL/CITY ROAD,"",RURAL,N,N,N,"",DARK (NOT LIGHTED),CLEAR,DRY,"",T-INTERSECTION,"",ASPHALT,OTHER (VEHICLE) - EXPLAIN IN NARRATIVE,RAN OFF ROAD,WHOBARTRDSOLDSTATEROAD37,""
833,BLOOMINGTON PD,BLOOMINGTON,2022-05-27T00:00:00,10:30 AM,1,,0,0,0,"","","",W SOUTHERN DR,S WALNUT ST,"",0,"",39.14978967,-86.53352684,LOCAL/CITY ROAD,"",URBAN,N,N,N,"",DAYLIGHT,RAIN,WET,"",FOUR-WAY INTERSECTION,"",ASPHALT,OTHER (DRIVER) - EXPLAIN IN NARRATIVE,RAN OFF ROAD,WSOUTHERNDRSWALNUTST,""
834,BLOOMINGTON PD,BLOOMINGTON,2022-04-29T00:00:00,7:12 PM,2,,0,0,0,"","","",W KIRKWOOD AVE,S WALNUT ST,"",0,"",39.16653553,-86.53395957,LOCAL/CITY ROAD,"",URBAN,N,N,N,"",UNKNOWN,CLOUDY,DRY,"",NO JUNCTION INVOLVED,"",ASPHALT,UNSAFE BACKING,BACKING CRASH,WKIRKWOODAVESWALNUTST,""
835,ISP BLOOMINGTON 33,BLOOMINGTON,2022-04-23T00:00:00,3:43 PM,2,,0,0,0,"","",0,STATE RD 45,"","",0,"",39.14684416,-86.57497978,INTERSTATE,"",URBAN,N,N,N,"",DAYLIGHT,CLEAR,DRY,"",RAMP,"",ASPHALT,FOLLOWING TOO CLOSELY,REAR END,STATERD45099C,""
836,MONROE SD,BLOOMINGTON,2022-01-10T00:00:00,12:43 PM,1,0,0,0,1,"","","",BAYLES,N ST BUSINESS 37,"",,"",39.215475,-86.537022,LOCAL/CITY ROAD,N,URBAN,N,N,N,"",DAYLIGHT,CLEAR,DRY,"",T-INTERSECTION,STRAIGHT/LEVEL,ASPHALT,ANIMAL/OBJECT IN ROADWAY,COLLISION WITH DEER,BAYLESRDNSTBUSINESS37RD,NONE