_id,Agency,City,Collision Date,Collision Time,Vehicles Involved,Trailers Involved,Number Injured,Number Dead,Number Deer,House Number,Roadway Interchange,Roadway Ramp,Roadway Id,Intersecting Road,Interchange,Feet From,Direction,Latitude,Longitude,Roadway Class,Hit and Run?,Locality,School Zone?,Rumble Strips?,Construction?,Construction Type,Light Condition,Weather Conditions,Surface Condition,Type of Median,Roadway Junction Type,Road Character,Roadway Surface,Primary Factor,Manner of Collision,Unique Location Id,Traffic Control
837,BLOOMINGTON PD,BLOOMINGTON,2022-01-01T00:00:00,6:38 PM,1,0,0,0,0,"","","",SR46W,KINSER PIKE,"",,"",39.186544,-86.537888,STATE ROAD,N,URBAN,N,N,N,"",DARK (NOT LIGHTED),RAIN,WET,"",FOUR-WAY INTERSECTION,STRAIGHT/LEVEL,ASPHALT,PEDESTRIAN ACTION,OTHER - EXPLAIN IN NARRATIVE,KINSERPIKERDSR46W,NONE
838,ELLETTSVILLE PD,ELLETTSVILLE,2022-01-23T00:00:00,12:11 PM,2,0,0,0,0,"","","",SR46W,UNION VALLEY,"",,"",39.215152,-86.5928,STATE ROAD,N,URBAN,N,Y,N,"",DAYLIGHT,CLOUDY,WET,"",NO JUNCTION INVOLVED,STRAIGHT/LEVEL,ASPHALT,IMPROPER TURNING,OPPOSITE DIRECTION SIDESWIPE,SR46WUNIONVALLEYDR,TRAFFIC CONTROL SIGNAL
839,MONROE SD,BLOOMINGTON,2022-01-15T00:00:00,9:14 AM,1,0,0,0,0,"","","",N MT GILEAD,N GETTYS CREEK,"",,"",39.19344,-86.436288,COUNTY ROAD,N,RURAL,N,N,N,"",DAYLIGHT,SNOW,ICE,"",NO JUNCTION INVOLVED,CURVE/GRADE,ASPHALT,RAN OFF ROAD RIGHT,RAN OFF ROAD,NGETTYSCREEKRDNMTGILEADRD,LANE CONTROL
840,ELLETTSVILLE PD,ELLETTSVILLE,2022-01-08T00:00:00,5:50 PM,1,0,0,0,0,"","","",MCNEELY,MATTHEWS,"",300,E,39.2382122,-86.62391288,LOCAL/CITY ROAD,N,RURAL,N,N,N,"",DARK (NOT LIGHTED),SLEET/HAIL/FREEZING RAIN,ICE,"",T-INTERSECTION,STRAIGHT/GRADE,ASPHALT,ROADWAY SURFACE CONDITION,RAN OFF ROAD,MATTHEWSDRMCNEELYST,LANE CONTROL
841,MONROE SD,BLOOMINGTON,2022-01-03T00:00:00,7:47 AM,1,1,0,0,0,6565,"","",N SHOWERS,"","",,"",39.24638316,-86.52910063,COUNTY ROAD,N,RURAL,N,N,N,"",DARK (NOT LIGHTED),CLEAR,DRY,"",NO JUNCTION INVOLVED,STRAIGHT/LEVEL,ASPHALT,RAN OFF ROAD RIGHT,RAN OFF ROAD,NSHOWERSRD,STOP SIGN
842,ELLETTSVILLE PD,ELLETTSVILLE,2022-01-08T00:00:00,6:40 PM,1,0,0,0,0,"","","",HARTSTRAIT,TEMPERANCE,"",50,S,39.22232827,-86.615919,LOCAL/CITY ROAD,N,URBAN,N,N,N,"",DARK (NOT LIGHTED),SLEET/HAIL/FREEZING RAIN,ICE,"",T-INTERSECTION,CURVE/GRADE,ASPHALT,ROADWAY SURFACE CONDITION,RAN OFF ROAD,HARTSTRAITRDTEMPERANCEST,LANE CONTROL
843,ELLETTSVILLE PD,ELLETTSVILLE,2022-05-11T00:00:00,5:41 PM,2,0,0,0,0,"","","",SR46W,DEPOT,"",300,E,39.232376,-86.62008998,STATE ROAD,N,URBAN,N,N,N,"",DAYLIGHT,CLOUDY,DRY,"",NO JUNCTION INVOLVED,CURVE/LEVEL,ASPHALT,UNSAFE LANE MOVEMENT,SAME DIRECTION SIDESWIPE,DEPOTRDSR46W,NONE
844,ELLETTSVILLE PD,ELLETTSVILLE,2022-02-15T00:00:00,6:53 AM,2,0,0,0,0,"","","",SR46W,POPLAR,"",100,W,39.23750196,-86.62943021,STATE ROAD,N,URBAN,Y,N,N,"",DAWN/DUSK,CLEAR,DRY,"",NO JUNCTION INVOLVED,CURVE/GRADE,ASPHALT,FOLLOWING TOO CLOSELY,REAR END,POPLARDRSR46W,STOP SIGN
845,ELLETTSVILLE PD,ELLETTSVILLE,2022-03-03T00:00:00,7:27 PM,2,0,0,0,0,"","","",SR46W,SMITH,"",250,W,39.21055646,-86.58390563,STATE ROAD,N,URBAN,N,N,N,"",DARK (LIGHTED),CLEAR,DRY,"",T-INTERSECTION,STRAIGHT/LEVEL,CONCRETE,OTHER (DRIVER) - EXPLAIN IN NARRATIVE,BACKING CRASH,SMITHPIKESR46W,STOP SIGN
846,BLOOMINGTON PD,BLOOMINGTON,2022-01-11T00:00:00,8:49 PM,2,,1,0,0,"","","",E 2ND ST,S COLLEGE MALL RD,"",0,"",39.1609319,-86.4977835,LOCAL/CITY ROAD,"",URBAN,N,N,N,"",DARK (LIGHTED),CLEAR,DRY,"",FOUR-WAY INTERSECTION,"",ASPHALT,FAILURE TO YIELD RIGHT OF WAY,LEFT TURN,SCOLLEGEMALLRDE2NDST,""
847,MONROE SD,BLOOMINGTON,2022-01-15T00:00:00,3:51 AM,1,,0,0,0,"","","",S FAIRFAX RD,"","",0,"",39.07866551,-86.51229913,COUNTY ROAD,"",RURAL,N,N,N,"",DARK (NOT LIGHTED),SNOW,DRY,"",NO JUNCTION INVOLVED,"",ASPHALT,DRIVER DISTRACTED - EXPLAIN IN NARRATIVE,RAN OFF ROAD,SFAIRFAXRD,""
848,BLOOMINGTON PD,BLOOMINGTON,2022-01-15T00:00:00,11:30 PM,1,,0,0,0,"","","",E GLENDORA DR,N WALNUT ST,"",0,"",39.19030289,-86.53309948,LOCAL/CITY ROAD,"",URBAN,N,N,N,"",DARK (LIGHTED),CLEAR,DRY,"",T-INTERSECTION,"",ASPHALT,UNSAFE SPEED,RAN OFF ROAD,NWALNUTSTEGLENDORADR,""
849,BLOOMINGTON PD,BLOOMINGTON,2022-01-11T00:00:00,2:00 PM,2,,0,0,0,2966,"","",E 3RD ST.,"","",0,"",39.16224585,-86.49178911,LOCAL/CITY ROAD,"",URBAN,N,N,N,"",DAYLIGHT,CLEAR,DRY,"",NO JUNCTION INVOLVED,"",ASPHALT,UNSAFE SPEED,RIGHT TURN,E3RDST.,""
850,BLOOMINGTON PD,BLOOMINGTON,2022-01-17T00:00:00,3:14 PM,2,,0,0,0,"","","",N PETE ELLIS DR,E 10TH ST,"",0,"",39.1713237,-86.49541208,"","",URBAN,N,N,N,"",DAYLIGHT,CLEAR,WET,"",NO JUNCTION INVOLVED,"",ASPHALT,SPEED TOO FAST FOR WEATHER CONDITIONS,LEFT/RIGHT TURN,NPETEELLISDRE10THST,""
851,BLOOMINGTON PD,BLOOMINGTON,2022-01-22T00:00:00,5:40 AM,2,,2,0,0,"","","",S ROGERS ST,W COUNTRY CLUB DR,"",0,"",39.13604754,-86.53825825,"","",RURAL,N,N,N,"",DAWN/DUSK,CLEAR,DRY,"",FOUR-WAY INTERSECTION,"",ASPHALT,FAILURE TO YIELD RIGHT OF WAY,RIGHT ANGLE,WCOUNTRYCLUBDRSROGERSST,""
852,BLOOMINGTON PD,BLOOMINGTON,2022-01-01T00:00:00,2:45 PM,1,,0,0,0,"","","",W. KIRWOOD AVE,S. MAPLE ST,"",200,"",39.166628,-86.542194,LOCAL/CITY ROAD,"",URBAN,Y,N,N,"",DAYLIGHT,RAIN,WET,"",NO JUNCTION INVOLVED,"",ASPHALT,FOLLOWING TOO CLOSELY,RAN OFF ROAD,W.KIRWOODAVES.MAPLEST,""
853,BLOOMINGTON PD,BLOOMINGTON,2022-04-16T00:00:00,3:41 PM,1,,1,0,0,"","","",W 3RD ST,I-69,"",0,"",39.16469095,-86.57383151,LOCAL/CITY ROAD,"",URBAN,N,N,N,"",DAYLIGHT,CLEAR,DRY,"",FOUR-WAY INTERSECTION,"",ASPHALT,FAILURE TO YIELD RIGHT OF WAY,LEFT TURN,W3RDSTI-69,""
854,BLOOMINGTON PD,BLOOMINGTON,2022-01-24T00:00:00,3:22 AM,2,,0,0,0,"","","",N WALNUT ST,SR 45/46 BYPASS,"",0,"",39.18639731,-86.53442806,STATE ROAD,"",URBAN,N,N,N,"",DAYLIGHT,CLOUDY,WET,"",FOUR-WAY INTERSECTION,"",ASPHALT,FOLLOWING TOO CLOSELY,REAR END,SR45/46BYPASSNWALNUTST,""
855,BLOOMINGTON PD,BLOOMINGTON,2022-01-26T00:00:00,2:58 PM,3,,0,0,0,"","","",STATE RD 46,E 3RD ST,"",0,"",39.16440834,-86.49834175,LOCAL/CITY ROAD,"",URBAN,N,N,N,"",DAYLIGHT,CLEAR,DRY,"",FOUR-WAY INTERSECTION,"",ASPHALT,FOLLOWING TOO CLOSELY,REAR END,STATERD46E3RDST,""
856,BLOOMINGTON PD,BLOOMINGTON,2022-01-06T00:00:00,8:42 AM,3,,0,0,0,"","","",W TAPP RD,KEGG RD,"",0,"",39.13651,-86.560361,LOCAL/CITY ROAD,"",URBAN,N,N,N,"",DAYLIGHT,CLOUDY,DRY,"",T-INTERSECTION,"",ASPHALT,FOLLOWING TOO CLOSELY,REAR END,WTAPPRDKEGGRD,""
857,MONROE SD,BLOOMINGTON,2022-01-17T00:00:00,1:32 PM,1,,0,0,0,"","","",W FLUCK MILL RD,S MAMIE EADS RD,"",50,"",39.07193337,-86.56631229,LOCAL/CITY ROAD,"",RURAL,N,N,N,"",DAYLIGHT,CLOUDY,ICE,"",NO JUNCTION INVOLVED,"",ASPHALT,ROADWAY SURFACE CONDITION,RAN OFF ROAD,WFLUCKMILLRDSMAMIEEADSRD,""
858,MONROE SD,BLOOMINGTON,2022-01-16T00:00:00,4:24 PM,2,,0,0,0,"","","",W SR 45,ISON ROAD,"",0,"",0,0,STATE ROAD,"",RURAL,N,N,N,"",DAYLIGHT,CLEAR,DRY,"",T-INTERSECTION,"",ASPHALT,FOLLOWING TOO CLOSELY,REAR END,WSR45ISONROAD,""
859,BLOOMINGTON PD,BLOOMINGTON,2022-01-18T00:00:00,2:27 PM,2,,0,0,0,"","","",S LIBERTY DR,W 3RD ST,"",0,"",39.16306122,-86.57912827,LOCAL/CITY ROAD,"",URBAN,N,N,N,"",DAYLIGHT,CLEAR,DRY,"",T-INTERSECTION,"",ASPHALT,FAILURE TO YIELD RIGHT OF WAY,SAME DIRECTION SIDESWIPE,W3RDSTSLIBERTYDR,""
860,BLOOMINGTON PD,BLOOMINGTON,2022-05-06T00:00:00,6:47 PM,2,,0,0,0,"","","",S SWAIN AVE,E ATWATER AVE,"",0,"",39.16330753,-86.51525819,LOCAL/CITY ROAD,"",URBAN,N,N,N,"",DAYLIGHT,CLOUDY,WET,"",T-INTERSECTION,"",ASPHALT,UNSAFE LANE MOVEMENT,SAME DIRECTION SIDESWIPE,SSWAINAVEEATWATERAVE,""
861,INDIANA UNIV BLOOMINGTON PD,BLOOMINGTON,2022-01-23T00:00:00,6:00 AM,2,,0,0,0,"","","",E 3RD ST,"","",0,"",39.16457176,-86.5135122,OTHER,"",URBAN,N,N,N,"",DARK (LIGHTED),CLEAR,DRY,"",NO JUNCTION INVOLVED,"",ASPHALT,IMPROPER TURNING,SAME DIRECTION SIDESWIPE,E3RDST,""
862,BLOOMINGTON PD,BLOOMINGTON,2022-01-26T00:00:00,6:20 PM,1,,1,0,0,"","","",N INDIANA AVE,E 10TH ST,"",0,"",39.17168259,-86.52697912,"","",URBAN,N,N,N,"",DARK (LIGHTED),CLEAR,DRY,"",NO JUNCTION INVOLVED,"",ASPHALT,FAILURE TO YIELD RIGHT OF WAY,LEFT TURN,NINDIANAAVEE10THST,""
863,INDIANA UNIV BLOOMINGTON PD,BLOOMINGTON,2022-01-01T00:00:00,7:55 PM,3,,0,0,0,"","","",E 3RD ST,S ARBUTUS DR,"",106,"",39.1642771,-86.51200659,LOCAL/CITY ROAD,"",URBAN,N,N,N,"",DARK (LIGHTED),RAIN,WET,"",T-INTERSECTION,"",ASPHALT,FOLLOWING TOO CLOSELY,REAR END,SARBUTUSDRE3RDST,""
864,ISP BLOOMINGTON 33,BLOOMINGTON,2022-01-08T00:00:00,2:35 PM,1,,0,0,0,"","","",I-69,"","",0,"",39.05742423,-86.6815579,INTERSTATE,"",RURAL,N,N,N,"",DAYLIGHT,SLEET/HAIL/FREEZING RAIN,ICE,"",NO JUNCTION INVOLVED,"",CONCRETE,FAILURE TO MAINTAIN LANE,RAN OFF ROAD,I-69105.5,""
865,BLOOMINGTON PD,BLOOMINGTON,2022-01-04T00:00:00,1:06 PM,2,,1,0,0,"","","",E. 3RD STREET,S. CLARIZZ BLVD,"",0,"",39.164223,-86.4906498,LOCAL/CITY ROAD,"",URBAN,N,N,N,"",DAYLIGHT,CLEAR,DRY,"",FOUR-WAY INTERSECTION,"",ASPHALT,FAILURE TO YIELD RIGHT OF WAY,RIGHT ANGLE,S.CLARIZZBLVDE.3RDSTREET,""
866,BLOOMINGTON PD,BLOOMINGTON,2022-01-10T00:00:00,5:21 PM,2,,0,0,0,"","","",310 W 12TH ST,"","",0,"",0,0,LOCAL/CITY ROAD,"",URBAN,N,N,N,"",DAYLIGHT,CLEAR,DRY,"",NO JUNCTION INVOLVED,"",CONCRETE,LEFT OF CENTER,OPPOSITE DIRECTION SIDESWIPE,310W12THST,""
867,MONROE SD,BLOOMINGTON,2022-04-17T00:00:00,8:13 AM,2,,0,0,0,"","","",W STATE RD 45,S LEONARD SPRINGS RD,"",475,"",39.14148863,-86.58358077,STATE ROAD,"",URBAN,N,N,N,"",DAYLIGHT,CLEAR,DRY,"",T-INTERSECTION,"",ASPHALT,UNSAFE LANE MOVEMENT,SAME DIRECTION SIDESWIPE,WSTATERD45SLEONARDSPRINGSRD,""
868,INDIANA UNIV BLOOMINGTON PD,BLOOMINGTON,2022-01-31T00:00:00,8:00 PM,2,,0,0,0,"","","",S FESS AVE,E 3RD ST,"",0,"",39.16426671,-86.52587361,LOCAL/CITY ROAD,"",URBAN,N,N,N,"",DARK (LIGHTED),CLEAR,DRY,"",T-INTERSECTION,"",ASPHALT,UNSAFE LANE MOVEMENT,LEFT TURN,SFESSAVEE3RDST,""
869,BLOOMINGTON PD,BLOOMINGTON,2022-03-26T00:00:00,11:59 AM,2,,0,0,0,"","","",N WASHINGTON ST,E 10TH ST,"",0,"",39.17167669,-86.53233952,LOCAL/CITY ROAD,"",URBAN,N,N,N,"",DAYLIGHT,CLOUDY,DRY,"",FOUR-WAY INTERSECTION,"",ASPHALT,DISREGARD SIGNAL/REG SIGN,RIGHT ANGLE,NWASHINGTONSTE10THST,""
870,BLOOMINGTON PD,BLOOMINGTON,2022-04-05T00:00:00,3:17 PM,2,,0,0,0,"","","",E MOORES PIKE,S COLLEGE MALL RD,"",0,"",39.15048149,-86.49826215,LOCAL/CITY ROAD,"",URBAN,N,N,N,"",DAYLIGHT,CLEAR,DRY,"",FOUR-WAY INTERSECTION,"",ASPHALT,DISREGARD SIGNAL/REG SIGN,RIGHT ANGLE,SCOLLEGEMALLRDEMOORESPIKE,""
871,BLOOMINGTON PD,BLOOMINGTON,2022-01-28T00:00:00,2:31 AM,2,,0,0,0,"","","",S DEBORAH DR,W COTA DR,"",0,"",39.13591993,-86.56778044,LOCAL/CITY ROAD,"",URBAN,N,N,N,"",DAYLIGHT,SNOW,SNOW/SLUSH,"",T-INTERSECTION,"",ASPHALT,ROADWAY SURFACE CONDITION,HEAD ON BETWEEN TWO MOTOR VEHICLES,WCOTADRSDEBORAHDR,""
872,BLOOMINGTON PD,BLOOMINGTON,2022-04-13T00:00:00,4:09 PM,2,,0,0,0,"","","",E MILLER DR,S WALNUT ST,"",0,"",39.1469247,-86.53261132,LOCAL/CITY ROAD,"",URBAN,N,N,N,"",DAYLIGHT,RAIN,WET,"",T-INTERSECTION,"",ASPHALT,DISREGARD SIGNAL/REG SIGN,RIGHT ANGLE,SWALNUTSTEMILLERDR,""
873,MONROE SD,BLOOMINGTON,2022-05-27T00:00:00,9:43 AM,1,,0,0,0,"","","",S GARRISON CHAPEL RD,W HENDRICKS RD,"",1000,"",39.16034187,-86.64847591,COUNTY ROAD,"",RURAL,N,N,N,"",DAYLIGHT,RAIN,WATER (STANDING OR MOVING),"",NO JUNCTION INVOLVED,"",ASPHALT,SPEED TOO FAST FOR WEATHER CONDITIONS,RAN OFF ROAD,WHENDRICKSRDSGARRISONCHAPELRD,""
874,INDIANA UNIV BLOOMINGTON PD,BLOOMINGTON,2022-03-28T00:00:00,4:20 PM,2,,0,0,0,"","","",E 4TH ST,"","",0,"",39.1652332,-86.52762442,PRIVATE DRIVE,"",URBAN,N,N,N,"",DAYLIGHT,CLEAR,DRY,"",NO JUNCTION INVOLVED,"",ASPHALT,UNSAFE BACKING,OPPOSITE DIRECTION SIDESWIPE,E4THST,""
875,BLOOMINGTON PD,BLOOMINGTON,2022-05-09T00:00:00,5:08 PM,4,,1,0,0,"","","",E MATTLOCK RD,N DUNN ST,"",0,"",39.18629475,-86.52871943,LOCAL/CITY ROAD,"",URBAN,N,N,N,"",DAYLIGHT,CLEAR,DRY,"",FOUR-WAY INTERSECTION,"",ASPHALT,OTHER (DRIVER) - EXPLAIN IN NARRATIVE,REAR END,NDUNNSTEMATTLOCKRD,""
876,BLOOMINGTON PD,BLOOMINGTON,2022-05-05T00:00:00,1:00 PM,2,,0,0,0,"","","",E MOORES PIKE,S SARE RD,"",0,"",39.15045251,-86.49833269,"","",URBAN,N,N,N,"",DAYLIGHT,RAIN,WET,"",FOUR-WAY INTERSECTION,"",ASPHALT,IMPROPER LANE USAGE,SAME DIRECTION SIDESWIPE,SSARERDEMOORESPIKE,""
877,ISP BLOOMINGTON 33,BLOOMINGTON,2022-05-25T00:00:00,9:57 AM,1,,0,0,1,"","","",I-69,"","",0,"",39.08896002,-86.56952708,INTERSTATE,"",RURAL,N,N,N,"",DAYLIGHT,CLEAR,DRY,"",NO JUNCTION INVOLVED,"",ASPHALT,ANIMAL/OBJECT IN ROADWAY,COLLISION WITH DEER,I-69,""
878,INDIANA UNIV BLOOMINGTON PD,BLOOMINGTON,2022-02-18T00:00:00,7:40 AM,2,,0,0,0,"","","",STATE RD 45,E 10TH ST,"",50,"",39.17182364,-86.5025062,STATE ROAD,"",URBAN,N,N,N,"",DAYLIGHT,CLEAR,ICE,"",FOUR-WAY INTERSECTION,"",ASPHALT,FOLLOWING TOO CLOSELY,REAR END,STATERD45E10THST,""
879,BLOOMINGTON PD,BLOOMINGTON,2022-05-21T00:00:00,9:37 AM,2,,0,0,0,"","","",BLOOMFIELD RD,I69 SB RAMP,"",0,"",39.14973698,-86.57164283,STATE ROAD,"",URBAN,N,N,N,"",DAYLIGHT,CLOUDY,DRY,"",FOUR-WAY INTERSECTION,"",ASPHALT,FAILURE TO YIELD RIGHT OF WAY,RIGHT ANGLE,I69SBRAMPBLOOMFIELDRD,""
880,MONROE SD,BLOOMINGTON,2022-02-12T00:00:00,12:47 PM,2,,0,0,0,3585,"","",W STATE RD 45,"","",0,"",39.14347573,-86.58053686,STATE ROAD,"",URBAN,N,N,N,"",DAYLIGHT,CLOUDY,DRY,"",NO JUNCTION INVOLVED,"",ASPHALT,OTHER (DRIVER) - EXPLAIN IN NARRATIVE,OTHER - EXPLAIN IN NARRATIVE,WSTATERD45,""
881,BLOOMINGTON PD,BLOOMINGTON,2022-03-23T00:00:00,7:15 AM,2,,1,0,0,"","","",W 3RD ST,S WALNUT ST,"",0,"",39.16459528,-86.53363056,LOCAL/CITY ROAD,"",URBAN,N,N,N,"",DARK (LIGHTED),RAIN,WET,"",FOUR-WAY INTERSECTION,"",ASPHALT,DISREGARD SIGNAL/REG SIGN,RIGHT ANGLE,W3RDSTSWALNUTST,""
882,ISP BLOOMINGTON 33,BLOOMINGTON,2022-01-27T00:00:00,1:20 PM,1,,0,0,0,"","","",W SR 48,N OARD RD,"",0,"",39.16487559,-86.62002326,STATE ROAD,"",RURAL,N,N,N,"",DAYLIGHT,CLOUDY,DRY,"",T-INTERSECTION,"",ASPHALT,"","",WSR48NOARDRD,""
883,ISP BLOOMINGTON 33,BLOOMINGTON,2022-04-16T00:00:00,10:31 AM,1,,1,0,0,"","","",I69,"","",0,"",39.05725945,-86.68119317,INTERSTATE,"",RURAL,N,N,N,"",DAYLIGHT,CLOUDY,DRY,"",NO JUNCTION INVOLVED,"",CONCRETE,"",RAN OFF ROAD,I69105.5,""
884,ISP BLOOMINGTON 33,BLOOMINGTON,2022-04-16T00:00:00,7:03 AM,1,,0,0,0,"","","",I69,"","",0,"",39.32633393,-86.51495595,INTERSTATE,"",RURAL,N,N,N,"",DAWN/DUSK,CLOUDY,WET,"",NO JUNCTION INVOLVED,"",ASPHALT,"",RAN OFF ROAD,I69129.5,""
885,INDIANA UNIV BLOOMINGTON PD,BLOOMINGTON,2022-02-24T00:00:00,6:58 PM,2,,0,0,0,"","","",N INDIANA AVE,E 17TH ST,"",0,"",39.17873937,-86.52705378,LOCAL/CITY ROAD,"",URBAN,N,N,N,"",DARK (LIGHTED),RAIN,WET,"",NO JUNCTION INVOLVED,"",ASPHALT,UNSAFE BACKING,BACKING CRASH,NINDIANAAVEE17THST,""
886,BLOOMINGTON PD,BLOOMINGTON,2022-02-25T00:00:00,4:52 PM,2,,0,0,0,"","","",E 2ND ST,S HENDERSON ST,"",0,"",39.16136003,-86.52757592,LOCAL/CITY ROAD,"",URBAN,N,N,N,"",DAYLIGHT,CLOUDY,DRY,"",NO JUNCTION INVOLVED,"",ASPHALT,IMPROPER TURNING,SAME DIRECTION SIDESWIPE,SHENDERSONSTE2NDST,""
887,BLOOMINGTON PD,BLOOMINGTON,2022-03-14T00:00:00,11:00 AM,2,,0,0,0,"","","",W BLOOMFIELD RD,S ROLLING RIDGE WAY,"",0,"",39.15498405,-86.56326003,LOCAL/CITY ROAD,"",URBAN,N,N,N,"",DAYLIGHT,CLEAR,DRY,"",FOUR-WAY INTERSECTION,"",ASPHALT,FAILURE TO MAINTAIN LANE,SAME DIRECTION SIDESWIPE,WBLOOMFIELDRDSROLLINGRIDGEWAY,""
888,BLOOMINGTON PD,BLOOMINGTON,2022-03-10T00:00:00,5:58 PM,2,,0,0,0,"","","",W KIRKWOOD AVE,N WALDRON ST,"",0,"",39.1667011,-86.54389459,LOCAL/CITY ROAD,"",URBAN,Y,N,N,"",DAYLIGHT,CLEAR,DRY,"",FOUR-WAY INTERSECTION,"",ASPHALT,FAILURE TO YIELD RIGHT OF WAY,SAME DIRECTION SIDESWIPE,WKIRKWOODAVENWALDRONST,""
889,BLOOMINGTON PD,BLOOMINGTON,2022-03-25T00:00:00,2:20 PM,2,,1,0,0,"","","",S COLLEGE AVE,W 3RD ST,"",0,"",39.16462357,-86.53490299,LOCAL/CITY ROAD,"",URBAN,N,N,N,"",DAYLIGHT,CLOUDY,WET,"",FOUR-WAY INTERSECTION,"",ASPHALT,FAILURE TO YIELD RIGHT OF WAY,RIGHT ANGLE,W3RDSTSCOLLEGEAVE,""
890,BLOOMINGTON PD,BLOOMINGTON,2022-02-09T00:00:00,10:07 AM,2,,0,0,0,"","","",1800 BLK. S.OLIVE ST,E. MILLER DR,"",400,"",39.14667737,-86.51884505,LOCAL/CITY ROAD,"",URBAN,N,N,N,"",DAYLIGHT,CLEAR,WET,"",NO JUNCTION INVOLVED,"",ASPHALT,UNSAFE BACKING,BACKING CRASH,E.MILLERDR1800BLK.S.OLIVEST,""
891,MONROE SD,"",2022-05-17T00:00:00,1:43 PM,1,,1,0,0,"","","",SHIELD RIDGE RD,SHADY SIDE DR,"",0,"",39.07186005,-86.46001047,"","",RURAL,N,N,N,"",DAYLIGHT,CLEAR,DRY,"",NO JUNCTION INVOLVED,"",ASPHALT,DRIVER ILLNESS,RAN OFF ROAD,SHIELDRIDGERDSHADYSIDEDR,""
892,BLOOMINGTON PD,BLOOMINGTON,2022-03-22T00:00:00,6:04 PM,2,,0,0,0,"","","",N INDIANA AVE,E 8TH ST,"",0,"",39.16950992,-86.52697153,LOCAL/CITY ROAD,"",URBAN,N,N,N,"",DAYLIGHT,RAIN,WET,"",FOUR-WAY INTERSECTION,"",ASPHALT,FAILURE TO YIELD RIGHT OF WAY,RIGHT ANGLE,NINDIANAAVEE8THST,""
893,BLOOMINGTON PD,BLOOMINGTON,2022-03-07T00:00:00,11:12 AM,2,,0,0,0,"","","",N. ADAMS ST,W. FOUNTAIN DR,"",50,"",39.169759,-86.549643,LOCAL/CITY ROAD,"",URBAN,N,N,N,"",DAYLIGHT,CLOUDY,DRY,"",T-INTERSECTION,"",ASPHALT,UNSAFE BACKING,BACKING CRASH,W.FOUNTAINDRN.ADAMSST,""
894,INDIANA UNIV BLOOMINGTON PD,BLOOMINGTON,2022-02-25T00:00:00,10:00 AM,2,,0,0,0,"","","",N JORDAN AVE,"","",0,"",39.16750876,-86.51469148,PRIVATE DRIVE,"",URBAN,N,N,N,"",DAYLIGHT,CLEAR,DRY,"",NO JUNCTION INVOLVED,"",ASPHALT,OTHER (DRIVER) - EXPLAIN IN NARRATIVE,OTHER - EXPLAIN IN NARRATIVE,NJORDANAVE,""
895,BLOOMINGTON PD,BLOOMINGTON,2022-03-22T00:00:00,2:49 AM,2,,2,0,0,"","","",N PROW RD,W ARLINGTON RD,"",0,"",39.19251752,-86.55258841,LOCAL/CITY ROAD,"",URBAN,N,N,N,"",DAYLIGHT,RAIN,WET,"",T-INTERSECTION,"",CONCRETE,FOLLOWING TOO CLOSELY,REAR END,WARLINGTONRDNPROWRD,""
896,MONROE SD,"",2022-05-02T00:00:00,1:00 PM,2,,0,0,0,"","","",W BELLE AVE,S HICKORY DR,"",0,"",39.16329606,-86.5858555,COUNTY ROAD,"",RURAL,N,N,N,"",DAYLIGHT,CLEAR,DRY,"",FOUR-WAY INTERSECTION,"",ASPHALT,FAILURE TO YIELD RIGHT OF WAY,HEAD ON BETWEEN TWO MOTOR VEHICLES,WBELLEAVESHICKORYDR,""
897,ISP BLOOMINGTON 33,BLOOMINGTON,2022-05-01T00:00:00,1:15 PM,1,,1,0,0,"","","",W MAY RD,S ROCKPORT RD,"",370,"",39.09331654,-86.5875505,COUNTY ROAD,"",RURAL,N,N,N,"",DAYLIGHT,CLEAR,DRY,"",NO JUNCTION INVOLVED,"",ASPHALT,UNSAFE LANE MOVEMENT,"",WMAYRDSROCKPORTRD,""
898,ISP BLOOMINGTON 33,BLOOMINGTON,2022-04-30T00:00:00,7:43 PM,2,,0,0,0,"","","",W 3RD ST,INTERSTATE 69,"",0,"",39.16475153,-86.5738302,INTERSTATE,"",URBAN,N,N,N,"",DAYLIGHT,RAIN,WET,"",INTERCHANGE,"",ASPHALT,SPEED TOO FAST FOR WEATHER CONDITIONS,REAR END,W3RDSTINTERSTATE69,""
899,MONROE SD,BLOOMINGTON,2022-02-08T00:00:00,10:33 AM,2,,0,0,0,4025,"","",S OLD STATE ROAD 37,E RHORER RD,"",0,"",39.12381061,-86.53341582,LOCAL/CITY ROAD,"",URBAN,N,N,N,"",DAYLIGHT,CLEAR,ICE,"",NO JUNCTION INVOLVED,"",ASPHALT,SPEED TOO FAST FOR WEATHER CONDITIONS,HEAD ON BETWEEN TWO MOTOR VEHICLES,SOLDSTATEROAD37ERHORERRD,""
900,INDIANA UNIV BLOOMINGTON PD,BLOOMINGTON,2022-03-06T00:00:00,12:40 PM,2,,0,0,0,"","","",E 3RD ST,S JORDAN AVE,"",264,"",39.16422927,-86.51695795,LOCAL/CITY ROAD,"",URBAN,N,N,N,"",DAYLIGHT,CLOUDY,DRY,"",NO JUNCTION INVOLVED,"",ASPHALT,IMPROPER TURNING,LEFT TURN,SJORDANAVEE3RDST,""