_id,Agency,City,Collision Date,Collision Time,Vehicles Involved,Trailers Involved,Number Injured,Number Dead,Number Deer,House Number,Roadway Interchange,Roadway Ramp,Roadway Id,Intersecting Road,Interchange,Feet From,Direction,Latitude,Longitude,Roadway Class,Hit and Run?,Locality,School Zone?,Rumble Strips?,Construction?,Construction Type,Light Condition,Weather Conditions,Surface Condition,Type of Median,Roadway Junction Type,Road Character,Roadway Surface,Primary Factor,Manner of Collision,Unique Location Id,Traffic Control
1094,BLOOMINGTON PD,BLOOMINGTON,2022-05-05T00:00:00,7:01 PM,2,,0,0,0,"","","",N GATES DR,W JACOB DR,"",0,"",39.16559475,-86.57597315,LOCAL/CITY ROAD,"",URBAN,N,N,N,"",DAYLIGHT,RAIN,WET,"",T-INTERSECTION,"",ASPHALT,FAILURE TO YIELD RIGHT OF WAY,RIGHT ANGLE,WJACOBDRNGATESDR,""
1095,INDIANA UNIV BLOOMINGTON PD,BLOOMINGTON,2022-03-29T00:00:00,10:07 AM,2,,0,0,0,"","","",E 10TH ST,"","",0,"",39.1720639,-86.51231225,PRIVATE DRIVE,"",URBAN,N,N,N,"",DAYLIGHT,CLOUDY,DRY,"",NO JUNCTION INVOLVED,"",ASPHALT,UNSAFE BACKING,BACKING CRASH,E10THST,""
1096,ISP BLOOMINGTON 33,BLOOMINGTON,2022-02-03T00:00:00,3:55 PM,1,,0,0,0,"","","",STATE RD 37,INGRAM ROAD,"",2112,"",38.99949943,-86.53715893,"","",RURAL,N,N,N,"",DAYLIGHT,SNOW,SNOW/SLUSH,"",NO JUNCTION INVOLVED,"",ASPHALT,SPEED TOO FAST FOR WEATHER CONDITIONS,RAN OFF ROAD,STATERD37INGRAMROAD,""
1097,BLOOMINGTON PD,BLOOMINGTON,2022-04-07T00:00:00,3:55 PM,2,,0,0,0,"","","",S COLLEGE AVE,W 1ST ST,"",0,"",39.15933506,-86.53497166,LOCAL/CITY ROAD,"",URBAN,N,N,N,"",DAYLIGHT,CLOUDY,WET,"",FOUR-WAY INTERSECTION,"",ASPHALT,DISREGARD SIGNAL/REG SIGN,RIGHT ANGLE,W1STSTSCOLLEGEAVE,""
1098,BLOOMINGTON PD,BLOOMINGTON,2022-03-03T00:00:00,1:22 PM,2,,0,0,0,"","","",E. 3RD ST,S. COLLEGE MALL RD,"",0,"",39.1641839,-86.4982356,LOCAL/CITY ROAD,"",URBAN,N,N,N,"",DAYLIGHT,CLOUDY,DRY,"",FOUR-WAY INTERSECTION,"",ASPHALT,FOLLOWING TOO CLOSELY,REAR END,S.COLLEGEMALLRDE.3RDST,""
1099,INDIANA UNIV BLOOMINGTON PD,BLOOMINGTON,2022-05-06T00:00:00,2:34 PM,2,,0,0,0,"","","",E 10TH ST,"","",0,"",39.17180284,-86.51375002,LOCAL/CITY ROAD,"",URBAN,N,N,N,"",DAYLIGHT,CLOUDY,DRY,"",NO JUNCTION INVOLVED,"",ASPHALT,OTHER (DRIVER) - EXPLAIN IN NARRATIVE,BACKING CRASH,E10THST,""
1100,BLOOMINGTON PD,BLOOMINGTON,2022-03-26T00:00:00,3:10 AM,1,,0,0,0,"","","",S. WALNUT ST,E BURKS DR,"",739,"",39.12537404,-86.53137383,LOCAL/CITY ROAD,"",URBAN,N,N,N,"",DARK (NOT LIGHTED),CLEAR,DRY,"",NO JUNCTION INVOLVED,"",CONCRETE,FAILURE TO MAINTAIN LANE,RAN OFF ROAD,S.WALNUTSTEBURKSDR,""
1101,BLOOMINGTON PD,BLOOMINGTON,2022-02-23T00:00:00,12:52 PM,2,,0,0,0,"","","",2700 BLK S LEONARD SPRINGS RD,TAPP RD,"",300,"",39.13807755,-86.58266375,LOCAL/CITY ROAD,"",URBAN,N,N,Y,LANE CLOSURE,DAYLIGHT,CLOUDY,DRY,"",NO JUNCTION INVOLVED,"",ASPHALT,FAILURE TO YIELD RIGHT OF WAY,RIGHT ANGLE,TAPPRD2700BLKSLEONARDSPRINGSRD,""
1102,BLOOMINGTON PD,BLOOMINGTON,2022-04-22T00:00:00,6:08 PM,2,,0,0,0,1425,"","",N DUNN ST,"","",0,"",39.1802208,-86.53007033,PRIVATE DRIVE,"",URBAN,N,N,N,"",DAYLIGHT,CLEAR,DRY,"",NO JUNCTION INVOLVED,"",ASPHALT,FAILURE TO YIELD RIGHT OF WAY,OTHER - EXPLAIN IN NARRATIVE,NDUNNST,""
1103,MONROE SD,BLOOMINGTON,2022-03-02T00:00:00,6:05 PM,2,,0,0,0,"","","",WEST VERNAL PIKE,WEST INDUSTRIAL PARK DRIVE,"",0,"",39.17896338,-86.56075857,LOCAL/CITY ROAD,"",RURAL,N,N,N,"",DAWN/DUSK,CLEAR,DRY,"",T-INTERSECTION,"",ASPHALT,FAILURE TO YIELD RIGHT OF WAY,LEFT TURN,WESTVERNALPIKEWESTINDUSTRIALPARKDRIVE,""
1104,BLOOMINGTON PD,BLOOMINGTON,2022-05-11T00:00:00,4:37 PM,2,,0,0,0,"","","",W 3RD ST,S LIBERTY DR,"",0,"",39.16460088,-86.57917213,LOCAL/CITY ROAD,"",URBAN,N,N,N,"",DAYLIGHT,CLEAR,DRY,"",FOUR-WAY INTERSECTION,"",ASPHALT,FOLLOWING TOO CLOSELY,REAR END,W3RDSTSLIBERTYDR,""
1105,BLOOMINGTON PD,BLOOMINGTON,2022-03-30T00:00:00,7:24 AM,1,,1,0,0,"","","",S WALNUT ST,E WINSLOW RD,"",0,"",39.13600731,-86.53106637,LOCAL/CITY ROAD,"",URBAN,N,N,N,"",DAWN/DUSK,CLOUDY,DRY,"",FOUR-WAY INTERSECTION,"",ASPHALT,OTHER (DRIVER) - EXPLAIN IN NARRATIVE,RAN OFF ROAD,SWALNUTSTEWINSLOWRD,""
1106,MONROE SD,BLOOMINGTON,2022-03-16T00:00:00,9:06 AM,2,,0,0,0,"","","",W TAPP RD,HICKORY HEIGHTS TRLR PARK,"",0,"",39.13705167,-86.57403519,LOCAL/CITY ROAD,"",URBAN,N,N,N,"",DAYLIGHT,CLEAR,DRY,"",TRAFFIC CIRCLE/ROUNDABOUT,"",ASPHALT,FAILURE TO YIELD RIGHT OF WAY,RIGHT ANGLE,WTAPPRDHICKORYHEIGHTSTRLRPARK,""
1107,BLOOMINGTON PD,BLOOMINGTON,2022-02-26T00:00:00,1:03 PM,2,,0,0,0,"","","",S. BASSWOOD DRIVE,GREENLEAF CT,"",0,"",39.153559,-86.572512,LOCAL/CITY ROAD,"",URBAN,N,N,N,"",DAYLIGHT,CLEAR,DRY,"",T-INTERSECTION,"",ASPHALT,FAILURE TO YIELD RIGHT OF WAY,RIGHT ANGLE,S.BASSWOODDRIVEGREENLEAFCT,""
1108,BLOOMINGTON PD,BLOOMINGTON,2022-02-27T00:00:00,9:35 AM,2,,1,0,0,"","","",E 17TH ST,N WALNUT ST,"",0,"",39.1789764,-86.5334589,LOCAL/CITY ROAD,"",URBAN,N,N,N,"",DAYLIGHT,CLEAR,DRY,"",FOUR-WAY INTERSECTION,"",ASPHALT,DISREGARD SIGNAL/REG SIGN,RIGHT ANGLE,NWALNUTSTE17THST,""
1109,MONROE SD,"",2022-05-03T00:00:00,7:07 AM,1,,0,0,0,"","","",W STATE RD 48,W STATE RD 43,"",950,"",39.17049529,-86.67894885,"","",RURAL,N,N,N,"",DAWN/DUSK,RAIN,WET,"",NO JUNCTION INVOLVED,"",ASPHALT,SPEED TOO FAST FOR WEATHER CONDITIONS,RAN OFF ROAD,WSTATERD48WSTATERD43,""
1110,MONROE SD,ELLETTSVILLE,2022-02-08T00:00:00,9:04 AM,2,,0,0,0,"","","",W STATE RD 46,DEER PARK,"",0,"",39.24482887,-86.63496346,STATE ROAD,"",URBAN,N,N,N,"",DAYLIGHT,CLEAR,DRY,"",FOUR-WAY INTERSECTION,"",ASPHALT,FAILURE TO YIELD RIGHT OF WAY,RIGHT ANGLE,WSTATERD46DEERPARK,""
1111,INDIANA UNIV BLOOMINGTON PD,BLOOMINGTON,2022-01-31T00:00:00,2:35 PM,2,,0,0,0,"","","",E COTTAGE GROVE AVE,N FORREST AVE,"",0,"",39.17255142,-86.52285746,LOCAL/CITY ROAD,"",URBAN,N,N,N,"",DAYLIGHT,CLEAR,DRY,"",NO JUNCTION INVOLVED,"",ASPHALT,UNSAFE BACKING,BACKING CRASH,NFORRESTAVEECOTTAGEGROVEAVE,""
1112,BLOOMINGTON PD,BLOOMINGTON,2022-03-17T00:00:00,1:20 PM,2,,0,0,0,"","","",DORCHESTER DR,HILLSIDE DR,"",0,"",39.150497,-86.512521,LOCAL/CITY ROAD,"",URBAN,N,N,N,"",DAYLIGHT,CLEAR,DRY,"",FOUR-WAY INTERSECTION,"",ASPHALT,FAILURE TO YIELD RIGHT OF WAY,RIGHT ANGLE,HILLSIDEDRDORCHESTERDR,""
1113,INDIANA UNIV BLOOMINGTON PD,BLOOMINGTON,2022-03-23T00:00:00,11:25 AM,2,,0,0,0,"","","",STATE RD 45,E 10TH ST,"",370,"",39.1721292,-86.50264398,LOCAL/CITY ROAD,"",URBAN,N,N,N,"",DAYLIGHT,CLOUDY,WET,"",FOUR-WAY INTERSECTION,"",ASPHALT,FOLLOWING TOO CLOSELY,REAR END,STATERD45E10THST,""
1114,MONROE SD,BLOOMINGTON,2022-05-04T00:00:00,7:10 PM,1,,0,0,0,"","","",N THOMPSON ROAD,SAMPLE ROAD,"",792,"",39.2647445,-86.52384369,LOCAL/CITY ROAD,"",RURAL,N,N,N,"",DAYLIGHT,CLOUDY,DRY,"",NO JUNCTION INVOLVED,"",ASPHALT,OVERCORRECTING/OVERSTEERING,RAN OFF ROAD,SAMPLEROADNTHOMPSONROAD,""
1115,INDIANA UNIV BLOOMINGTON PD,BLOOMINGTON,2022-04-22T00:00:00,10:18 PM,1,,0,0,1,"","","",STATE RD 45,E 17TH ST,"",0,"",39.18043181,-86.50776333,STATE ROAD,"",RURAL,N,N,N,"",DARK (LIGHTED),CLEAR,DRY,"",NO JUNCTION INVOLVED,"",ASPHALT,ANIMAL/OBJECT IN ROADWAY,COLLISION WITH DEER,STATERD45E17THST,""
1116,BLOOMINGTON PD,BLOOMINGTON,2022-04-26T00:00:00,1:29 AM,2,,3,0,0,"","","",SOUTH WALNUT,EAST WINSLOW,"",0,"",39.13597403,-86.53113074,LOCAL/CITY ROAD,"",URBAN,N,N,N,"",DAYLIGHT,CLEAR,DRY,"",FOUR-WAY INTERSECTION,"",ASPHALT,FOLLOWING TOO CLOSELY,REAR END,SOUTHWALNUTEASTWINSLOW,""
1117,BLOOMINGTON PD,BLOOMINGTON,2022-05-12T00:00:00,5:21 PM,2,,0,0,0,"","","",E HILLSIDE DR,S LONGWOOD DR,"",422,"",39.15050244,-86.51352114,LOCAL/CITY ROAD,"",URBAN,N,N,N,"",DAYLIGHT,CLEAR,DRY,"",NO JUNCTION INVOLVED,"",ASPHALT,FOLLOWING TOO CLOSELY,REAR END,SLONGWOODDREHILLSIDEDR,""
1118,MONROE SD,BLOOMINGTON,2022-05-31T00:00:00,9:11 PM,1,,0,0,1,"","","",STATE RD 46,N GETTYS CREEK RD,"",422,"",39.16319409,-86.41544132,STATE ROAD,"",RURAL,N,N,N,"",DAWN/DUSK,CLEAR,DRY,"",NO JUNCTION INVOLVED,"",ASPHALT,ANIMAL/OBJECT IN ROADWAY,COLLISION WITH DEER,STATERD46NGETTYSCREEKRD,""
1119,INDIANA UNIV BLOOMINGTON PD,BLOOMINGTON,2022-02-13T00:00:00,5:25 PM,2,,0,0,0,"","","",N UNION ST,E 10TH ST,"",0,"",39.17158196,-86.50945924,LOCAL/CITY ROAD,"",URBAN,N,N,N,"",DAYLIGHT,SNOW,WET,"",FOUR-WAY INTERSECTION,"",ASPHALT,UNSAFE BACKING,BACKING CRASH,NUNIONSTE10THST,""
1120,BLOOMINGTON PD,BLOOMINGTON,2022-02-16T00:00:00,4:52 PM,2,,1,0,0,"","","",STATE RD 46,EASTGATE LN,"",0,"",39.16987868,-86.50136894,STATE ROAD,"",URBAN,N,N,N,"",DAYLIGHT,CLEAR,DRY,"",NO JUNCTION INVOLVED,"",ASPHALT,FOLLOWING TOO CLOSELY,REAR END,STATERD46EASTGATELN,""
1121,BLOOMINGTON PD,BLOOMINGTON,2022-04-19T00:00:00,4:27 PM,2,,0,0,0,"","","",N COLLEGE AVE,W 17TH ST,"",0,"",39.17905742,-86.53469584,LOCAL/CITY ROAD,"",URBAN,N,N,N,"",DAYLIGHT,CLEAR,DRY,"",FOUR-WAY INTERSECTION,"",ASPHALT,DRIVER DISTRACTED - EXPLAIN IN NARRATIVE,REAR END,W17THSTNCOLLEGEAVE,""
1122,BLOOMINGTON PD,BLOOMINGTON,2022-02-24T00:00:00,12:53 AM,2,,0,0,0,"","","",N WALNUT ST,E COTTAGE GROVE AVE,"",0,"",39.17212494,-86.53361079,LOCAL/CITY ROAD,"",URBAN,N,N,N,"",DARK (LIGHTED),RAIN,WET,"",NO JUNCTION INVOLVED,"",ASPHALT,FAILURE TO MAINTAIN LANE,REAR END,NWALNUTSTECOTTAGEGROVEAVE,""
1123,BLOOMINGTON PD,BLOOMINGTON,2022-05-02T00:00:00,12:20 PM,2,,0,0,0,"","","",N WALNUT,SR 45/46 BYPASS,"",0,"",,,STATE ROAD,"",URBAN,N,N,N,"",DAYLIGHT,CLEAR,DRY,"",FOUR-WAY INTERSECTION,"",ASPHALT,FOLLOWING TOO CLOSELY,REAR END,SR45/46BYPASSNWALNUT,""
1124,ISP VERSAILLES 42,BLOOMINGTON,2022-04-25T00:00:00,7:51 AM,2,,0,0,0,"","","",STATE RD 37,S OLD STATE ROAD 37,"",0,"",39.08503438,-86.54202843,STATE ROAD,"",RURAL,N,N,N,"",DAYLIGHT,RAIN,WET,"",NO JUNCTION INVOLVED,"",ASPHALT,DRIVER DISTRACTED - EXPLAIN IN NARRATIVE,REAR END,STATERD37SOLDSTATEROAD37,""
1125,BLOOMINGTON PD,BLOOMINGTON,2022-02-19T00:00:00,4:50 AM,2,,0,0,0,"","","",2300 N WALNUT ST,"","",0,"",0,0,"","",URBAN,N,N,N,"",DARK (LIGHTED),CLEAR,DRY,"",NO JUNCTION INVOLVED,"",ASPHALT,OTHER (DRIVER) - EXPLAIN IN NARRATIVE,SAME DIRECTION SIDESWIPE,2300NWALNUTST,""
1126,BLOOMINGTON PD,BLOOMINGTON,2022-02-18T00:00:00,5:19 PM,2,,0,0,0,"","","",N GATES DR,W ALEXANDER DR,"",0,"",39.16874602,-86.57638473,LOCAL/CITY ROAD,"",URBAN,N,N,N,"",DAYLIGHT,CLEAR,DRY,"",FOUR-WAY INTERSECTION,"",ASPHALT,FAILURE TO YIELD RIGHT OF WAY,RIGHT ANGLE,WALEXANDERDRNGATESDR,""
1127,BLOOMINGTON PD,BLOOMINGTON,2022-05-24T00:00:00,5:20 PM,2,,0,0,0,"","","",E 17TH ST,N INDIANA AVE,"",0,"",39.17902773,-86.52704721,LOCAL/CITY ROAD,"",URBAN,N,N,N,"",DAYLIGHT,CLEAR,DRY,"",T-INTERSECTION,"",ASPHALT,FAILURE TO YIELD RIGHT OF WAY,SAME DIRECTION SIDESWIPE,NINDIANAAVEE17THST,""
1128,BLOOMINGTON PD,BLOOMINGTON,2022-04-13T00:00:00,9:30 PM,1,,1,0,0,"","","",N KINSER PIKE,STATE RD 46,"",0,"",39.18654927,-86.53772267,LOCAL/CITY ROAD,"",URBAN,N,N,N,"",DARK (NOT LIGHTED),RAIN,WET,"",FOUR-WAY INTERSECTION,"",ASPHALT,PEDESTRIAN ACTION,OTHER - EXPLAIN IN NARRATIVE,STATERD46NKINSERPIKE,""
1129,MONROE SD,BLOOMINGTON,2022-05-04T00:00:00,9:26 AM,1,,0,0,1,"","","",STATE RD 37,ZIKES RD S,"",0,"",39.04931971,-86.5363074,STATE ROAD,"",RURAL,N,N,N,"",DARK (NOT LIGHTED),CLEAR,DRY,"",NO JUNCTION INVOLVED,"",ASPHALT,ANIMAL/OBJECT IN ROADWAY,COLLISION WITH DEER,ZIKESRDSSTATERD37,""
1130,ELLETTSVILLE PD,ELLETTSVILLE,2022-04-19T00:00:00,4:17 PM,1,,0,0,0,"","","",46,N DEER PARK DR,"",106,"",39.21219357,-86.58738595,STATE ROAD,"",RURAL,N,N,N,"",DAYLIGHT,CLEAR,DRY,"",NO JUNCTION INVOLVED,"",ASPHALT,ANIMAL/OBJECT IN ROADWAY,OTHER - EXPLAIN IN NARRATIVE,NDEERPARKDR46,""
1131,INDIANA UNIV BLOOMINGTON PD,BLOOMINGTON,2022-02-21T00:00:00,6:14 PM,2,,0,0,0,"","","",N FEE LN,E 17TH ST,"",145,"",39.17959599,-86.51902325,LOCAL/CITY ROAD,"",URBAN,N,N,N,"",DAYLIGHT,CLEAR,DRY,"",NO JUNCTION INVOLVED,"",ASPHALT,FOLLOWING TOO CLOSELY,REAR END,NFEELNE17THST,""
1132,BLOOMINGTON PD,BLOOMINGTON,2022-02-09T00:00:00,1:22 PM,2,,0,0,0,"","","",E. SR 45/46 BYPASS,MARTHA ST,"",500,"",39.186299,-86.531632,STATE ROAD,"",URBAN,N,N,N,"",DAYLIGHT,CLOUDY,DRY,"",NO JUNCTION INVOLVED,"",CONCRETE,FAILURE TO YIELD RIGHT OF WAY,RIGHT ANGLE,MARTHASTE.SR45/46BYPASS,""
1133,MONROE SD,BLOOMINGTON,2022-01-25T00:00:00,4:09 AM,2,,0,0,0,"","","",S ROGERS ST,S OLD STATE ROAD 37,"",0,"",39.09937346,-86.53802402,LOCAL/CITY ROAD,"",RURAL,N,N,N,"",DAYLIGHT,CLEAR,DRY,"",T-INTERSECTION,"",ASPHALT,FOLLOWING TOO CLOSELY,REAR END,SROGERSSTSOLDSTATEROAD37,""
1134,BLOOMINGTON PD,BLOOMINGTON,2022-03-18T00:00:00,10:55 AM,2,,0,0,0,"","","",E BUICK CADILLAC BLVD,AUTO MALL ROAD,"",75,"",39.15818148,-86.49692006,LOCAL/CITY ROAD,"",URBAN,N,N,N,"",DAYLIGHT,CLOUDY,DRY,"",FOUR-WAY INTERSECTION,"",ASPHALT,FAILURE TO YIELD RIGHT OF WAY,RIGHT ANGLE,EBUICKCADILLACBLVDAUTOMALLROAD,""
1135,BLOOMINGTON PD,BLOOMINGTON,2022-02-07T00:00:00,7:23 PM,2,,0,0,0,"","","",N ADAMS ST,W KIRKWOOD AVE,"",0,"",39.16677191,-86.54964871,LOCAL/CITY ROAD,"",URBAN,N,N,N,"",DARK (LIGHTED),CLEAR,DRY,"",FOUR-WAY INTERSECTION,"",ASPHALT,FOLLOWING TOO CLOSELY,REAR END,WKIRKWOODAVENADAMSST,""
1136,BLOOMINGTON PD,BLOOMINGTON,2022-05-31T00:00:00,12:40 PM,2,,1,0,0,"","","",W SR 45/46 BYPASS,N. KINSER PK,"",0,"",39.186574,-86.537722,STATE ROAD,"",URBAN,N,N,N,"",DAYLIGHT,CLEAR,DRY,"",FOUR-WAY INTERSECTION,"",ASPHALT,OTHER (DRIVER) - EXPLAIN IN NARRATIVE,REAR END,WSR45/46BYPASSN.KINSERPK,""
1137,BLOOMINGTON PD,BLOOMINGTON,2022-04-08T00:00:00,7:18 PM,2,,3,0,0,"","","",N ADAMS ST,W KIRKWOOD AVE,"",0,"",39.16674141,-86.54964155,LOCAL/CITY ROAD,"",URBAN,N,N,N,"",DAWN/DUSK,RAIN,WET,"",FOUR-WAY INTERSECTION,"",ASPHALT,FAILURE TO MAINTAIN LANE,HEAD ON BETWEEN TWO MOTOR VEHICLES,WKIRKWOODAVENADAMSST,""
1138,MONROE SD,BLOOMINGTON,2022-02-06T00:00:00,2:43 AM,1,,0,0,0,4050,"","",W STATE RD 45,"","",0,"",39.1406893,-86.58603322,STATE ROAD,"",URBAN,N,N,N,"",DARK (NOT LIGHTED),CLEAR,DRY,"",NO JUNCTION INVOLVED,"",ASPHALT,UNSAFE SPEED,RAN OFF ROAD,WSTATERD45,""
1139,BLOOMINGTON PD,BLOOMINGTON,2022-02-11T00:00:00,12:01 AM,2,,0,0,0,"","","",3RD STREET,I69 OFFRAMP,"",0,"",0,0,"","",URBAN,N,N,N,"",DAYLIGHT,CLOUDY,DRY,"",RAMP,"",ASPHALT,OTHER (DRIVER) - EXPLAIN IN NARRATIVE,REAR END,I69OFFRAMP3RDSTREET,""
1140,MONROE SD,BLOOMINGTON,2022-04-22T00:00:00,4:36 PM,2,,0,0,0,"","","",N CURRY PIKE,W JONATHON DR,"",0,"",39.16820561,-86.58294991,LOCAL/CITY ROAD,"",URBAN,N,N,N,"",DAYLIGHT,CLEAR,DRY,"",FOUR-WAY INTERSECTION,"",ASPHALT,FAILURE TO YIELD RIGHT OF WAY,RIGHT ANGLE,WJONATHONDRNCURRYPIKE,""
1141,MONROE SD,BLOOMINGTON,2022-05-13T00:00:00,7:02 PM,2,,1,0,0,"","","",E RAYLETOWN RD,S FAIRFAX RD,"",0,"",39.09263728,-86.51691503,LOCAL/CITY ROAD,"",URBAN,N,N,N,"",DAYLIGHT,CLEAR,DRY,"",FOUR-WAY INTERSECTION,"",ASPHALT,DISREGARD SIGNAL/REG SIGN,RIGHT ANGLE,SFAIRFAXRDERAYLETOWNRD,""
1142,MONROE SD,BLOOMINGTON,2022-04-06T00:00:00,8:37 PM,1,,0,0,0,"","","",W STATE RD 45,STANFORD RD,"",0,"",39.08921325,-86.66730691,STATE ROAD,"",RURAL,N,N,N,"",DARK (NOT LIGHTED),CLEAR,DRY,"",NO JUNCTION INVOLVED,"",ASPHALT,OTHER (VEHICLE) - EXPLAIN IN NARRATIVE,RAN OFF ROAD,WSTATERD45STANFORDRD,""
1143,BLOOMINGTON PD,BLOOMINGTON,2022-02-11T00:00:00,3:32 PM,2,,0,0,0,"","","",S BAINBRIDGE DR,E ALLENDALE DR,"",0,"",39.13071043,-86.51969364,LOCAL/CITY ROAD,"",URBAN,N,N,N,"",DAYLIGHT,RAIN,WET,"",T-INTERSECTION,"",ASPHALT,FAILURE TO YIELD RIGHT OF WAY,RIGHT ANGLE,SBAINBRIDGEDREALLENDALEDR,""
1144,MONROE SD,BLOOMINGTON,2022-02-11T00:00:00,7:38 AM,2,,0,0,0,"","","",S ROCKPORT RD,W TAPP RD,"",0,"",39.13401003,-86.55109157,LOCAL/CITY ROAD,"",URBAN,N,N,N,"",DAWN/DUSK,CLEAR,DRY,"",NO JUNCTION INVOLVED,"",ASPHALT,FOLLOWING TOO CLOSELY,REAR END,WTAPPRDSROCKPORTRD,""
1145,BLOOMINGTON PD,BLOOMINGTON,2022-01-20T00:00:00,4:32 AM,2,,0,0,0,"","","",S ADAMS ST,W KIRKWOOD AVE,"",158,"",39.16646475,-86.54975209,"","",URBAN,N,N,N,"",DAYLIGHT,CLEAR,DRY,"",FOUR-WAY INTERSECTION,"",ASPHALT,FAILURE TO MAINTAIN LANE,OPPOSITE DIRECTION SIDESWIPE,WKIRKWOODAVESADAMSST,""
1146,MONROE SD,BLOOMINGTON,2022-05-22T00:00:00,2:11 PM,1,,0,0,0,8660,"","",S. FAIRFAX RD,"","",0,"",39.08125589,-86.51732873,PRIVATE DRIVE,"",RURAL,N,N,N,"",DAYLIGHT,CLEAR,DRY,"",NO JUNCTION INVOLVED,"",ASPHALT,VIEW OBSTRUCTED,BACKING CRASH,S.FAIRFAXRD,""
1147,MONROE SD,BLOOMINGTON,2022-03-09T00:00:00,2:30 AM,2,,0,0,0,"","","",E CREEKS EDGE DR,S CHEEKWOOD LN,"",0,"",39.12904438,-86.49851679,COUNTY ROAD,"",RURAL,N,N,N,"",DAYLIGHT,CLEAR,DRY,"",NO JUNCTION INVOLVED,"",ASPHALT,UNSAFE BACKING,BACKING CRASH,SCHEEKWOODLNECREEKSEDGEDR,""
1148,BLOOMINGTON PD,BLOOMINGTON,2022-02-14T00:00:00,9:30 AM,2,,0,0,0,505,"","","505 S HIGHLAND AVE BLOOMINGTON, IN 47401","","",0,"",,,LOCAL/CITY ROAD,"",URBAN,N,N,N,"",DAWN/DUSK,CLEAR,DRY,"",NO JUNCTION INVOLVED,"",ASPHALT,IMPROPER PASSING,SAME DIRECTION SIDESWIPE,"505SHIGHLANDAVEBLOOMINGTON,IN47401",""
1149,INDIANA UNIV BLOOMINGTON PD,BLOOMINGTON,2022-04-15T00:00:00,1:30 AM,2,,1,0,0,"","","",E 3RD ST,S FESS AVE,"",0,"",39.16427918,-86.52587897,LOCAL/CITY ROAD,"",URBAN,N,N,N,"",DAYLIGHT,CLEAR,DRY,"",T-INTERSECTION,"",ASPHALT,IMPROPER TURNING,SAME DIRECTION SIDESWIPE,SFESSAVEE3RDST,""
1150,MONROE SD,BLOOMINGTON,2022-04-03T00:00:00,12:13 PM,2,,0,0,0,"","","",S WESTMONT,GENE AVE,"",50,"",,,LOCAL/CITY ROAD,"",URBAN,N,N,N,"",DARK (NOT LIGHTED),CLOUDY,DRY,"",NO JUNCTION INVOLVED,"",ASPHALT,ANIMAL/OBJECT IN ROADWAY,SAME DIRECTION SIDESWIPE,SWESTMONTGENEAVE,""
1151,BLOOMINGTON PD,BLOOMINGTON,2022-04-07T00:00:00,4:59 PM,2,,0,0,0,"","","",W 7TH ST,N COLLEGE AVE,"",0,"",39.16857676,-86.53476546,LOCAL/CITY ROAD,"",URBAN,N,N,N,"",DAYLIGHT,RAIN,WET,"",FOUR-WAY INTERSECTION,"",ASPHALT,FOLLOWING TOO CLOSELY,REAR END,W7THSTNCOLLEGEAVE,""
1152,MONROE SD,BLOOMINGTON,2022-02-17T00:00:00,4:24 PM,1,,1,0,0,"","","",N TEXAS RIDGE RD,S OWL LN,"",3100,"",39.32461787,-86.66121336,LOCAL/CITY ROAD,"",RURAL,N,N,N,"",DAYLIGHT,RAIN,WET,"",NO JUNCTION INVOLVED,"",ASPHALT,SPEED TOO FAST FOR WEATHER CONDITIONS,RAN OFF ROAD,SOWLLNNTEXASRIDGERD,""
1153,MONROE SD,BLOOMINGTON,2022-05-09T00:00:00,8:34 PM,1,,0,0,1,"","","",I-69,"","",739,"",39.07570706,-86.59027553,STATE ROAD,"",RURAL,N,N,N,"",DAWN/DUSK,CLEAR,DRY,"",NO JUNCTION INVOLVED,"",ASPHALT,ANIMAL/OBJECT IN ROADWAY,COLLISION WITH DEER,I-69111.1,""
1154,INDIANA UNIV BLOOMINGTON PD,BLOOMINGTON,2022-04-23T00:00:00,2:38 AM,1,,0,0,0,"","","",E 7TH ST,"","",0,"",39.16925609,-86.51716975,PRIVATE DRIVE,"",URBAN,N,N,N,"",DARK (NOT LIGHTED),CLEAR,DRY,"",T-INTERSECTION,"",ASPHALT,OTHER (DRIVER) - EXPLAIN IN NARRATIVE,RAN OFF ROAD,E7THST,""
1155,BLOOMINGTON PD,BLOOMINGTON,2022-02-18T00:00:00,3:37 PM,2,,0,0,0,500,"","",S LIBERTY DR,"","",0,"",39.16303799,-86.57972262,LOCAL/CITY ROAD,"",URBAN,N,N,N,"",DAYLIGHT,CLEAR,DRY,"",NO JUNCTION INVOLVED,"",ASPHALT,FAILURE TO YIELD RIGHT OF WAY,SAME DIRECTION SIDESWIPE,SLIBERTYDR,""
1156,BLOOMINGTON PD,BLOOMINGTON,2022-02-02T00:00:00,11:43 AM,2,,0,0,0,"","","",E 3RD ST,S. LINCOLN ST,"",200,"",0,0,LOCAL/CITY ROAD,"",URBAN,N,N,N,"",DAYLIGHT,RAIN,WET,"",NO JUNCTION INVOLVED,"",ASPHALT,FAILURE TO YIELD RIGHT OF WAY,RIGHT ANGLE,S.LINCOLNSTE3RDST,""
1157,ISP BLOOMINGTON 33,BLOOMINGTON,2022-01-28T00:00:00,7:00 PM,1,,0,0,0,"","","",INTERSTATE 69,"","",0,"",39.28680611,-86.52011381,INTERSTATE,"",RURAL,N,N,N,"",DARK (NOT LIGHTED),CLEAR,SNOW/SLUSH,"",NO JUNCTION INVOLVED,"",CONCRETE,SPEED TOO FAST FOR WEATHER CONDITIONS,OTHER - EXPLAIN IN NARRATIVE,INTERSTATE69127,""