_id,Agency,City,Collision Date,Collision Time,Vehicles Involved,Trailers Involved,Number Injured,Number Dead,Number Deer,House Number,Roadway Interchange,Roadway Ramp,Roadway Id,Intersecting Road,Interchange,Feet From,Direction,Latitude,Longitude,Roadway Class,Hit and Run?,Locality,School Zone?,Rumble Strips?,Construction?,Construction Type,Light Condition,Weather Conditions,Surface Condition,Type of Median,Roadway Junction Type,Road Character,Roadway Surface,Primary Factor,Manner of Collision,Unique Location Id,Traffic Control
1222,BLOOMINGTON PD,BLOOMINGTON,2022-01-12T00:00:00,8:01 AM,2,,0,0,0,"","","",N DUNN ST,E KIRKWOOD AVE,"",0,"",39.16655009,-86.52824826,LOCAL/CITY ROAD,"",URBAN,N,N,N,"",DARK (LIGHTED),CLEAR,DRY,"",FOUR-WAY INTERSECTION,"",ASPHALT,FAILURE TO YIELD RIGHT OF WAY,RIGHT ANGLE,NDUNNSTEKIRKWOODAVE,""
1223,BLOOMINGTON PD,BLOOMINGTON,2022-01-19T00:00:00,10:16 AM,2,,0,0,0,"","","",645 S. ROGERS ST,"","",0,"",0,0,LOCAL/CITY ROAD,"",URBAN,N,N,N,"",DAYLIGHT,CLOUDY,DRY,"",NO JUNCTION INVOLVED,"",ASPHALT,OTHER (VEHICLE) - EXPLAIN IN NARRATIVE,RIGHT ANGLE,645S.ROGERSST,""
1224,INDIANA UNIV BLOOMINGTON PD,BLOOMINGTON,2022-01-10T00:00:00,4:05 PM,2,,0,0,0,"","","",E 3RD ST,S JORDAN AVE,"",264,"",39.16424721,-86.51587821,LOCAL/CITY ROAD,"",URBAN,N,N,N,"",DAYLIGHT,CLEAR,DRY,"",FOUR-WAY INTERSECTION,"",ASPHALT,IMPROPER TURNING,LEFT TURN,SJORDANAVEE3RDST,""
1225,BLOOMINGTON PD,BLOOMINGTON,2022-01-08T00:00:00,9:25 AM,2,,3,0,0,"","","",S. COLLEGE AVE,E 1ST ST,"",0,"",0,0,LOCAL/CITY ROAD,"",URBAN,N,N,N,"",DAYLIGHT,CLEAR,DRY,"",FOUR-WAY INTERSECTION,"",ASPHALT,DISREGARD SIGNAL/REG SIGN,RIGHT ANGLE,S.COLLEGEAVEE1STST,""
1226,BLOOMINGTON PD,BLOOMINGTON,2022-01-25T00:00:00,11:16 AM,1,,0,0,0,"","","",1308 E. 3RD ST,S. HIGHLAND AVE,"",250,"",39.16421628,-86.51716304,LOCAL/CITY ROAD,"",URBAN,N,N,N,"",DAYLIGHT,CLEAR,DRY,"",NO JUNCTION INVOLVED,"",ASPHALT,OVERCORRECTING/OVERSTEERING,LEFT/RIGHT TURN,S.HIGHLANDAVE1308E.3RDST,""
1227,INDIANA UNIV BLOOMINGTON PD,BLOOMINGTON,2022-01-26T00:00:00,12:30 PM,2,,1,0,0,"","","",E 10TH ST,E 10TH ST,"",0,"",39.17144935,-86.50225944,STATE ROAD,"",URBAN,N,N,N,"",DAYLIGHT,CLEAR,DRY,"",FOUR-WAY INTERSECTION,"",ASPHALT,FOLLOWING TOO CLOSELY,REAR END,E10THSTE10THST,""
1228,BLOOMINGTON PD,BLOOMINGTON,2022-01-15T00:00:00,4:59 PM,1,,1,0,0,333,"","",S DAVISSON ST,"","",0,"",39.16326172,-86.54513857,LOCAL/CITY ROAD,"",URBAN,N,N,N,"",DAYLIGHT,CLEAR,DRY,"",NO JUNCTION INVOLVED,"",ASPHALT,FAILURE TO MAINTAIN LANE,RAN OFF ROAD,SDAVISSONST,""
1229,BLOOMINGTON PD,BLOOMINGTON,2022-01-09T00:00:00,5:00 PM,1,,0,0,0,"","","",N MAPLE ST,W 13TH ST,"",0,"",39.17524411,-86.54206875,"","",URBAN,N,N,N,"",DAYLIGHT,CLEAR,DRY,"",FOUR-WAY INTERSECTION,"",ASPHALT,UNSAFE SPEED,OTHER - EXPLAIN IN NARRATIVE,W13THSTNMAPLEST,""
1230,INDIANA UNIV BLOOMINGTON PD,BLOOMINGTON,2022-01-24T00:00:00,3:20 PM,2,,0,0,0,"","","",STATE RD 45,E 10TH ST,"",0,"",39.17207732,-86.50262422,STATE ROAD,"",URBAN,N,N,N,"",DAYLIGHT,RAIN,WET,"",FOUR-WAY INTERSECTION,"",ASPHALT,FOLLOWING TOO CLOSELY,REAR END,STATERD45E10THST,""
1231,INDIANA UNIV BLOOMINGTON PD,BLOOMINGTON,2022-01-27T00:00:00,11:30 AM,2,,2,0,0,"","","",S JORDAN AVE,E 3RD ST,"",0,"",39.16425007,-86.5164215,LOCAL/CITY ROAD,"",URBAN,N,N,N,"",DAYLIGHT,SNOW,WET,"",FOUR-WAY INTERSECTION,"",ASPHALT,DISREGARD SIGNAL/REG SIGN,RIGHT ANGLE,SJORDANAVEE3RDST,""
1232,ISP BLOOMINGTON 33,BLOOMINGTON,2022-01-23T00:00:00,7:15 AM,1,,0,0,1,"","","",I-69,"","",1003,"",39.12071466,-86.57008172,INTERSTATE,"",RURAL,N,N,N,"",DARK (LIGHTED),CLEAR,DRY,"",NO JUNCTION INVOLVED,"",ASPHALT,ANIMAL/OBJECT IN ROADWAY,COLLISION WITH ANIMAL OTHER,I-69115,""
1233,BLOOMINGTON PD,BLOOMINGTON,2022-02-03T00:00:00,6:19 PM,2,,0,0,0,966,"","",S CLARIZZ BLVD,"","",0,"",39.15495931,-86.49091703,LOCAL/CITY ROAD,"",URBAN,N,N,N,"",DARK (LIGHTED),SNOW,SNOW/SLUSH,"",Y-INTERSECTION,"",ASPHALT,ROADWAY SURFACE CONDITION,REAR TO REAR,SCLARIZZBLVD,""
1234,BLOOMINGTON PD,BLOOMINGTON,2022-01-11T00:00:00,9:46 AM,2,,0,0,0,"","","",ST RD 46,E 3RD ST,"",0,"",39.2414352,-86.63236649,LOCAL/CITY ROAD,"",URBAN,N,N,N,"",DAYLIGHT,CLEAR,DRY,"",FOUR-WAY INTERSECTION,"",ASPHALT,UNSAFE LANE MOVEMENT,SAME DIRECTION SIDESWIPE,STRD46E3RDST,""
1235,BLOOMINGTON PD,BLOOMINGTON,2022-01-10T00:00:00,12:10 PM,2,,0,0,0,"","","",N RANGE RD,"","",0,"",39.1760738,-86.5029139,"","",URBAN,N,N,N,"",DAYLIGHT,CLEAR,DRY,"",T-INTERSECTION,"",ASPHALT,FAILURE TO YIELD RIGHT OF WAY,SAME DIRECTION SIDESWIPE,NRANGERD,""
1236,INDIANA UNIV BLOOMINGTON PD,BLOOMINGTON,2022-01-19T00:00:00,6:09 PM,2,,0,0,0,"","","",E 17TH ST,N FESS AVE,"",0,"",39.1790454,-86.52636607,LOCAL/CITY ROAD,"",URBAN,N,N,N,"",DARK (NOT LIGHTED),CLEAR,DRY,"",T-INTERSECTION,"",ASPHALT,FOLLOWING TOO CLOSELY,REAR END,NFESSAVEE17THST,""
1237,MONROE SD,BLOOMINGTON,2022-01-15T00:00:00,1:44 AM,1,,0,0,1,"","","",N HARTSTRAIT RD,W WALCOTT LN,"",634,"",39.20021988,-86.61130974,COUNTY ROAD,"",RURAL,N,N,N,"",DARK (NOT LIGHTED),CLEAR,DRY,"",NO JUNCTION INVOLVED,"",ASPHALT,ANIMAL/OBJECT IN ROADWAY,COLLISION WITH DEER,WWALCOTTLNNHARTSTRAITRD,""
1238,BLOOMINGTON PD,BLOOMINGTON,2022-01-26T00:00:00,10:25 AM,2,,0,0,0,"","","",W. 11TH ST,N. ROGERS ST.,"",0,"",39.173258,-86.538579,LOCAL/CITY ROAD,"",URBAN,N,N,N,"",DAYLIGHT,CLEAR,DRY,"",FOUR-WAY INTERSECTION,"",ASPHALT,FOLLOWING TOO CLOSELY,REAR END,W.11THSTN.ROGERSST.,""
1239,BLOOMINGTON PD,BLOOMINGTON,2022-01-13T00:00:00,4:27 PM,2,,0,0,0,"","","",STATE RD 46,EASTGATE LN,"",317,"",39.17063536,-86.50158745,LOCAL/CITY ROAD,"",URBAN,N,N,N,"",DAYLIGHT,CLEAR,DRY,"",FOUR-WAY INTERSECTION,"",ASPHALT,BRAKE FAILURE OR DEFECTIVE,REAR END,STATERD46EASTGATELN,""
1240,BLOOMINGTON PD,BLOOMINGTON,2022-01-13T00:00:00,12:36 PM,2,,0,0,0,"","","",W. 2ND ST,S. WALKER ST,"",0,"",39.161431,-86.546144,LOCAL/CITY ROAD,"",URBAN,N,N,N,"",DAYLIGHT,CLOUDY,DRY,"",FOUR-WAY INTERSECTION,"",ASPHALT,DISREGARD SIGNAL/REG SIGN,RIGHT ANGLE,W.2NDSTS.WALKERST,""
1241,BLOOMINGTON PD,BLOOMINGTON,2022-01-03T00:00:00,3:20 PM,2,,0,0,0,"","","",N WOODBRIDGE DR,E 10TH ST,"",0,"",39.17156163,-86.49086542,LOCAL/CITY ROAD,"",URBAN,N,N,N,"",DAYLIGHT,CLEAR,DRY,"",FOUR-WAY INTERSECTION,"",ASPHALT,FAILURE TO YIELD RIGHT OF WAY,RIGHT ANGLE,NWOODBRIDGEDRE10THST,""
1242,BLOOMINGTON PD,BLOOMINGTON,2022-01-11T00:00:00,9:40 AM,2,,0,0,0,"","","",S COLLEGE AVE,W 3RD ST,"",0,"",39.164609,-86.534898,LOCAL/CITY ROAD,"",URBAN,N,N,N,"",DAYLIGHT,CLEAR,DRY,"",FOUR-WAY INTERSECTION,"",ASPHALT,DISREGARD SIGNAL/REG SIGN,RIGHT ANGLE,W3RDSTSCOLLEGEAVE,""
1243,BLOOMINGTON PD,BLOOMINGTON,2022-05-20T00:00:00,2:59 PM,2,,0,0,0,"","","",1285 S. COLLEGE MALL RD,"","",0,"",0,0,PRIVATE DRIVE,"",URBAN,N,N,N,"",DAYLIGHT,CLEAR,DRY,"",NO JUNCTION INVOLVED,"",ASPHALT,UNSAFE BACKING,BACKING CRASH,1285S.COLLEGEMALLRD,""
1244,BLOOMINGTON PD,BLOOMINGTON,2022-01-29T00:00:00,8:17 AM,2,,0,0,0,"","","",I69,W. 3RD ST,"",300,"",39.164524,-86.573263,INTERSTATE,"",URBAN,N,N,N,"",DAYLIGHT,CLEAR,DRY,"",NO JUNCTION INVOLVED,"",ASPHALT,FOLLOWING TOO CLOSELY,REAR END,W.3RDSTI69,""
1245,MONROE SD,BLOOMINGTON,2022-05-27T00:00:00,5:50 AM,1,,0,0,0,"","","",I-69,"","",370,"",39.2470366,-86.53219119,INTERSTATE,"",RURAL,N,N,N,"",DARK (NOT LIGHTED),RAIN,WET,"",NO JUNCTION INVOLVED,"",ASPHALT,ANIMAL/OBJECT IN ROADWAY,COLLISION WITH OBJECT IN ROAD,I-69,""
1246,MONROE SD,BLOOMINGTON,2022-02-06T00:00:00,5:30 AM,1,,1,0,0,"","","",STATE RD 46,N DUBLIN DR,"",0,"",39.16323978,-86.44132364,"","",RURAL,N,N,N,"",DAYLIGHT,CLEAR,DRY,"",NO JUNCTION INVOLVED,"",ASPHALT,FAILURE TO MAINTAIN LANE,RAN OFF ROAD,STATERD46NDUBLINDR,""
1247,INDIANA UNIV BLOOMINGTON PD,BLOOMINGTON,2022-03-20T00:00:00,2:34 PM,2,,0,0,0,"","","",S HIGHLAND AVE,E 3RD ST,"",0,"",39.16425997,-86.51773567,LOCAL/CITY ROAD,"",URBAN,N,N,N,"",DAYLIGHT,CLEAR,DRY,"",T-INTERSECTION,"",ASPHALT,IMPROPER TURNING,LEFT TURN,SHIGHLANDAVEE3RDST,""
1248,BLOOMINGTON PD,BLOOMINGTON,2022-01-27T00:00:00,10:20 AM,2,,0,0,0,"","","",ROGERS ST,PATTERSON DR,"",0,"",39.153791,-86.538749,LOCAL/CITY ROAD,"",URBAN,N,N,N,"",DAYLIGHT,BLOWING SAND/SOIL/SNOW,SNOW/SLUSH,"",FOUR-WAY INTERSECTION,"",ASPHALT,UNSAFE LANE MOVEMENT,RIGHT ANGLE,ROGERSSTPATTERSONDR,""
1249,BLOOMINGTON PD,BLOOMINGTON,2022-04-14T00:00:00,1:20 PM,2,,1,0,0,"","","",N ADAMS ST,W FOUNTAIN DR,"",0,"",39.16958063,-86.54965586,LOCAL/CITY ROAD,"",URBAN,N,N,N,"",DAYLIGHT,CLEAR,DRY,"",NO JUNCTION INVOLVED,"",ASPHALT,FAILURE TO YIELD RIGHT OF WAY,HEAD ON BETWEEN TWO MOTOR VEHICLES,WFOUNTAINDRNADAMSST,""
1250,MONROE SD,BLOOMINGTON,2022-04-18T00:00:00,1:36 AM,1,,1,0,0,"","","",STATE RD 37,S OLD STATE ROAD 37,"",0,"",39.08550906,-86.54258913,STATE ROAD,"",RURAL,N,N,N,"",DARK (NOT LIGHTED),RAIN,WET,"",FOUR-WAY INTERSECTION,"",ASPHALT,SPEED TOO FAST FOR WEATHER CONDITIONS,RAN OFF ROAD,STATERD37SOLDSTATEROAD37,""
1251,BLOOMINGTON PD,BLOOMINGTON,2022-02-07T00:00:00,10:00 AM,2,,0,0,0,2896,"","",E 3RD ST,"","",0,"",39.16660097,-86.53709613,LOCAL/CITY ROAD,"",URBAN,N,N,N,"",DAYLIGHT,CLEAR,SNOW/SLUSH,"",NO JUNCTION INVOLVED,"",ASPHALT,FAILURE TO YIELD RIGHT OF WAY,OTHER - EXPLAIN IN NARRATIVE,E3RDST,""
1252,MONROE SD,BLOOMINGTON,2022-02-08T00:00:00,6:55 PM,2,,0,0,0,"","","",S STRAIN RIDGE RD,S FAIRFAX RD,"",0,"",39.07432879,-86.50587605,LOCAL/CITY ROAD,"",RURAL,N,N,N,"",DARK (NOT LIGHTED),CLEAR,SNOW/SLUSH,"",T-INTERSECTION,"",ASPHALT,FAILURE TO YIELD RIGHT OF WAY,LEFT TURN,SSTRAINRIDGERDSFAIRFAXRD,""
1253,MONROE SD,BLOOMINGTON,2022-02-07T00:00:00,9:27 PM,1,,0,0,0,"","","",W WOODYARD RD,N LOESCH RD,"",200,"",39.19314557,-86.58920263,LOCAL/CITY ROAD,"",RURAL,N,N,N,"",DARK (NOT LIGHTED),CLEAR,SNOW/SLUSH,"",T-INTERSECTION,"",ASPHALT,FAILURE TO MAINTAIN LANE,RAN OFF ROAD,WWOODYARDRDNLOESCHRD,""
1254,ISP BLOOMINGTON 33,BLOOMINGTON,2022-04-15T00:00:00,9:15 AM,2,,0,0,0,"","","",I69 117 F,"","",0,"",39.14975529,-86.57177586,INTERSTATE,"",URBAN,N,N,N,"",DAYLIGHT,CLEAR,DRY,"",RAMP,"",ASPHALT,FAILURE TO YIELD RIGHT OF WAY,REAR END,I69117F,""
1255,BLOOMINGTON PD,BLOOMINGTON,2022-02-04T00:00:00,4:10 PM,1,,3,0,0,"","","",I-69,"","",158,"",39.16426809,-86.57329506,INTERSTATE,"",URBAN,N,N,N,"",DAYLIGHT,SNOW,SNOW/SLUSH,"",NO JUNCTION INVOLVED,"",CONCRETE,SPEED TOO FAST FOR WEATHER CONDITIONS,RIGHT ANGLE,I-69,""
1256,ISP BLOOMINGTON 33,BLOOMINGTON,2022-03-22T00:00:00,7:34 PM,2,,0,0,0,"","","",S OLD STATE ROAD 37,STATE RD 37,"",0,"",39.08544064,-86.54263446,COUNTY ROAD,"",RURAL,N,N,N,"",DARK (NOT LIGHTED),RAIN,WET,"",FOUR-WAY INTERSECTION,"",ASPHALT,FAILURE TO YIELD RIGHT OF WAY,LEFT TURN,STATERD37SOLDSTATEROAD37,""
1257,BLOOMINGTON PD,BLOOMINGTON,2022-04-08T00:00:00,12:33 PM,2,,0,0,0,"","","",W 3RD ST,CORY LN,"",0,"",39.1644621,-86.5601338,LOCAL/CITY ROAD,"",URBAN,N,N,N,"",DAYLIGHT,CLEAR,DRY,"",FOUR-WAY INTERSECTION,"",ASPHALT,FAILURE TO YIELD RIGHT OF WAY,REAR END,W3RDSTCORYLN,""
1258,BLOOMINGTON PD,BLOOMINGTON,2022-05-12T00:00:00,4:42 PM,2,,1,0,0,"","","",W 3RD ST,S CORY LN,"",0,"",39.16447883,-86.56012005,LOCAL/CITY ROAD,"",URBAN,N,N,N,"",DAYLIGHT,CLEAR,DRY,"",FOUR-WAY INTERSECTION,"",ASPHALT,DISREGARD SIGNAL/REG SIGN,RIGHT ANGLE,W3RDSTSCORYLN,""
1259,BLOOMINGTON PD,BLOOMINGTON,2022-05-26T00:00:00,7:51 AM,2,,0,0,0,"","","",N. WALNUT ST,W 7TH ST,"",150,"",39.168539,-86.533599,LOCAL/CITY ROAD,"",URBAN,N,N,N,"",DAYLIGHT,RAIN,WET,"",NO JUNCTION INVOLVED,"",ASPHALT,OVERCORRECTING/OVERSTEERING,SAME DIRECTION SIDESWIPE,W7THSTN.WALNUTST,""
1260,MONROE SD,BLOOMINGTON,2022-04-19T00:00:00,3:57 PM,2,,0,0,0,"","","",S CURRY PIKE,W CURRY CT,"",0,"",39.15404081,-86.58262377,LOCAL/CITY ROAD,"",URBAN,N,N,N,"",DAYLIGHT,CLOUDY,DRY,"",T-INTERSECTION,"",ASPHALT,FAILURE TO YIELD RIGHT OF WAY,RIGHT TURN,WCURRYCTSCURRYPIKE,""
1261,MONROE SD,BLOOMINGTON,2022-04-14T00:00:00,5:45 PM,2,,0,0,0,"","","",I-69,"","",475,"",39.11566324,-86.56541055,INTERSTATE,"",RURAL,N,N,N,"",DAYLIGHT,CLEAR,DRY,"",NO JUNCTION INVOLVED,"",ASPHALT,UNSAFE LANE MOVEMENT,SAME DIRECTION SIDESWIPE,I-69114,""
1262,BLOOMINGTON PD,BLOOMINGTON,2022-05-02T00:00:00,11:30 PM,1,,0,0,0,150,"","",W 17TH ST,"","",0,"",39.17926563,-86.53387343,PRIVATE DRIVE,"",URBAN,N,N,N,"",DARK (LIGHTED),CLOUDY,DRY,"",FOUR-WAY INTERSECTION,"",ASPHALT,OTHER (DRIVER) - EXPLAIN IN NARRATIVE,RAN OFF ROAD,W17THST,""
1263,MONROE SD,BLOOMINGTON,2022-02-26T00:00:00,10:16 AM,2,,0,0,0,"","","",N WALNUT ST,E WHISNAND RD,"",0,"",39.22561783,-86.54010005,"","",RURAL,N,N,N,"",DAYLIGHT,CLEAR,DRY,"",NO JUNCTION INVOLVED,"",ASPHALT,FOLLOWING TOO CLOSELY,REAR END,NWALNUTSTEWHISNANDRD,""
1264,ISP BLOOMINGTON 33,BLOOMINGTON,2022-02-18T00:00:00,7:50 AM,2,,1,0,0,"","","",SR37,W DILLMAN RD,"",0,"",39.09295338,-86.54606533,STATE ROAD,"",RURAL,N,N,N,"",DAYLIGHT,CLEAR,DRY,"",FOUR-WAY INTERSECTION,"",ASPHALT,FAILURE TO YIELD RIGHT OF WAY,RIGHT ANGLE,WDILLMANRDSR37,""
1265,BLOOMINGTON PD,BLOOMINGTON,2022-04-23T00:00:00,6:06 PM,3,,0,0,0,"","","",E 3RD ST,STATE RD 46,"",0,"",39.16430407,-86.47206583,LOCAL/CITY ROAD,"",URBAN,N,N,N,"",DAYLIGHT,CLEAR,DRY,"",FOUR-WAY INTERSECTION,"",ASPHALT,FOLLOWING TOO CLOSELY,REAR END,STATERD46E3RDST,""
1266,BLOOMINGTON PD,BLOOMINGTON,2022-01-28T00:00:00,2:25 PM,3,,0,0,0,"","","",W SR45,S. LIBERTY DR,"",0,"",39.15840211,-86.57737914,LOCAL/CITY ROAD,"",URBAN,N,N,N,"",DAYLIGHT,SNOW,SNOW/SLUSH,"",FOUR-WAY INTERSECTION,"",ASPHALT,ROADWAY SURFACE CONDITION,HEAD ON BETWEEN TWO MOTOR VEHICLES,WSR45S.LIBERTYDR,""
1267,ISP BLOOMINGTON 33,ELLETTSVILLE,2022-01-20T00:00:00,2:52 PM,2,,1,0,0,"","","",STATE RD 46,N LAKEVIEW DR,"",0,"",39.22145753,-86.6061386,STATE ROAD,"",URBAN,N,N,N,"",DAYLIGHT,CLEAR,DRY,"",NO JUNCTION INVOLVED,"",ASPHALT,FAILURE TO YIELD RIGHT OF WAY,RIGHT ANGLE,STATERD46NLAKEVIEWDR,""
1268,ISP BLOOMINGTON 33,BLOOMINGTON,2022-02-04T00:00:00,12:40 AM,1,,0,0,0,"","","",I-69,"","",739,"",39.3153373,-86.51126286,INTERSTATE,"",RURAL,N,N,N,"",DARK (NOT LIGHTED),SNOW,SNOW/SLUSH,"",NO JUNCTION INVOLVED,"",CONCRETE,BRAKE FAILURE OR DEFECTIVE,OTHER - EXPLAIN IN NARRATIVE,I-69,""
1269,BLOOMINGTON PD,BLOOMINGTON,2022-04-01T00:00:00,2:30 PM,3,,2,0,0,"","","",STATE ROAD 45 46,N DUNN,"",0,"",39.18631388,-86.52843007,STATE ROAD,"",URBAN,N,N,N,"",DAYLIGHT,CLEAR,DRY,"",FOUR-WAY INTERSECTION,"",ASPHALT,UNSAFE SPEED,REAR END,STATEROAD4546NDUNN,""
1270,INDIANA UNIV BLOOMINGTON PD,BLOOMINGTON,2022-02-05T00:00:00,1:20 AM,1,,1,0,0,"","","",N JORDAN AVE,S JORDAN AVE,"",0,"",39.1677479,-86.51612914,LOCAL/CITY ROAD,"",URBAN,N,N,N,"",DARK (LIGHTED),SNOW,SNOW/SLUSH,"",NO JUNCTION INVOLVED,"",ASPHALT,UNSAFE SPEED,COLLISION WITH OBJECT IN ROAD,SJORDANAVENJORDANAVE,""
1271,BLOOMINGTON PD,BLOOMINGTON,2022-03-21T00:00:00,4:17 PM,2,,0,0,0,"","","",E HUNTER AVE,S FACULTY AVE,"",158,"",39.16223835,-86.52073449,LOCAL/CITY ROAD,"",URBAN,N,N,N,"",DAYLIGHT,CLEAR,DRY,"",NO JUNCTION INVOLVED,"",ASPHALT,DRIVER ILLNESS,REAR END,SFACULTYAVEEHUNTERAVE,""
1272,MONROE SD,BLOOMINGTON,2022-02-04T00:00:00,7:22 AM,2,,0,0,0,"","","",TRAILRIDGE RD,N BRAMBLE DR,"",1000,"",39.20565559,-86.47662825,"","",RURAL,N,N,N,"",DAWN/DUSK,CLOUDY,SNOW/SLUSH,"",NO JUNCTION INVOLVED,"",ASPHALT,UNSAFE BACKING,BACKING CRASH,TRAILRIDGERDNBRAMBLEDR,""
1273,INDIANA UNIV BLOOMINGTON PD,BLOOMINGTON,2022-02-08T00:00:00,8:20 PM,2,,0,0,0,"","","",N JORDAN AVE,"","",0,"",39.1812824,-86.51039514,OTHER,"",URBAN,N,N,N,"",DARK (NOT LIGHTED),CLEAR,ICE,"",NO JUNCTION INVOLVED,"",ASPHALT,SPEED TOO FAST FOR WEATHER CONDITIONS,HEAD ON BETWEEN TWO MOTOR VEHICLES,NJORDANAVE,""
1274,BLOOMINGTON PD,BLOOMINGTON,2022-05-30T00:00:00,3:40 AM,3,,0,0,0,503,"","",S MULLER PKWY,"","",0,"",39.16104548,-86.56771006,PRIVATE DRIVE,"",URBAN,N,N,N,"",DAYLIGHT,CLEAR,DRY,"",NO JUNCTION INVOLVED,"",ASPHALT,DRIVER ASLEEP OR FATIGUED,RIGHT ANGLE,SMULLERPKWY,""
1275,BLOOMINGTON PD,BLOOMINGTON,2022-02-11T00:00:00,4:40 PM,3,,0,0,0,"","","",E HILLSIDE DR,S WALNUT ST,"",0,"",39.15049411,-86.53361267,LOCAL/CITY ROAD,"",URBAN,N,N,N,"",DAYLIGHT,RAIN,WET,"",FOUR-WAY INTERSECTION,"",ASPHALT,FOLLOWING TOO CLOSELY,REAR END,SWALNUTSTEHILLSIDEDR,""
1276,BLOOMINGTON PD,BLOOMINGTON,2022-04-13T00:00:00,12:53 PM,2,,2,0,0,"","","",S. HIGHLAND AVE,E HUNTER AVE,"",0,"",39.162191,-86.517714,LOCAL/CITY ROAD,"",URBAN,N,N,N,"",DAYLIGHT,RAIN,WET,"",FOUR-WAY INTERSECTION,"",ASPHALT,DISREGARD SIGNAL/REG SIGN,RIGHT ANGLE,S.HIGHLANDAVEEHUNTERAVE,""
1277,BLOOMINGTON PD,BLOOMINGTON,2022-05-03T00:00:00,12:29 PM,2,,0,0,0,"","","",3000 S LEONARD SPRINGS RD,MAYBURY MALL RD,"",50,"",39.13296673,-86.58262695,LOCAL/CITY ROAD,"",URBAN,N,N,N,"",DAYLIGHT,CLOUDY,DRY,"",NO JUNCTION INVOLVED,"",ASPHALT,FAILURE TO YIELD RIGHT OF WAY,RIGHT ANGLE,MAYBURYMALLRD3000SLEONARDSPRINGSRD,""
1278,MONROE SD,BLOOMINGTON,2022-02-17T00:00:00,3:14 PM,1,,0,0,0,"","","",I-69,"","",0,"",39.11936005,-86.56923396,INTERSTATE,"",RURAL,N,N,N,"",DAYLIGHT,RAIN,WET,"",NO JUNCTION INVOLVED,"",CONCRETE,SPEED TOO FAST FOR WEATHER CONDITIONS,OTHER - EXPLAIN IN NARRATIVE,I-69115,""
1279,BLOOMINGTON PD,BLOOMINGTON,2022-05-21T00:00:00,6:00 PM,2,,0,0,0,"","","",E JOHN HINKLE PL,N PETE ELLIS DR,"",0,"",39.17052204,-86.49537646,LOCAL/CITY ROAD,"",URBAN,N,N,N,"",DAYLIGHT,CLEAR,DRY,"",T-INTERSECTION,"",ASPHALT,IMPROPER TURNING,OPPOSITE DIRECTION SIDESWIPE,NPETEELLISDREJOHNHINKLEPL,""
1280,INDIANA UNIV BLOOMINGTON PD,BLOOMINGTON,2022-04-05T00:00:00,7:39 PM,2,,0,0,0,"","","",E 3RD ST,S EASTSIDE DR,"",0,"",39.16427794,-86.51308204,LOCAL/CITY ROAD,"",URBAN,N,N,N,"",DAYLIGHT,CLOUDY,DRY,"",T-INTERSECTION,"",ASPHALT,IMPROPER TURNING,LEFT TURN,SEASTSIDEDRE3RDST,""
1281,BLOOMINGTON PD,BLOOMINGTON,2022-01-28T00:00:00,1:39 PM,2,,0,0,0,"","","",W. 3RD ST,I69/37 OVERPASS,"",0,"",0,0,LOCAL/CITY ROAD,"",URBAN,N,N,N,"",DAYLIGHT,SNOW,SNOW/SLUSH,"",FOUR-WAY INTERSECTION,"",CONCRETE,FOLLOWING TOO CLOSELY,REAR END,W.3RDSTI69/37OVERPASS,""
1282,INDIANA UNIV BLOOMINGTON PD,BLOOMINGTON,2022-03-31T00:00:00,6:30 PM,1,,0,0,0,"","","",N WOODLAWN AVE,E 8TH ST,"",0,"",39.16943853,-86.52350388,LOCAL/CITY ROAD,"",URBAN,N,N,N,"",DAYLIGHT,RAIN,WET,"",T-INTERSECTION,"",ASPHALT,UNSAFE LANE MOVEMENT,RAN OFF ROAD,NWOODLAWNAVEE8THST,""
1283,MONROE SD,BLOOMINGTON,2022-05-05T00:00:00,9:23 AM,2,,0,0,0,"","","",W HENNESSEY ST,S ROCKPORT RD,"",0,"",39.12812067,-86.55658484,LOCAL/CITY ROAD,"",URBAN,N,N,N,"",DAYLIGHT,CLOUDY,DRY,"",T-INTERSECTION,"",ASPHALT,FAILURE TO YIELD RIGHT OF WAY,REAR END,WHENNESSEYSTSROCKPORTRD,""
1284,BLOOMINGTON PD,BLOOMINGTON,2022-05-17T00:00:00,10:15 AM,2,,0,0,0,"","","",N WALNUT ST,W KIRKWOOD AVE,"",0,"",39.16686341,-86.53360552,LOCAL/CITY ROAD,"",URBAN,N,N,N,"",DAYLIGHT,CLEAR,DRY,"",NO JUNCTION INVOLVED,"",ASPHALT,INSECURE/LEAKY LOAD,NON-COLLISION,WKIRKWOODAVENWALNUTST,""
1285,MONROE SD,BLOOMINGTON,2022-04-06T00:00:00,6:45 PM,2,,0,0,0,"","","",S ADAMS ST,"","",0,"",39.151355,-86.5513687,PRIVATE DRIVE,"",RURAL,N,N,N,"",DAYLIGHT,CLEAR,DRY,"",NO JUNCTION INVOLVED,"",ASPHALT,UNSAFE BACKING,BACKING CRASH,SADAMSST,""