_id,Agency,City,Collision Date,Collision Time,Vehicles Involved,Trailers Involved,Number Injured,Number Dead,Number Deer,House Number,Roadway Interchange,Roadway Ramp,Roadway Id,Intersecting Road,Interchange,Feet From,Direction,Latitude,Longitude,Roadway Class,Hit and Run?,Locality,School Zone?,Rumble Strips?,Construction?,Construction Type,Light Condition,Weather Conditions,Surface Condition,Type of Median,Roadway Junction Type,Road Character,Roadway Surface,Primary Factor,Manner of Collision,Unique Location Id,Traffic Control
1286,MONROE SD,BLOOMINGTON,2022-02-21T00:00:00,6:04 AM,1,,0,0,0,"","","",OLD STATE ROAD 37,MAIN FOREST RD,"",800,"",39.33057816,-86.47598902,LOCAL/CITY ROAD,"",RURAL,N,N,N,"",DAWN/DUSK,CLEAR,DRY,"",NO JUNCTION INVOLVED,"",ASPHALT,UNSAFE LANE MOVEMENT,RAN OFF ROAD,OLDSTATEROAD37MAINFORESTRD,""
1287,ISP BLOOMINGTON 33,BLOOMINGTON,2022-02-04T00:00:00,4:45 PM,2,,0,0,0,"","","",SR45,I69-117-RAMP C,"",0,"",39.14873023,-86.57074589,STATE ROAD,"",URBAN,N,N,N,"",DAYLIGHT,CLEAR,SNOW/SLUSH,"",T-INTERSECTION,"",ASPHALT,UNSAFE BACKING,REAR END,SR45I69-117-RAMPC,""
1288,BLOOMINGTON PD,BLOOMINGTON,2022-05-26T00:00:00,1:44 PM,2,,0,0,0,"","","",S IN 46,EASTGATE LN,"",53,"",39.1700771,-86.50164908,STATE ROAD,"",URBAN,N,N,N,"",DAYLIGHT,CLEAR,DRY,"",NO JUNCTION INVOLVED,"",ASPHALT,FOLLOWING TOO CLOSELY,REAR END,SIN46EASTGATELN,""
1289,BLOOMINGTON PD,BLOOMINGTON,2022-04-22T00:00:00,4:31 PM,2,,0,0,0,2796,"","",N OLD STATE ROAD 37,"","",0,"",39.19805241,-86.53680272,PRIVATE DRIVE,"",URBAN,N,N,N,"",DAYLIGHT,CLEAR,DRY,"",NO JUNCTION INVOLVED,"",ASPHALT,UNSAFE BACKING,REAR END,NOLDSTATEROAD37,""
1290,BLOOMINGTON PD,BLOOMINGTON,2022-03-30T00:00:00,4:43 AM,2,,2,0,0,"","","",E WINSLOW RD,S HENDERSON ST,"",0,"",39.13602396,-86.52692503,LOCAL/CITY ROAD,"",URBAN,N,N,N,"",DAYLIGHT,CLOUDY,DRY,"",FOUR-WAY INTERSECTION,"",ASPHALT,FAILURE TO YIELD RIGHT OF WAY,HEAD ON BETWEEN TWO MOTOR VEHICLES,SHENDERSONSTEWINSLOWRD,""
1291,BLOOMINGTON PD,BLOOMINGTON,2022-03-31T00:00:00,12:35 AM,2,,0,0,0,"","","",E 2ND ST,S WALNUT ST,"",0,"",39.16137805,-86.53361715,LOCAL/CITY ROAD,"",URBAN,N,N,N,"",DARK (LIGHTED),RAIN,WET,"",FOUR-WAY INTERSECTION,"",ASPHALT,DISREGARD SIGNAL/REG SIGN,RIGHT ANGLE,SWALNUTSTE2NDST,""
1292,ISP BLOOMINGTON 33,BLOOMINGTON,2022-04-22T00:00:00,2:15 AM,1,,0,0,0,"","","",N DUNN ST,E VARSITY LN,"",0,"",39.18312769,-86.52833819,LOCAL/CITY ROAD,"",URBAN,N,N,N,"",DARK (NOT LIGHTED),CLEAR,DRY,"",NO JUNCTION INVOLVED,"",ASPHALT,LEFT OF CENTER,"",NDUNNSTEVARSITYLN,""
1293,INDIANA UNIV BLOOMINGTON PD,BLOOMINGTON,2022-04-05T00:00:00,9:25 AM,2,,0,0,0,"","","",N FEE LN,N FEE LN,"",0,"",39.17328336,-86.51899106,LOCAL/CITY ROAD,"",URBAN,N,N,N,"",DAYLIGHT,RAIN,WET,"",FOUR-WAY INTERSECTION,"",ASPHALT,FAILURE TO YIELD RIGHT OF WAY,RIGHT ANGLE,NFEELNNFEELN,""
1294,BLOOMINGTON PD,BLOOMINGTON,2022-03-24T00:00:00,11:03 PM,1,,0,0,0,"","","",W 10TH ST,N COLLEGE AVE,"",0,"",39.17168224,-86.53482146,LOCAL/CITY ROAD,"",URBAN,N,N,N,"",DARK (LIGHTED),CLEAR,DRY,"",INTERCHANGE,"",ASPHALT,FAILURE TO YIELD RIGHT OF WAY,LEFT TURN,W10THSTNCOLLEGEAVE,""
1295,BLOOMINGTON PD,BLOOMINGTON,2022-04-29T00:00:00,1:09 PM,2,,0,0,0,"","","",N SR46,E EASTGATE LANE,"",1000,"",39.16902209,-86.50040329,STATE ROAD,"",URBAN,N,N,N,"",DAYLIGHT,CLOUDY,DRY,"",NO JUNCTION INVOLVED,"",ASPHALT,FOLLOWING TOO CLOSELY,REAR END,NSR46EEASTGATELANE,""
1296,BLOOMINGTON PD,BLOOMINGTON,2022-03-25T00:00:00,12:54 PM,2,,0,0,0,"","","",100 E. 6TH ST,N. WALNUT ST,"",300,"",39.166725,-86.53323,LOCAL/CITY ROAD,"",URBAN,N,N,N,"",DAYLIGHT,CLOUDY,DRY,"",NO JUNCTION INVOLVED,"",ASPHALT,OTHER (DRIVER) - EXPLAIN IN NARRATIVE,SAME DIRECTION SIDESWIPE,N.WALNUTST100E.6THST,""
1297,BLOOMINGTON PD,BLOOMINGTON,2022-02-19T00:00:00,12:00 AM,2,,0,0,0,"","","",S GRANT ST,"","",0,"",39.16439459,-86.52981925,LOCAL/CITY ROAD,"",URBAN,N,N,N,"",DAYLIGHT,CLEAR,DRY,"",NO JUNCTION INVOLVED,"",CONCRETE,UNDER STEERING/UNDER CORRECTING,SAME DIRECTION SIDESWIPE,SGRANTST,""
1298,INDIANA UNIV BLOOMINGTON PD,BLOOMINGTON,2022-04-09T00:00:00,3:10 PM,2,,0,0,0,"","","",E 3RD ST,S SWAIN AVE,"",0,"",39.16423343,-86.51535935,LOCAL/CITY ROAD,"",URBAN,N,N,N,"",DAYLIGHT,CLOUDY,DRY,"",T-INTERSECTION,"",ASPHALT,IMPROPER TURNING,SAME DIRECTION SIDESWIPE,SSWAINAVEE3RDST,""
1299,BLOOMINGTON PD,BLOOMINGTON,2022-04-27T00:00:00,1:47 PM,1,,0,0,0,"","",1,I-69,"","",0,"",39.14936349,-86.57281957,STATE ROAD,"",URBAN,N,N,N,"",DAYLIGHT,CLEAR,DRY,"",RAMP,"",ASPHALT,OVERCORRECTING/OVERSTEERING,OTHER - EXPLAIN IN NARRATIVE,I-69117,""
1300,BLOOMINGTON PD,BLOOMINGTON,2022-02-03T00:00:00,4:57 PM,1,,0,0,0,"","","",W 9TH ST,N COLLEGE AVE,"",0,"",39.17042712,-86.53490422,LOCAL/CITY ROAD,"",URBAN,N,N,N,"",DAYLIGHT,CLEAR,SNOW/SLUSH,"",FOUR-WAY INTERSECTION,"",ASPHALT,OVERCORRECTING/OVERSTEERING,OTHER - EXPLAIN IN NARRATIVE,W9THSTNCOLLEGEAVE,""
1301,BLOOMINGTON PD,BLOOMINGTON,2022-01-29T00:00:00,12:05 PM,1,,1,0,0,1300,"","",S PATTERSON DR,"","",0,"",39.152462,-86.543128,LOCAL/CITY ROAD,"",URBAN,N,N,N,"",DAYLIGHT,CLEAR,DRY,"",NO JUNCTION INVOLVED,"",ASPHALT,DRIVER ILLNESS,RAN OFF ROAD,SPATTERSONDR,""
1302,BLOOMINGTON PD,BLOOMINGTON,2022-02-11T00:00:00,11:43 AM,2,,0,0,0,"","","",N COLLEGE AVE,E 10TH ST,"",0,"",0,0,LOCAL/CITY ROAD,"",URBAN,N,N,N,"",UNKNOWN,CLEAR,DRY,"",NO JUNCTION INVOLVED,"",ASPHALT,OTHER (DRIVER) - EXPLAIN IN NARRATIVE,SAME DIRECTION SIDESWIPE,NCOLLEGEAVEE10THST,""
1303,MONROE SD,BLOOMINGTON,2022-02-25T00:00:00,9:15 PM,1,,0,0,0,"","","",S HOFF LN,S GARRISON CHAPEL RD,"",0,"",39.1370476,-86.64299358,LOCAL/CITY ROAD,"",RURAL,N,N,N,"",DARK (NOT LIGHTED),CLEAR,WET,"",T-INTERSECTION,"",ASPHALT,OTHER (DRIVER) - EXPLAIN IN NARRATIVE,RAN OFF ROAD,SHOFFLNSGARRISONCHAPELRD,""
1304,BLOOMINGTON PD,BLOOMINGTON,2022-01-31T00:00:00,9:42 AM,1,,0,0,0,"","","",104 E PETE ELLIS DR,"","",0,"",0,0,LOCAL/CITY ROAD,"",URBAN,N,N,N,"",DAYLIGHT,CLEAR,DRY,"",NO JUNCTION INVOLVED,"",ASPHALT,OTHER (VEHICLE) - EXPLAIN IN NARRATIVE,RAN OFF ROAD,104EPETEELLISDR,""
1305,MONROE SD,BLOOMINGTON,2022-03-16T00:00:00,5:30 AM,1,,0,0,1,"","","",S ROCKPORT RD,W SHAW RD,"",100,"",39.11362653,-86.57126205,LOCAL/CITY ROAD,"",URBAN,N,N,N,"",DARK (NOT LIGHTED),CLEAR,DRY,"",NO JUNCTION INVOLVED,"",ASPHALT,ANIMAL/OBJECT IN ROADWAY,COLLISION WITH DEER,WSHAWRDSROCKPORTRD,""
1306,MONROE SD,BLOOMINGTON,2022-02-01T00:00:00,6:57 AM,1,,0,0,1,"","","",N OLD STATE ROAD 37,E WYLIE RD,"",0,"",39.25310856,-86.50091287,LOCAL/CITY ROAD,"",RURAL,N,N,N,"",DARK (NOT LIGHTED),CLEAR,DRY,"",NO JUNCTION INVOLVED,"",ASPHALT,ANIMAL/OBJECT IN ROADWAY,COLLISION WITH DEER,NOLDSTATEROAD37EWYLIERD,""
1307,BLOOMINGTON PD,BLOOMINGTON,2022-04-16T00:00:00,4:47 AM,1,,0,0,0,"","","",1255 S COLLEGE MALL ROAD,"","",0,"",39.15302024,-86.49719414,PRIVATE DRIVE,"",URBAN,N,N,N,"",DAYLIGHT,CLEAR,DRY,"",NO JUNCTION INVOLVED,"",ASPHALT,OTHER (DRIVER) - EXPLAIN IN NARRATIVE,RAN OFF ROAD,1255SCOLLEGEMALLROAD,""
1308,MONROE SD,BLOOMINGTON,2022-05-15T00:00:00,2:07 PM,2,,0,0,0,7148,"","",S FAIRFAX RD,"","",0,"",39.07336815,-86.50447166,PRIVATE DRIVE,"",RURAL,N,N,N,"",DAYLIGHT,CLEAR,DRY,"",NO JUNCTION INVOLVED,"",ASPHALT,UNSAFE BACKING,BACKING CRASH,SFAIRFAXRD,""
1309,MONROE SD,ELLETTSVILLE,2022-02-05T00:00:00,6:55 AM,1,,1,0,0,"","","",STATE RD 46,"","",0,"",39.28013467,-86.67943318,STATE ROAD,"",RURAL,N,Y,N,"",DARK (NOT LIGHTED),CLOUDY,SNOW/SLUSH,"",T-INTERSECTION,"",ASPHALT,FAILURE TO MAINTAIN LANE,RAN OFF ROAD,STATERD46,""
1310,BLOOMINGTON PD,BLOOMINGTON,2022-03-23T00:00:00,10:15 AM,2,,0,0,0,1175,"","",S COLLEGE MALL RD; KROGER,"","",0,"",39.15281242,-86.49583144,PRIVATE DRIVE,"",URBAN,N,N,N,"",DAYLIGHT,CLOUDY,DRY,"",NO JUNCTION INVOLVED,"",ASPHALT,FAILURE TO YIELD RIGHT OF WAY,SAME DIRECTION SIDESWIPE,SCOLLEGEMALLRD;KROGER,""
1311,INDIANA UNIV BLOOMINGTON PD,BLOOMINGTON,2022-03-07T00:00:00,3:25 PM,2,,0,0,0,"","","",STATE RD 46,EASTGATE LN,"",0,"",39.17003533,-86.50136895,STATE ROAD,"",URBAN,N,N,N,"",DAYLIGHT,CLOUDY,DRY,"",NO JUNCTION INVOLVED,"",ASPHALT,FOLLOWING TOO CLOSELY,REAR END,STATERD46EASTGATELN,""
1312,INDIANA UNIV BLOOMINGTON PD,BLOOMINGTON,2022-02-19T00:00:00,7:25 PM,2,,1,0,0,"","","",N INDIANA AVE,E KIRKWOOD AVE,"",264,"",39.167014,-86.52695443,LOCAL/CITY ROAD,"",URBAN,N,N,N,"",DARK (LIGHTED),CLEAR,DRY,"",NO JUNCTION INVOLVED,"",ASPHALT,IMPROPER TURNING,LEFT TURN,NINDIANAAVEEKIRKWOODAVE,""
1313,BLOOMINGTON PD,BLOOMINGTON,2022-04-04T00:00:00,3:44 PM,1,,0,0,0,"","","",891 S COLLEGE MALL RD,"","",0,"",39.15688921,-86.49722404,PRIVATE DRIVE,"",URBAN,N,N,N,"",DAYLIGHT,CLEAR,DRY,"",NO JUNCTION INVOLVED,"",ASPHALT,OTHER (DRIVER) - EXPLAIN IN NARRATIVE,RAN OFF ROAD,891SCOLLEGEMALLRD,""
1314,ISP BLOOMINGTON 33,BLOOMINGTON,2022-02-17T00:00:00,7:10 AM,2,,0,0,0,"","","",SR48,I69-118-RAMP C,"",0,"",39.16437715,-86.57401384,STATE ROAD,"",URBAN,N,N,N,"",DAWN/DUSK,RAIN,WET,"",FOUR-WAY INTERSECTION,"",ASPHALT,SPEED TOO FAST FOR WEATHER CONDITIONS,REAR END,SR48I69-118-RAMPC,""
1315,BLOOMINGTON PD,BLOOMINGTON,2022-02-15T00:00:00,12:47 AM,2,,2,0,0,"","","",S REISNER RD,E 3RD ST,"",0,"",39.16416339,-86.48799528,LOCAL/CITY ROAD,"",URBAN,N,N,N,"",DARK (NOT LIGHTED),CLOUDY,DRY,"",NO JUNCTION INVOLVED,"",ASPHALT,UNSAFE SPEED,REAR END,SREISNERRDE3RDST,""
1316,MONROE SD,BLOOMINGTON,2022-04-23T00:00:00,7:54 AM,2,,0,0,0,"","","",WEST STATE ROAD 46,NORTH SMITH PIKE,"",0,"",39.16790643,-86.58982752,"","",URBAN,N,N,N,"",DAYLIGHT,CLEAR,DRY,"",FOUR-WAY INTERSECTION,"",ASPHALT,FAILURE TO YIELD RIGHT OF WAY,LEFT TURN,WESTSTATEROAD46NORTHSMITHPIKE,""
1317,MONROE SD,BLOOMINGTON,2022-04-28T00:00:00,9:02 AM,2,,0,0,0,"","","",S FAIRFAX RD,E SCHACHT RD,"",0,"",39.10686383,-86.52368868,LOCAL/CITY ROAD,"",RURAL,N,N,N,"",DAYLIGHT,CLEAR,DRY,"",T-INTERSECTION,"",ASPHALT,FAILURE TO YIELD RIGHT OF WAY,REAR END,SFAIRFAXRDESCHACHTRD,""
1318,INDIANA UNIV BLOOMINGTON PD,BLOOMINGTON,2022-05-29T00:00:00,6:08 PM,2,,0,0,0,"","","",ATWATER AVENUE,"","",0,"",39.16309795,-86.51641077,LOCAL/CITY ROAD,"",URBAN,N,N,N,"",DAYLIGHT,CLEAR,DRY,"",FOUR-WAY INTERSECTION,"",ASPHALT,DISREGARD SIGNAL/REG SIGN,RIGHT ANGLE,ATWATERAVENUE,""
1319,MONROE SD,BLOOMINGTON,2022-05-06T00:00:00,1:35 AM,4,,0,0,0,4025,"","",S OLD STATE ROAD 37,"","",0,"",39.120322,-86.529233,PRIVATE DRIVE,"",URBAN,N,N,N,"",DAYLIGHT,CLEAR,DRY,"",NO JUNCTION INVOLVED,"",ASPHALT,OTHER (DRIVER) - EXPLAIN IN NARRATIVE,OTHER - EXPLAIN IN NARRATIVE,SOLDSTATEROAD37,""
1320,BLOOMINGTON PD,BLOOMINGTON,2022-03-29T00:00:00,12:23 PM,2,,0,0,0,"","","",S. COLLEGE MALL RD,E. 3RD ST,"",250,"",39.1641843,-86.4983686,LOCAL/CITY ROAD,"",URBAN,N,N,N,"",DAYLIGHT,CLOUDY,DRY,"",FOUR-WAY INTERSECTION,"",ASPHALT,DRIVER ASLEEP OR FATIGUED,REAR END,S.COLLEGEMALLRDE.3RDST,""
1321,ISP BLOOMINGTON 33,BLOOMINGTON,2022-02-03T00:00:00,2:17 PM,1,,0,0,0,"",100,A,I-69,"","",0,"",39.16126949,-86.57297749,STATE ROAD,"",URBAN,N,N,N,"",DAYLIGHT,SNOW,SNOW/SLUSH,"",NO JUNCTION INVOLVED,"",ASPHALT,SPEED TOO FAST FOR WEATHER CONDITIONS,SAME DIRECTION SIDESWIPE,I-69100A,""
1322,MONROE SD,BLOOMINGTON,2022-05-12T00:00:00,3:37 PM,2,,0,0,0,"","","",W STATE RD 45,INDUSTRIAL BLVD,"",0,"",39.14359008,-86.58024596,STATE ROAD,"",URBAN,N,N,N,"",DAYLIGHT,CLEAR,DRY,"",FOUR-WAY INTERSECTION,"",ASPHALT,FAILURE TO YIELD RIGHT OF WAY,LEFT TURN,WSTATERD45INDUSTRIALBLVD,""
1323,ISP BLOOMINGTON 33,BLOOMINGTON,2022-04-13T00:00:00,2:33 PM,1,,0,0,0,"","","",I-69,"","",581,"",39.06856891,-86.67407099,INTERSTATE,"",RURAL,N,N,N,"",DAYLIGHT,RAIN,WET,"",NO JUNCTION INVOLVED,"",ASPHALT,FAILURE TO MAINTAIN LANE,"",I-69106.5,""
1324,BLOOMINGTON PD,BLOOMINGTON,2022-01-26T00:00:00,3:40 PM,3,,0,0,0,"","","",S SPICEWOOD LN,E ROGERS RD,"",0,"",39.1360131,-86.50088789,LOCAL/CITY ROAD,"",URBAN,N,N,N,"",DAYLIGHT,CLEAR,DRY,"",FOUR-WAY INTERSECTION,"",ASPHALT,FOLLOWING TOO CLOSELY,REAR END,SSPICEWOODLNEROGERSRD,""
1325,BLOOMINGTON PD,BLOOMINGTON,2022-03-27T00:00:00,7:31 PM,2,,1,0,0,"","","",W 11TH ST,N SUMMIT ST,"",0,"",39.17323761,-86.54817886,LOCAL/CITY ROAD,"",URBAN,N,N,N,"",DAWN/DUSK,CLEAR,DRY,"",FOUR-WAY INTERSECTION,"",ASPHALT,DISREGARD SIGNAL/REG SIGN,RIGHT ANGLE,W11THSTNSUMMITST,""
1326,BLOOMINGTON PD,"",2022-02-02T00:00:00,6:40 AM,2,,0,0,0,1300,"","",S PATTERSON DR,"","",0,"",39.152462,-86.543128,"","",URBAN,N,N,N,"",DARK (LIGHTED),RAIN,WET,"",NO JUNCTION INVOLVED,"",ASPHALT,OTHER (DRIVER) - EXPLAIN IN NARRATIVE,SAME DIRECTION SIDESWIPE,SPATTERSONDR,""
1327,BLOOMINGTON PD,BLOOMINGTON,2022-04-25T00:00:00,4:17 AM,1,,1,0,0,2203,"","",E MOORES PIKE,"","",0,"",39.15044835,-86.50715179,LOCAL/CITY ROAD,"",RURAL,N,N,N,"",DARK (NOT LIGHTED),RAIN,WET,"",NO JUNCTION INVOLVED,"",ASPHALT,OVERCORRECTING/OVERSTEERING,RAN OFF ROAD,EMOORESPIKE,""
1328,MONROE SD,BLOOMINGTON,2022-03-24T00:00:00,3:15 PM,1,,0,0,0,"","","",CONNAUGHT,WAYPORT,"",0,"",39.24420756,-86.53385586,COUNTY ROAD,"",RURAL,N,N,N,"",DAYLIGHT,CLOUDY,DRY,"",NO JUNCTION INVOLVED,"",ASPHALT,UNSAFE SPEED,RAN OFF ROAD,WAYPORTCONNAUGHT,""
1329,DNR LAW ENFORCEMENT,BLOOMINGTON,2022-04-07T00:00:00,6:30 PM,1,,0,0,0,"","","",TOWER RIDGE RD,"","",0,"",39.02155601,-86.36506981,"","",RURAL,N,N,N,"",DAYLIGHT,CLEAR,LOOSE MATERIAL ON ROAD,"",NO JUNCTION INVOLVED,"",GRAVEL,UNSAFE SPEED,RAN OFF ROAD,TOWERRIDGERD,""
1330,MORGAN SD,BLOOMINGTON,2022-03-22T00:00:00,4:50 PM,1,,0,0,0,"","","",I-69,"","",0,"",39.33532315,-86.51147908,STATE ROAD,"",RURAL,N,N,N,"",DAYLIGHT,RAIN,WATER (STANDING OR MOVING),"",NO JUNCTION INVOLVED,"",CONCRETE,ROADWAY SURFACE CONDITION,RAN OFF ROAD,I-69131,""
1331,BLOOMINGTON PD,BLOOMINGTON,2022-03-25T00:00:00,7:41 AM,2,,0,0,0,"","","",S. WALNUT ST,SOUTH DRIVE,"",0,"",39.1419,-86.531138,LOCAL/CITY ROAD,"",URBAN,Y,N,N,"",DAWN/DUSK,CLOUDY,DRY,"",FOUR-WAY INTERSECTION,"",ASPHALT,DISREGARD SIGNAL/REG SIGN,RIGHT ANGLE,SOUTHDRIVES.WALNUTST,""
1332,MONROE SD,BLOOMINGTON,2022-03-01T00:00:00,8:05 PM,1,,0,0,1,"","","",POINTE RD,S POINTE VIEW DR,"",0,"",39.03491149,-86.50875555,COUNTY ROAD,"",RURAL,N,N,N,"",DARK (NOT LIGHTED),CLEAR,DRY,"",NO JUNCTION INVOLVED,"",ASPHALT,ANIMAL/OBJECT IN ROADWAY,COLLISION WITH DEER,SPOINTEVIEWDRPOINTERD,""
1333,BLOOMINGTON PD,BLOOMINGTON,2022-04-15T00:00:00,11:00 PM,2,,1,0,0,"","","",S WALNUT ST,E GRIMES LN,"",0,"",39.15335895,-86.53371996,LOCAL/CITY ROAD,"",URBAN,N,N,N,"",DARK (LIGHTED),RAIN,WET,"",FOUR-WAY INTERSECTION,"",ASPHALT,FAILURE TO YIELD RIGHT OF WAY,RIGHT ANGLE,SWALNUTSTEGRIMESLN,""
1334,MONROE SD,"",2022-03-25T00:00:00,7:00 PM,2,,0,0,0,"","","",S DUNCAN RD,W STATE RD 45,"",0,"",39.13483964,-86.59629887,"","",RURAL,N,N,N,"",DAWN/DUSK,CLOUDY,WET,"",T-INTERSECTION,"",ASPHALT,FOLLOWING TOO CLOSELY,REAR END,WSTATERD45SDUNCANRD,""
1335,BLOOMINGTON PD,BLOOMINGTON,2022-04-06T00:00:00,4:37 PM,2,,0,0,0,"","","",W COUNTRY CLUB DR,S MILTON DR,"",634,"",39.13617191,-86.5408185,LOCAL/CITY ROAD,"",URBAN,N,N,N,"",DAYLIGHT,CLEAR,DRY,"",NO JUNCTION INVOLVED,"",ASPHALT,FOLLOWING TOO CLOSELY,REAR END,WCOUNTRYCLUBDRSMILTONDR,""
1336,MONROE SD,BLOOMINGTON,2022-03-15T00:00:00,7:43 AM,2,,1,0,0,"","","",CENTENNIAL DR,W STATE RD 46,"",0,"",39.20995732,-86.58268615,STATE ROAD,"",URBAN,N,N,N,"",DARK (LIGHTED),CLOUDY,DRY,"",FOUR-WAY INTERSECTION,"",ASPHALT,FAILURE TO YIELD RIGHT OF WAY,RIGHT ANGLE,WSTATERD46CENTENNIALDR,""
1337,BLOOMINGTON PD,BLOOMINGTON,2022-02-20T00:00:00,12:39 PM,2,,0,0,0,"","","",500 S LIBERTY DR BLOOMINGTON IN,"","",0,"",0,0,LOCAL/CITY ROAD,"",URBAN,N,N,N,"",DAYLIGHT,CLEAR,DRY,"",NO JUNCTION INVOLVED,"",ASPHALT,FAILURE TO YIELD RIGHT OF WAY,LEFT TURN,500SLIBERTYDRBLOOMINGTONIN,""
1338,INDIANA UNIV BLOOMINGTON PD,BLOOMINGTON,2022-05-18T00:00:00,3:32 PM,2,,0,0,0,"","","",STATE RD 45,"","",0,"",39.17626093,-86.50479815,STATE ROAD,"",URBAN,N,N,N,"",DAYLIGHT,RAIN,WET,"",NO JUNCTION INVOLVED,"",ASPHALT,FOLLOWING TOO CLOSELY,REAR END,STATERD45,""
1339,BLOOMINGTON PD,BLOOMINGTON,2022-01-30T00:00:00,9:40 AM,2,,0,0,0,"","","",N FEE LN,STATE RD 45,"",0,"",39.18596489,-86.51980824,"","",URBAN,N,N,N,"",DAYLIGHT,CLEAR,DRY,"",FOUR-WAY INTERSECTION,"",ASPHALT,FOLLOWING TOO CLOSELY,REAR END,STATERD45NFEELN,""
1340,MONROE SD,BLOOMINGTON,2022-04-15T00:00:00,8:54 PM,1,,0,0,1,"","","",2200 N CURRY PIKE,"","",0,"",39.18743764,-86.58308631,LOCAL/CITY ROAD,"",URBAN,N,N,Y,LANE CLOSURE,DARK (NOT LIGHTED),CLEAR,DRY,"",NO JUNCTION INVOLVED,"",ASPHALT,ANIMAL/OBJECT IN ROADWAY,COLLISION WITH DEER,2200NCURRYPIKE,""
1341,INDIANA UNIV BLOOMINGTON PD,BLOOMINGTON,2022-02-21T00:00:00,9:30 PM,2,,0,0,0,"","","",E 3RD ST,S EAGLESON AVE,"",0,"",39.16429166,-86.516679,LOCAL/CITY ROAD,"",URBAN,N,N,N,"",DARK (LIGHTED),CLEAR,DRY,"",NO JUNCTION INVOLVED,"",ASPHALT,FAILURE TO MAINTAIN LANE,SAME DIRECTION SIDESWIPE,SEAGLESONAVEE3RDST,""
1342,MONROE SD,BLOOMINGTON,2022-04-18T00:00:00,5:19 PM,2,,0,0,0,"","","",W STATE RD 46,N SMITH PK,"",0,"",39.20978536,-86.58255977,STATE ROAD,"",RURAL,N,N,N,"",DAYLIGHT,CLOUDY,WET,"",FOUR-WAY INTERSECTION,"",ASPHALT,DRIVER ASLEEP OR FATIGUED,REAR END,WSTATERD46NSMITHPK,""
1343,BLOOMINGTON PD,BLOOMINGTON,2022-05-24T00:00:00,6:58 PM,3,,1,0,0,"","","",W 3RD ST,S GATES DR,"",158,"",39.16460915,-86.57551415,LOCAL/CITY ROAD,"",URBAN,N,N,N,"",DAYLIGHT,CLEAR,DRY,"",NO JUNCTION INVOLVED,"",ASPHALT,FOLLOWING TOO CLOSELY,REAR END,W3RDSTSGATESDR,""
1344,BLOOMINGTON PD,BLOOMINGTON,2022-03-13T00:00:00,1:20 PM,2,,0,0,0,"","","",S SARE RD,E CATHCART,"",0,"",39.1488577,-86.4990292,LOCAL/CITY ROAD,"",URBAN,N,N,N,"",DAYLIGHT,CLEAR,DRY,"",T-INTERSECTION,"",ASPHALT,IMPROPER TURNING,RIGHT ANGLE,SSARERDECATHCART,""
1345,MONROE SD,BLOOMINGTON,2022-03-12T00:00:00,1:45 PM,2,,2,0,0,"","","",N SMITH PIKE,W WOODYARD RD,"",0,"",39.19071865,-86.58312268,COUNTY ROAD,"",RURAL,N,N,Y,WORK ON SHOULDER,DAYLIGHT,CLEAR,DRY,"",T-INTERSECTION,"",ASPHALT,FAILURE TO YIELD RIGHT OF WAY,RIGHT ANGLE,WWOODYARDRDNSMITHPIKE,""
1346,BLOOMINGTON PD,BLOOMINGTON,2022-01-25T00:00:00,8:29 AM,2,,0,0,0,"","","",E 2ND ST,S COLLEGE MALL RD,"",0,"",39.16092504,-86.49773773,LOCAL/CITY ROAD,"",URBAN,N,N,N,"",DARK (LIGHTED),CLEAR,DRY,"",FOUR-WAY INTERSECTION,"",ASPHALT,DISREGARD SIGNAL/REG SIGN,RIGHT ANGLE,SCOLLEGEMALLRDE2NDST,""
1347,BLOOMINGTON PD,BLOOMINGTON,2022-03-30T00:00:00,5:45 PM,1,,0,0,0,"","","",W 6TH ST,N ROGERS ST,"",211,"",39.16757877,-86.53824038,LOCAL/CITY ROAD,"",URBAN,N,N,N,"",DAYLIGHT,CLOUDY,DRY,"",NO JUNCTION INVOLVED,"",ASPHALT,BRAKE FAILURE OR DEFECTIVE,RAN OFF ROAD,W6THSTNROGERSST,""
1348,BLOOMINGTON PD,BLOOMINGTON,2022-04-01T00:00:00,1:49 PM,2,,0,0,0,"","","",E HEATHER DR,S LAUREL CT,"",0,"",39.12529329,-86.52398409,LOCAL/CITY ROAD,"",URBAN,N,N,N,"",DAYLIGHT,CLEAR,DRY,"",FOUR-WAY INTERSECTION,"",ASPHALT,UNSAFE BACKING,BACKING CRASH,SLAURELCTEHEATHERDR,""
1349,BLOOMINGTON PD,BLOOMINGTON,2022-04-07T00:00:00,10:30 PM,2,,0,0,0,"","","",N DUNN ST,E 7TH ST,"",0,"",39.16850207,-86.52826256,LOCAL/CITY ROAD,"",URBAN,N,N,N,"",DARK (LIGHTED),CLEAR,DRY,"",T-INTERSECTION,"",ASPHALT,FAILURE TO YIELD RIGHT OF WAY,RIGHT ANGLE,NDUNNSTE7THST,""