_id,Agency,City,Collision Date,Collision Time,Vehicles Involved,Trailers Involved,Number Injured,Number Dead,Number Deer,House Number,Roadway Interchange,Roadway Ramp,Roadway Id,Intersecting Road,Interchange,Feet From,Direction,Latitude,Longitude,Roadway Class,Hit and Run?,Locality,School Zone?,Rumble Strips?,Construction?,Construction Type,Light Condition,Weather Conditions,Surface Condition,Type of Median,Roadway Junction Type,Road Character,Roadway Surface,Primary Factor,Manner of Collision,Unique Location Id,Traffic Control
1350,BLOOMINGTON PD,BLOOMINGTON,2022-01-30T00:00:00,2:35 PM,2,,1,0,0,"","","",S ROCKPORT RD,W COUNTRYSIDE LN,"",0,"",39.14336429,-86.54182765,LOCAL/CITY ROAD,"",URBAN,N,N,N,"",DAYLIGHT,CLEAR,DRY,"",FOUR-WAY INTERSECTION,"",ASPHALT,FAILURE TO YIELD RIGHT OF WAY,LEFT TURN,WCOUNTRYSIDELNSROCKPORTRD,""
1351,BLOOMINGTON PD,BLOOMINGTON,2022-03-30T00:00:00,1:27 PM,3,,1,0,0,"","","",S COLLEGE MALL RD,ACCESS RD EASTLAND PLAZA,"",0,"",39.1629821,-86.4980729,LOCAL/CITY ROAD,"",URBAN,N,N,N,"",DAYLIGHT,CLOUDY,DRY,"",FOUR-WAY INTERSECTION,"",ASPHALT,FOLLOWING TOO CLOSELY,REAR END,SCOLLEGEMALLRDACCESSRDEASTLANDPLAZA,""
1352,BLOOMINGTON PD,BLOOMINGTON,2022-02-18T00:00:00,8:56 AM,3,,2,0,0,"","","",W GOURLEY PIKE,W ARLINGTON RD,"",0,"",39.18641117,-86.55095047,LOCAL/CITY ROAD,"",URBAN,N,N,N,"",DAYLIGHT,CLEAR,WET,"",FOUR-WAY INTERSECTION,"",ASPHALT,IMPROPER TURNING,HEAD ON BETWEEN TWO MOTOR VEHICLES,WGOURLEYPIKEWARLINGTONRD,""
1353,INDIANA UNIV BLOOMINGTON PD,BLOOMINGTON,2022-03-07T00:00:00,10:00 AM,2,,0,0,0,"","","",N DUNN ST,"","",0,"",39.18148385,-86.52730054,PRIVATE DRIVE,"",URBAN,N,N,N,"",DAYLIGHT,CLOUDY,DRY,"",NO JUNCTION INVOLVED,"",ASPHALT,IMPROPER TURNING,OTHER - EXPLAIN IN NARRATIVE,NDUNNST,""
1354,BLOOMINGTON PD,BLOOMINGTON,2022-04-19T00:00:00,9:10 PM,2,,0,0,0,"","","",E 2ND ST,S COLLEGE MALL RD,"",0,"",39.16093674,-86.49778981,LOCAL/CITY ROAD,"",URBAN,N,N,N,"",DARK (LIGHTED),CLEAR,DRY,"",FOUR-WAY INTERSECTION,"",ASPHALT,DISREGARD SIGNAL/REG SIGN,RIGHT ANGLE,SCOLLEGEMALLRDE2NDST,""
1355,MONROE SD,BLOOMINGTON,2022-01-28T00:00:00,4:41 AM,2,,1,0,0,"","","",W TAPP RD,HICKORY HEIGHTS TRLR PARK,"",0,"",39.13703287,-86.57407548,COUNTY ROAD,"",URBAN,N,N,N,"",DAYLIGHT,SNOW,SNOW/SLUSH,"",TRAFFIC CIRCLE/ROUNDABOUT,"",ASPHALT,SPEED TOO FAST FOR WEATHER CONDITIONS,RIGHT ANGLE,WTAPPRDHICKORYHEIGHTSTRLRPARK,""
1356,BLOOMINGTON PD,BLOOMINGTON,2022-03-04T00:00:00,11:11 AM,2,,0,0,0,"","","",W. 10TH ST,N. COLLEGE AVE,"",0,"",39.171675,-86.534831,LOCAL/CITY ROAD,"",URBAN,N,N,N,"",DAYLIGHT,CLEAR,DRY,"",FOUR-WAY INTERSECTION,"",ASPHALT,UNSAFE LANE MOVEMENT,SAME DIRECTION SIDESWIPE,W.10THSTN.COLLEGEAVE,""
1357,MONROE SD,BLOOMINGTON,2022-05-16T00:00:00,4:51 PM,2,,0,0,0,3585,"","",W SR 45,"","",0,"",39.141477,-86.58021,PRIVATE DRIVE,"",RURAL,N,N,N,"",DAYLIGHT,CLEAR,DRY,"",NO JUNCTION INVOLVED,"",ASPHALT,OVERCORRECTING/OVERSTEERING,LEFT TURN,WSR45,""
1358,BLOOMINGTON PD,BLOOMINGTON,2022-02-02T00:00:00,4:03 AM,2,,0,0,0,"","","",S HIGH ST,E HILLSIDE DR,"",0,"",39.15050243,-86.50843568,LOCAL/CITY ROAD,"",URBAN,N,N,N,"",DAYLIGHT,RAIN,WET,"",FOUR-WAY INTERSECTION,"",ASPHALT,FAILURE TO YIELD RIGHT OF WAY,HEAD ON BETWEEN TWO MOTOR VEHICLES,SHIGHSTEHILLSIDEDR,""
1359,BLOOMINGTON PD,BLOOMINGTON,2022-05-12T00:00:00,4:44 PM,2,,1,0,0,"","","",N COLLEGE AVE,W 14TH ST,"",0,"",39.17601066,-86.53477391,LOCAL/CITY ROAD,"",URBAN,N,N,N,"",DAYLIGHT,CLEAR,DRY,"",FOUR-WAY INTERSECTION,"",ASPHALT,IMPROPER LANE USAGE,SAME DIRECTION SIDESWIPE,W14THSTNCOLLEGEAVE,""
1360,BLOOMINGTON PD,BLOOMINGTON,2022-02-05T00:00:00,5:00 AM,1,,0,0,0,"","","",69,"","",500,"",39.19169154,-86.5544749,INTERSTATE,"",URBAN,N,N,N,"",DARK (NOT LIGHTED),SNOW,ICE,"",NO JUNCTION INVOLVED,"",ASPHALT,ROADWAY SURFACE CONDITION,RAN OFF ROAD,69120.5,""
1361,BLOOMINGTON PD,BLOOMINGTON,2022-03-08T00:00:00,6:57 PM,2,,0,0,0,"","","",N ADAMS ST,W FOUNTAIN DR,"",0,"",39.16974421,-86.54967017,LOCAL/CITY ROAD,"",URBAN,N,N,N,"",DARK (NOT LIGHTED),CLEAR,DRY,"",T-INTERSECTION,"",ASPHALT,FAILURE TO YIELD RIGHT OF WAY,LEFT TURN,WFOUNTAINDRNADAMSST,""
1362,BLOOMINGTON PD,BLOOMINGTON,2022-05-19T00:00:00,6:40 PM,2,,0,0,0,"","","",STATE RD 46,E 3RD ST,"",0,"",39.16425283,-86.4983068,LOCAL/CITY ROAD,"",URBAN,N,N,N,"",DAYLIGHT,RAIN,WET,"",FOUR-WAY INTERSECTION,"",ASPHALT,FAILURE TO YIELD RIGHT OF WAY,REAR END,STATERD46E3RDST,""
1363,BLOOMINGTON PD,BLOOMINGTON,2022-05-20T00:00:00,8:42 AM,2,,0,0,0,"","","",N. WALNUT ST,E. 14TH ST,"",150,"",39.175954,-86.533541,LOCAL/CITY ROAD,"",URBAN,N,N,Y,LANE CLOSURE,DAYLIGHT,CLEAR,DRY,"",NO JUNCTION INVOLVED,"",ASPHALT,FAILURE TO YIELD RIGHT OF WAY,RIGHT ANGLE,N.WALNUTSTE.14THST,""
1364,INDIANA UNIV BLOOMINGTON PD,BLOOMINGTON,2022-04-19T00:00:00,12:30 AM,2,,1,0,0,"","","",N EAGLESON AVE,E LINGELBACH LN,"",370,"",39.17780581,-86.5123821,LOCAL/CITY ROAD,"",URBAN,N,N,N,"",DARK (LIGHTED),CLOUDY,DRY,"",NO JUNCTION INVOLVED,"",ASPHALT,IMPROPER TURNING,LEFT TURN,NEAGLESONAVEELINGELBACHLN,""
1365,MONROE SD,BLOOMINGTON,2022-03-03T00:00:00,7:15 AM,1,,0,0,1,"","","",SOUTH HWY 446,SOUTH SWARTZ RIDGE RD,"",0,"",0,0,STATE ROAD,"",RURAL,N,N,N,"",DAWN/DUSK,CLOUDY,DRY,"",NO JUNCTION INVOLVED,"",ASPHALT,ANIMAL/OBJECT IN ROADWAY,SAME DIRECTION SIDESWIPE,SOUTHSWARTZRIDGERDSOUTHHWY446,""
1366,MONROE SD,BLOOMINGTON,2022-05-20T00:00:00,4:15 PM,2,,0,0,0,"","","",S OLD STATE ROAD 37,STATE RD 37,"",0,"",39.0853106,-86.54264138,STATE ROAD,"",RURAL,N,N,N,"",DAYLIGHT,CLEAR,DRY,"",FIVE POINT OR MORE,"",ASPHALT,FOLLOWING TOO CLOSELY,REAR END,STATERD37SOLDSTATEROAD37,""
1367,BLOOMINGTON PD,BLOOMINGTON,2022-04-14T00:00:00,9:18 AM,2,,0,0,0,"","","",GATES DR,W. 3RD ST,"",1000,"",39.16466,-86.576125,LOCAL/CITY ROAD,"",URBAN,N,N,N,"",DAYLIGHT,CLEAR,DRY,"",T-INTERSECTION,"",ASPHALT,FOLLOWING TOO CLOSELY,REAR END,W.3RDSTGATESDR,""
1368,BLOOMINGTON PD,BLOOMINGTON,2022-02-13T00:00:00,2:30 PM,2,,0,0,0,"","","",E KIRKWOOD AVE,S GRANT ST,"",0,"",39.16653962,-86.52961503,LOCAL/CITY ROAD,"",URBAN,N,N,N,"",DAYLIGHT,CLOUDY,DRY,"",NO JUNCTION INVOLVED,"",ASPHALT,OTHER (DRIVER) - EXPLAIN IN NARRATIVE,OTHER - EXPLAIN IN NARRATIVE,SGRANTSTEKIRKWOODAVE,""
1369,INDIANA UNIV BLOOMINGTON PD,BLOOMINGTON,2022-02-24T00:00:00,9:10 PM,2,,0,0,0,"","","",N INDIANA AVE,E 17TH ST,"",264,"",39.17857719,-86.52706451,LOCAL/CITY ROAD,"",URBAN,N,N,N,"",DARK (LIGHTED),RAIN,WET,"",T-INTERSECTION,"",ASPHALT,UNSAFE BACKING,BACKING CRASH,NINDIANAAVEE17THST,""
1370,INDIANA UNIV BLOOMINGTON PD,BLOOMINGTON,2022-03-08T00:00:00,12:00 AM,2,,0,0,0,"","","",N PARK AVE,E 8TH ST,"",0,"",39.16989393,-86.52497239,PRIVATE DRIVE,"",URBAN,N,N,N,"",DAYLIGHT,CLOUDY,DRY,"",NO JUNCTION INVOLVED,"",CONCRETE,IMPROPER TURNING,LEFT TURN,NPARKAVEE8THST,""
1371,MONROE SD,BLOOMINGTON,2022-04-25T00:00:00,5:42 AM,2,,1,0,0,"","","",ALLEN ST,RANSOM LN,"",0,"",39.1577862,-86.5500601,LOCAL/CITY ROAD,"",URBAN,N,N,N,"",DARK (NOT LIGHTED),RAIN,WET,"",T-INTERSECTION,"",ASPHALT,LEFT OF CENTER,SAME DIRECTION SIDESWIPE,RANSOMLNALLENST,""
1372,INDIANA UNIV BLOOMINGTON PD,BLOOMINGTON,2022-02-26T00:00:00,2:30 PM,2,,0,0,0,"","","",E 3RD ST,"","",0,"",39.16468665,-86.51248542,"","",URBAN,N,N,N,"",DAYLIGHT,CLEAR,DRY,"",NO JUNCTION INVOLVED,"",ASPHALT,FAILURE TO YIELD RIGHT OF WAY,SAME DIRECTION SIDESWIPE,E3RDST,""
1373,MONROE SD,BLOOMINGTON,2022-05-03T00:00:00,4:48 PM,2,,0,0,0,"","","",W STATE RD 45,"","",0,"",39.14231652,-86.58140725,PRIVATE DRIVE,"",URBAN,N,N,N,"",DAYLIGHT,CLOUDY,DRY,"",NO JUNCTION INVOLVED,"",ASPHALT,FAILURE TO YIELD RIGHT OF WAY,LEFT TURN,WSTATERD45,""
1374,MONROE SD,BLOOMINGTON,2022-05-28T00:00:00,3:38 PM,2,,1,0,0,"","","",HARMONY RD,ROCKPORT RD,"",0,"",39.05018286,-86.60923189,COUNTY ROAD,"",RURAL,N,N,N,"",DAYLIGHT,CLEAR,DRY,"",T-INTERSECTION,"",ASPHALT,FAILURE TO YIELD RIGHT OF WAY,RIGHT ANGLE,ROCKPORTRDHARMONYRD,""
1375,BLOOMINGTON PD,BLOOMINGTON,2022-01-29T00:00:00,8:46 AM,1,,0,0,0,"","","",528 S COLLEGE AVE,"","",0,"",0,0,LOCAL/CITY ROAD,"",URBAN,N,N,N,"",DAYLIGHT,CLEAR,SNOW/SLUSH,"",NO JUNCTION INVOLVED,"",ASPHALT,OTHER (DRIVER) - EXPLAIN IN NARRATIVE,OTHER - EXPLAIN IN NARRATIVE,528SCOLLEGEAVE,""
1376,BLOOMINGTON PD,BLOOMINGTON,2022-01-27T00:00:00,11:24 AM,2,,0,0,0,"","","",3800 BLK W. 3RD ST,S. LIBERTY DR,"",500,"",39.165885,-86.582241,LOCAL/CITY ROAD,"",URBAN,N,N,N,"",DAYLIGHT,SNOW,WET,"",NO JUNCTION INVOLVED,"",ASPHALT,UNSAFE LANE MOVEMENT,SAME DIRECTION SIDESWIPE,S.LIBERTYDR3800BLKW.3RDST,""
1377,MONROE SD,BLOOMINGTON,2022-05-07T00:00:00,11:50 AM,1,,0,0,0,"","","",STATE RD 48,STATE ROAD 43,"",2500,"",39.1707007,-86.6809176,STATE ROAD,"",RURAL,N,N,N,"",DAYLIGHT,CLOUDY,DRY,"",NO JUNCTION INVOLVED,"",ASPHALT,FAILURE TO MAINTAIN LANE,RAN OFF ROAD,STATEROAD43STATERD48,""
1378,BLOOMINGTON PD,BLOOMINGTON,2022-02-07T00:00:00,7:15 PM,2,,0,0,0,"","","",1175 S COLLEGE MALL ROAD,"","",0,"",39.15353505,-86.49601883,"","",URBAN,N,N,N,"",DARK (LIGHTED),CLEAR,DRY,"",NO JUNCTION INVOLVED,"",ASPHALT,IMPROPER TURNING,SAME DIRECTION SIDESWIPE,1175SCOLLEGEMALLROAD,""
1379,MONROE SD,ELLETTSVILLE,2022-02-07T00:00:00,12:17 AM,1,,0,0,0,"","","",W TEMPERANCE ST,N MATHEWS DR,"",0,"",39.23483193,-86.62629408,LOCAL/CITY ROAD,"",URBAN,N,N,N,"",DARK (LIGHTED),CLEAR,DRY,"",T-INTERSECTION,"",ASPHALT,UNSAFE SPEED,RAN OFF ROAD,WTEMPERANCESTNMATHEWSDR,""
1380,MONROE SD,BLOOMINGTON,2022-05-06T00:00:00,1:23 PM,2,,0,0,0,"","","",E RHORER RD,S NIMIT DR,"",0,"",39.121428,-86.52382,LOCAL/CITY ROAD,"",URBAN,N,N,N,"",DAYLIGHT,CLEAR,DRY,"",NO JUNCTION INVOLVED,"",ASPHALT,LEFT OF CENTER,OPPOSITE DIRECTION SIDESWIPE,SNIMITDRERHORERRD,""
1381,BLOOMINGTON PD,BLOOMINGTON,2022-04-25T00:00:00,8:09 AM,2,,0,0,0,"","","",S. WALNUT ST.,E. 3RD ST,"",0,"",39.1646,-86.533637,LOCAL/CITY ROAD,"",URBAN,N,N,N,"",DAYLIGHT,RAIN,WET,"",FOUR-WAY INTERSECTION,"",ASPHALT,UNSAFE LANE MOVEMENT,LEFT TURN,S.WALNUTST.E.3RDST,""
1382,INDIANA UNIV BLOOMINGTON PD,BLOOMINGTON,2022-02-10T00:00:00,7:00 AM,1,,0,0,0,"","","",N DUNN ST,"","",0,"",39.18182293,-86.52659102,LOCAL/CITY ROAD,"",URBAN,N,N,N,"",DARK (NOT LIGHTED),CLEAR,WET,"",NO JUNCTION INVOLVED,"",ASPHALT,IMPROPER TURNING,SAME DIRECTION SIDESWIPE,NDUNNST,""
1383,MONROE SD,BLOOMINGTON,2022-05-14T00:00:00,7:47 AM,1,,1,0,0,"","","",SHILO RD,"","",0,"",39.27015182,-86.44991345,COUNTY ROAD,"",RURAL,N,N,N,"",DAWN/DUSK,RAIN,WET,"",NO JUNCTION INVOLVED,"",ASPHALT,SPEED TOO FAST FOR WEATHER CONDITIONS,OTHER - EXPLAIN IN NARRATIVE,SHILORD,""
1384,BLOOMINGTON PD,BLOOMINGTON,2022-05-20T00:00:00,4:19 PM,1,,0,0,0,1175,"","",S. COLLEGE MALL ROAD,"","",0,"",39.153711,-86.495248,PRIVATE DRIVE,"",URBAN,N,N,N,"",DAYLIGHT,CLEAR,DRY,"",NO JUNCTION INVOLVED,"",ASPHALT,PEDESTRIAN ACTION,RIGHT ANGLE,S.COLLEGEMALLROAD,""
1385,MONROE SD,BLOOMINGTON,2022-03-02T00:00:00,10:08 AM,1,,0,0,0,"","","",N THOMAS RD,"","",0,"",39.19461845,-86.63022227,LOCAL/CITY ROAD,"",RURAL,N,N,N,"",DAYLIGHT,CLEAR,DRY,"",NO JUNCTION INVOLVED,"",ASPHALT,DRIVER DISTRACTED - EXPLAIN IN NARRATIVE,RAN OFF ROAD,NTHOMASRD,""
1386,BLOOMINGTON PD,BLOOMINGTON,2022-03-23T00:00:00,3:20 PM,3,,0,0,0,"","","",S JEFFERSON ST,E 3RD ST,"",0,"",39.16431285,-86.50708969,LOCAL/CITY ROAD,"",URBAN,N,N,N,"",DAYLIGHT,CLEAR,WET,"",T-INTERSECTION,"",ASPHALT,FOLLOWING TOO CLOSELY,REAR END,SJEFFERSONSTE3RDST,""
1387,BLOOMINGTON PD,"",2022-02-14T00:00:00,4:33 PM,2,,0,0,0,"","","",S ROGERS ST,W COUNTRY CLUB,"",0,"",39.13591885,-86.5382167,LOCAL/CITY ROAD,"",URBAN,N,N,N,"",DAYLIGHT,CLEAR,DRY,"",FOUR-WAY INTERSECTION,"",ASPHALT,FAILURE TO YIELD RIGHT OF WAY,LEFT TURN,WCOUNTRYCLUBSROGERSST,""
1388,BLOOMINGTON PD,BLOOMINGTON,2022-05-03T00:00:00,10:40 AM,3,,0,0,0,"","","",N KINSER PIKE,SR 46,"",0,"",39.18644698,-86.53768104,STATE ROAD,"",URBAN,N,N,N,"",DAYLIGHT,CLOUDY,DRY,"",FOUR-WAY INTERSECTION,"",CONCRETE,FAILURE TO YIELD RIGHT OF WAY,RIGHT ANGLE,SR46NKINSERPIKE,""
1389,INDIANA UNIV BLOOMINGTON PD,BLOOMINGTON,2022-04-28T00:00:00,5:09 PM,2,,0,0,0,"","","",STATE RD 45,DISCOVERY PKWY,"",0,"",39.17526015,-86.50430094,STATE ROAD,"",URBAN,N,N,N,"",DAYLIGHT,CLEAR,DRY,"",FOUR-WAY INTERSECTION,"",ASPHALT,FOLLOWING TOO CLOSELY,REAR END,STATERD45DISCOVERYPKWY,""
1390,INDIANA UNIV BLOOMINGTON PD,BLOOMINGTON,2022-04-22T00:00:00,4:00 PM,2,,0,0,0,"","","",N FEE LN,N JORDAN AVE,"",0,"",39.18240177,-86.5191882,LOCAL/CITY ROAD,"",URBAN,N,N,N,"",DAYLIGHT,CLEAR,DRY,"",NO JUNCTION INVOLVED,"",ASPHALT,IMPROPER TURNING,LEFT TURN,NJORDANAVENFEELN,""
1391,BLOOMINGTON PD,BLOOMINGTON,2022-03-13T00:00:00,5:24 AM,3,,3,0,0,"","","",STATE RD 45,W BLOOMFIELD RD,"",0,"",39.14664537,-86.57457448,STATE ROAD,"",URBAN,N,N,N,"",DAYLIGHT,CLEAR,DRY,"",FOUR-WAY INTERSECTION,"",ASPHALT,DISREGARD SIGNAL/REG SIGN,RIGHT ANGLE,WBLOOMFIELDRDSTATERD45,""
1392,INDIANA UNIV BLOOMINGTON PD,BLOOMINGTON,2022-04-11T00:00:00,4:55 PM,2,,0,0,0,"","","",E 3RD ST,S BALLANTINE RD,"",0,"",39.16428221,-86.51914187,LOCAL/CITY ROAD,"",URBAN,N,N,N,"",DAYLIGHT,RAIN,WET,"",T-INTERSECTION,"",ASPHALT,UNSAFE LANE MOVEMENT,SAME DIRECTION SIDESWIPE,SBALLANTINERDE3RDST,""
1393,STINESVILLE PD,STINESVILLE,2022-08-31T00:00:00,9:24 PM,1,0,1,0,0,"","","",TEXAS RIDGE,COUNTY LINE,"",,"",39.332802,-86.679205,COUNTY ROAD,N,RURAL,N,N,N,"",DARK (NOT LIGHTED),CLEAR,DRY,"",T-INTERSECTION,CURVE/LEVEL,CONCRETE,BRAKE FAILURE OR DEFECTIVE,RAN OFF ROAD,COUNTYLINERDTEXASRIDGERD,STOP SIGN
1394,STINESVILLE PD,STINESVILLE,2022-09-24T00:00:00,2:36 PM,1,0,1,0,0,"","","",MAIN,STINESVILLE,"",,"",39.15816907,-86.22068296,LOCAL/CITY ROAD,N,RURAL,N,N,N,"",DAYLIGHT,CLEAR,DRY,"",NO JUNCTION INVOLVED,CURVE/HILLCREST,CONCRETE,OVERCORRECTING/OVERSTEERING,RAN OFF ROAD,MAINSTSTINESVILLERD,NONE
1395,ELLETTSVILLE PD,ELLETTSVILLE,2022-06-17T00:00:00,5:23 PM,1,0,0,0,0,"","","",SHELLY,MCNEELY,"",,"",,,LOCAL/CITY ROAD,N,RURAL,N,N,N,"",DAYLIGHT,CLEAR,DRY,"",T-INTERSECTION,STRAIGHT/GRADE,ASPHALT,IMPROPER TURNING,RAN OFF ROAD,MCNEELYSTSHELLYDR,STOP SIGN
1396,ELLETTSVILLE PD,ELLETTSVILLE,2022-06-12T00:00:00,2:53 PM,2,0,0,0,0,"","","",SR46W,EDGEWOOD,"",,"",39.236288,-86.628336,STATE ROAD,N,URBAN,N,N,N,"",DAYLIGHT,CLOUDY,DRY,"",NO JUNCTION INVOLVED,STRAIGHT/GRADE,CONCRETE,UNSAFE SPEED,REAR END,EDGEWOODDRSR46W,LANE CONTROL
1397,ELLETTSVILLE PD,ELLETTSVILLE,2022-09-17T00:00:00,11:17 AM,2,0,0,0,0,"","","",SR46W,HARTSTRAIT,"",1000,E,39.227624,-86.61600561,STATE ROAD,N,URBAN,N,N,N,"",DAYLIGHT,CLOUDY,DRY,"",NO JUNCTION INVOLVED,STRAIGHT/LEVEL,ASPHALT,FAILURE TO YIELD RIGHT OF WAY,RIGHT ANGLE,HARTSTRAITRDSR46W,OTHER REGULATORY SIGN/MARKING
1398,ELLETTSVILLE PD,ELLETTSVILLE,2022-09-30T00:00:00,1:56 PM,2,0,0,0,0,"","","",SR46W,HARTSTRAIT,"",100,W,39.227624,-86.61591033,STATE ROAD,N,URBAN,Y,N,N,"",DAYLIGHT,CLEAR,DRY,"",NO JUNCTION INVOLVED,STRAIGHT/LEVEL,ASPHALT,FOLLOWING TOO CLOSELY,REAR END,HARTSTRAITRDSR46W,NONE
1399,BLOOMINGTON PD,BLOOMINGTON,2022-07-05T00:00:00,1:30 PM,1,,1,0,0,"","","",W 17TH ST,N WILLIS DR,"",0,"",39.17903439,-86.5441438,LOCAL/CITY ROAD,"",URBAN,N,N,N,"",DAYLIGHT,CLEAR,DRY,"",T-INTERSECTION,"",ASPHALT,FAILURE TO YIELD RIGHT OF WAY,OTHER - EXPLAIN IN NARRATIVE,W17THSTNWILLISDR,""
1400,MONROE SD,BLOOMINGTON,2022-09-23T00:00:00,10:18 AM,1,,1,0,0,"","","",N KINSER PIKE,"","",0,"",39.22763742,-86.54643006,COUNTY ROAD,"",RURAL,N,N,N,"",DAYLIGHT,CLEAR,DRY,"",NO JUNCTION INVOLVED,"",ASPHALT,UNSAFE SPEED,RAN OFF ROAD,NKINSERPIKE,""
1401,BLOOMINGTON PD,BLOOMINGTON,2022-08-31T00:00:00,11:31 AM,2,,0,0,0,"","","",W 3RD ST,N GATES DR,"",0,"",39.16459547,-86.57625716,LOCAL/CITY ROAD,"",URBAN,N,N,N,"",DAYLIGHT,CLEAR,DRY,"",FOUR-WAY INTERSECTION,"",ASPHALT,DRIVER DISTRACTED - EXPLAIN IN NARRATIVE,REAR END,W3RDSTNGATESDR,""
1402,BLOOMINGTON PD,BLOOMINGTON,2022-07-27T00:00:00,8:52 AM,2,,0,0,0,"","","",W 3RD ST,S PATTERSON DR,"",0,"",39.1644313,-86.55198002,LOCAL/CITY ROAD,"",URBAN,N,N,N,"",DAYLIGHT,RAIN,WET,"",FOUR-WAY INTERSECTION,"",ASPHALT,FOLLOWING TOO CLOSELY,REAR END,W3RDSTSPATTERSONDR,""
1403,ISP BLOOMINGTON 33,UNIONVILLE(MONROE),2022-09-10T00:00:00,1:09 AM,1,,1,0,0,"","","",STATE RD 45,N RICHARDSON RD,"",250,"",39.23982144,-86.38737494,STATE ROAD,"",RURAL,N,N,N,"",DARK (NOT LIGHTED),CLEAR,DRY,"",NO JUNCTION INVOLVED,"",ASPHALT,UNSAFE SPEED,RAN OFF ROAD,STATERD45NRICHARDSONRD,""
1404,MONROE SD,BLOOMINGTON,2022-07-31T00:00:00,9:19 PM,1,,0,0,1,"","","",STATE RD 37,"","",0,"",39.03929914,-86.53586174,STATE ROAD,"",RURAL,N,N,N,"",DARK (NOT LIGHTED),CLEAR,DRY,"",NO JUNCTION INVOLVED,"",ASPHALT,ANIMAL/OBJECT IN ROADWAY,COLLISION WITH DEER,STATERD37,""
1405,BLOOMINGTON PD,BLOOMINGTON,2022-09-03T00:00:00,9:40 PM,2,,1,0,0,"","","",STATE RD 46,N KINSER PIKE,"",0,"",39.18644374,-86.53795741,STATE ROAD,"",URBAN,N,N,N,"",DARK (NOT LIGHTED),RAIN,WET,"",FOUR-WAY INTERSECTION,"",ASPHALT,FAILURE TO YIELD RIGHT OF WAY,RIGHT ANGLE,STATERD46NKINSERPIKE,""
1406,BLOOMINGTON PD,BLOOMINGTON,2022-08-28T00:00:00,3:50 AM,1,,0,0,0,"","","",E 3RD ST,STATE RD 446,"",0,"",39.16433186,-86.47204346,LOCAL/CITY ROAD,"",URBAN,N,N,N,"",DARK (NOT LIGHTED),CLEAR,DRY,"",FOUR-WAY INTERSECTION,"",ASPHALT,DISREGARD SIGNAL/REG SIGN,RAN OFF ROAD,STATERD446E3RDST,""
1407,MONROE SD,BLOOMINGTON,2022-07-08T00:00:00,2:03 PM,1,,1,0,1,"","","",S STRAIN RIDGE RD,E CHARLES WAY,"",0,"",39.03908343,-86.5153735,LOCAL/CITY ROAD,"",RURAL,N,N,N,"",DAYLIGHT,RAIN,WET,"",NO JUNCTION INVOLVED,"",ASPHALT,ANIMAL/OBJECT IN ROADWAY,RAN OFF ROAD,SSTRAINRIDGERDECHARLESWAY,""
1408,ISP BLOOMINGTON 33,BLOOMINGTON,2022-07-08T00:00:00,10:30 AM,1,,0,0,0,"","","",STATE RD 45,N MARTIN DR,"",0,"",39.2042456,-86.46326441,STATE ROAD,"",RURAL,N,N,N,"",DAYLIGHT,RAIN,WET,"",T-INTERSECTION,"",ASPHALT,SPEED TOO FAST FOR WEATHER CONDITIONS,RAN OFF ROAD,STATERD45NMARTINDR,""
1409,BLOOMINGTON PD,BLOOMINGTON,2022-06-13T00:00:00,1:00 AM,1,,0,0,0,"","","",W 10TH ST,N MADISON ST,"",0,"",39.1712414,-86.53738565,LOCAL/CITY ROAD,"",URBAN,N,N,N,"",UNKNOWN,CLEAR,DRY,"",NO JUNCTION INVOLVED,"",ASPHALT,UNSAFE SPEED,RAN OFF ROAD,W10THSTNMADISONST,""
1410,BLOOMINGTON PD,BLOOMINGTON,2022-09-16T00:00:00,3:34 PM,2,,0,0,0,256,"","",N JACOB DR,"","",0,"",39.1680778,-86.57324645,PRIVATE DRIVE,"",URBAN,N,N,N,"",DAYLIGHT,CLEAR,DRY,"",NO JUNCTION INVOLVED,"",ASPHALT,UNSAFE BACKING,BACKING CRASH,NJACOBDR,""
1411,BLOOMINGTON PD,BLOOMINGTON,2022-07-13T00:00:00,3:41 PM,2,,1,0,0,"","","",W 3RD ST,S KIMBLE DR,"",211,"",39.16461677,-86.56842596,LOCAL/CITY ROAD,"",URBAN,N,N,N,"",DAYLIGHT,CLEAR,DRY,"",NO JUNCTION INVOLVED,"",ASPHALT,FAILURE TO YIELD RIGHT OF WAY,RIGHT ANGLE,W3RDSTSKIMBLEDR,""
1412,BLOOMINGTON PD,BLOOMINGTON,2022-06-10T00:00:00,10:30 AM,2,,0,0,0,"","","",N WALNUT ST,W 10TH ST,"",0,"",39.1716783,-86.53358643,"","",URBAN,N,N,N,"",DAYLIGHT,CLEAR,DRY,"",T-INTERSECTION,"",ASPHALT,DISREGARD SIGNAL/REG SIGN,RIGHT ANGLE,W10THSTNWALNUTST,""
1413,MONROE SD,BLOOMINGTON,2022-08-25T00:00:00,11:52 AM,2,,0,0,0,"","","",W ALLEN ST,W ALLEN ST,"",0,"",39.15539657,-86.55110783,PRIVATE DRIVE,"",RURAL,N,N,N,"",DAYLIGHT,CLEAR,DRY,"",NO JUNCTION INVOLVED,"",ASPHALT,IMPROPER TURNING,HEAD ON BETWEEN TWO MOTOR VEHICLES,WALLENSTWALLENST,""