_id,Agency,City,Collision Date,Collision Time,Vehicles Involved,Trailers Involved,Number Injured,Number Dead,Number Deer,House Number,Roadway Interchange,Roadway Ramp,Roadway Id,Intersecting Road,Interchange,Feet From,Direction,Latitude,Longitude,Roadway Class,Hit and Run?,Locality,School Zone?,Rumble Strips?,Construction?,Construction Type,Light Condition,Weather Conditions,Surface Condition,Type of Median,Roadway Junction Type,Road Character,Roadway Surface,Primary Factor,Manner of Collision,Unique Location Id,Traffic Control
1414,ELLETTSVILLE PD,ELLETTSVILLE,2022-09-29T00:00:00,7:05 AM,1,,1,0,0,"","","",S SALE ST,W ASSOCIATION ST,"",0,"",39.23314911,-86.62547332,LOCAL/CITY ROAD,"",URBAN,N,N,N,"",DARK (LIGHTED),CLEAR,DRY,"",FOUR-WAY INTERSECTION,"",ASPHALT,FAILURE TO YIELD RIGHT OF WAY,LEFT TURN,WASSOCIATIONSTSSALEST,""
1415,BLOOMINGTON PD,BLOOMINGTON,2022-08-29T00:00:00,6:00 PM,2,,0,0,0,"","","",E ROGERS RD,S SARE RD,"",0,"",39.13597308,-86.4966433,LOCAL/CITY ROAD,"",URBAN,N,N,N,"",DAWN/DUSK,CLEAR,DRY,"",TRAFFIC CIRCLE/ROUNDABOUT,"",ASPHALT,FAILURE TO YIELD RIGHT OF WAY,SAME DIRECTION SIDESWIPE,SSARERDEROGERSRD,""
1416,BLOOMINGTON PD,BLOOMINGTON,2022-07-15T00:00:00,11:30 PM,2,,1,0,0,"","","",N COLLEGE AVE,W 11TH ST,"",0,"",39.17327591,-86.53485113,LOCAL/CITY ROAD,"",URBAN,N,N,N,"",DARK (LIGHTED),CLOUDY,WET,"",T-INTERSECTION,"",ASPHALT,DISREGARD SIGNAL/REG SIGN,RIGHT ANGLE,W11THSTNCOLLEGEAVE,""
1417,BLOOMINGTON PD,BLOOMINGTON,2022-06-13T00:00:00,8:53 AM,2,,0,0,0,"","","",I 69 N RAMP,W 3RD ST,"",0,"",,,STATE ROAD,"",URBAN,N,N,N,"",DAYLIGHT,CLEAR,DRY,"",RAMP,"",ASPHALT,FOLLOWING TOO CLOSELY,REAR END,W3RDSTI69NRAMP,""
1418,DNR LAW ENFORCEMENT,BLOOMINGTON,2022-07-14T00:00:00,12:10 PM,2,,1,0,0,"","","",STATE RD 446,"","",0,"",39.06446993,-86.41444392,STATE ROAD,"",RURAL,N,N,N,"",DAYLIGHT,CLEAR,DRY,"",NO JUNCTION INVOLVED,"",ASPHALT,FOLLOWING TOO CLOSELY,REAR END,STATERD446,""
1419,BLOOMINGTON PD,BLOOMINGTON,2022-08-15T00:00:00,8:30 PM,2,,0,0,0,2966,"","",E 3RD ST.,"","",0,"",39.161776,-86.494241,PRIVATE DRIVE,"",URBAN,N,N,N,"",DAYLIGHT,CLEAR,DRY,"",NO JUNCTION INVOLVED,"",ASPHALT,OVERCORRECTING/OVERSTEERING,LEFT TURN,E3RDST.,""
1420,MONROE SD,"",2022-06-17T00:00:00,9:30 AM,1,,0,0,0,"","","",W CHURCH LN,S COLLEGE DR,"",0,"",39.10729408,-86.53584448,"","",RURAL,N,N,N,"",DAYLIGHT,RAIN,WET,"",NO JUNCTION INVOLVED,"",ASPHALT,OTHER (ENVIRONMENTAL) - EXPLAIN IN NARR,COLLISION WITH OBJECT IN ROAD,WCHURCHLNSCOLLEGEDR,""
1421,BLOOMINGTON PD,BLOOMINGTON,2022-08-04T00:00:00,11:55 PM,1,,0,0,0,"","","",W BLOOMFIELD RD,S PATTERSON DR,"",0,"",39.16077702,-86.54846317,LOCAL/CITY ROAD,"",URBAN,N,N,N,"",DARK (LIGHTED),CLEAR,DRY,"",NO JUNCTION INVOLVED,"",ASPHALT,UNSAFE SPEED,RAN OFF ROAD,WBLOOMFIELDRDSPATTERSONDR,""
1422,MONROE SD,ELLETTSVILLE,2022-09-19T00:00:00,10:04 AM,2,,0,0,0,3585,"","",W SR 46,"","",0,"",39.20863802,-86.58239341,"","",URBAN,N,N,N,"",DAYLIGHT,CLEAR,DRY,"",NO JUNCTION INVOLVED,"",ASPHALT,IMPROPER TURNING,SAME DIRECTION SIDESWIPE,WSR46,""
1423,BLOOMINGTON PD,BLOOMINGTON,2022-07-18T00:00:00,10:00 AM,1,,1,0,0,455,"","",N COLLEGE AVE,"","",0,"",39.17020504,-86.53463695,PRIVATE DRIVE,"",URBAN,N,N,N,"",DAYLIGHT,CLOUDY,DRY,"",NO JUNCTION INVOLVED,"",CONCRETE,DRIVER DISTRACTED - EXPLAIN IN NARRATIVE,OTHER - EXPLAIN IN NARRATIVE,NCOLLEGEAVE,""
1424,INDIANA UNIV BLOOMINGTON PD,BLOOMINGTON,2022-06-23T00:00:00,7:05 AM,2,,0,0,0,"","","",STATE RD 45,WALKWAY,"",0,"",39.17525716,-86.50414369,STATE ROAD,"",URBAN,N,N,N,"",DAYLIGHT,CLEAR,DRY,"",T-INTERSECTION,"",ASPHALT,FOLLOWING TOO CLOSELY,REAR END,WALKWAYSTATERD45,""
1425,MONROE SD,BLOOMINGTON,2022-08-21T00:00:00,2:40 AM,1,,0,0,1,"","","",E BETHEL LN,N MYERS RD,"",0,"",39.21199206,-86.49558701,COUNTY ROAD,"",RURAL,N,N,N,"",DARK (NOT LIGHTED),CLOUDY,DRY,"",NO JUNCTION INVOLVED,"",ASPHALT,ANIMAL/OBJECT IN ROADWAY,COLLISION WITH DEER,NMYERSRDEBETHELLN,""
1426,BLOOMINGTON PD,BLOOMINGTON,2022-07-20T00:00:00,7:29 PM,2,,0,0,0,414,"","",E VARSITY LN,"","",0,"",39.18242034,-86.52988064,PRIVATE DRIVE,"",URBAN,N,N,N,"",UNKNOWN,CLEAR,DRY,"",NO JUNCTION INVOLVED,"",ASPHALT,FAILURE TO YIELD RIGHT OF WAY,OTHER - EXPLAIN IN NARRATIVE,EVARSITYLN,""
1427,BLOOMINGTON PD,BLOOMINGTON,2022-08-17T00:00:00,1:54 PM,2,,0,0,0,1717,"","",S. WALNUT STREET,"","",0,"",39.14787656,-86.5324331,PRIVATE DRIVE,"",URBAN,N,N,N,"",DAYLIGHT,CLEAR,DRY,"",NO JUNCTION INVOLVED,"",ASPHALT,UNSAFE BACKING,BACKING CRASH,S.WALNUTSTREET,""
1428,MONROE SD,BLOOMINGTON,2022-09-26T00:00:00,12:33 PM,2,,0,0,0,4025,"","",SOUTH OLD ST RD 37,"","",0,"",39.120322,-86.529233,PRIVATE DRIVE,"",RURAL,N,N,N,"",DAYLIGHT,CLEAR,DRY,"",NO JUNCTION INVOLVED,"",ASPHALT,UNSAFE BACKING,REAR TO REAR,SOUTHOLDSTRD37,""
1429,BLOOMINGTON PD,BLOOMINGTON,2022-07-06T00:00:00,9:45 PM,1,,0,0,0,"","","",S GRAYWELL DR,E WHITLEY DR,"",0,"",39.15847703,-86.47546218,LOCAL/CITY ROAD,"",URBAN,N,N,N,"",DARK (LIGHTED),CLEAR,DRY,"",NO JUNCTION INVOLVED,"",ASPHALT,OTHER (DRIVER) - EXPLAIN IN NARRATIVE,RAN OFF ROAD,SGRAYWELLDREWHITLEYDR,""
1430,INDIANA UNIV BLOOMINGTON PD,BLOOMINGTON,2022-07-04T00:00:00,4:12 PM,1,,0,0,0,926,"","",S HIGHLAND AVE,"","",0,"",39.1563072,-86.51801006,LOCAL/CITY ROAD,"",URBAN,N,N,N,"",DAYLIGHT,CLEAR,DRY,"",NO JUNCTION INVOLVED,"",ASPHALT,UNSAFE SPEED,RAN OFF ROAD,SHIGHLANDAVE,""
1431,MONROE SD,BLOOMINGTON,2022-08-12T00:00:00,1:01 AM,2,,0,0,0,"","","",E 3RD ST,S SMITH RD,"",0,"",39.16425423,-86.48124165,LOCAL/CITY ROAD,"",URBAN,N,N,N,"",DAYLIGHT,CLEAR,DRY,"",T-INTERSECTION,"",ASPHALT,DRIVER DISTRACTED - EXPLAIN IN NARRATIVE,REAR END,SSMITHRDE3RDST,""
1432,BLOOMINGTON PD,BLOOMINGTON,2022-06-21T00:00:00,4:25 PM,2,,0,0,0,"","","",E STATE RD 45/46,N DUNN ST,"",0,"",39.18623302,-86.52842848,STATE ROAD,"",URBAN,N,N,N,"",DAYLIGHT,CLEAR,DRY,"",FOUR-WAY INTERSECTION,"",ASPHALT,BRAKE FAILURE OR DEFECTIVE,REAR END,NDUNNSTESTATERD45/46,""
1433,BLOOMINGTON PD,BLOOMINGTON,2022-06-07T00:00:00,4:48 PM,2,,0,0,0,"","","",W GRIMES ST,S WALNUT ST,"",0,"",39.153344,-86.533757,LOCAL/CITY ROAD,"",URBAN,N,N,N,"",DAYLIGHT,CLEAR,DRY,"",NO JUNCTION INVOLVED,"",ASPHALT,FOLLOWING TOO CLOSELY,REAR END,WGRIMESSTSWALNUTST,""
1434,BLOOMINGTON PD,BLOOMINGTON,2022-06-05T00:00:00,6:20 PM,2,,1,0,0,"","","",W STATE RD 45,S LIBERTY DR,"",0,"",39.14509473,-86.57779307,LOCAL/CITY ROAD,"",URBAN,N,N,N,"",DAYLIGHT,CLEAR,DRY,"",FOUR-WAY INTERSECTION,"",ASPHALT,FAILURE TO YIELD RIGHT OF WAY,RIGHT ANGLE,WSTATERD45SLIBERTYDR,""
1435,BLOOMINGTON PD,BLOOMINGTON,2022-09-16T00:00:00,3:25 PM,2,,0,0,0,"","","",S WALNUT ST,E HILLSIDE DR,"",0,"",39.15039704,-86.53361983,LOCAL/CITY ROAD,"",URBAN,N,N,N,"",DAYLIGHT,CLEAR,DRY,"",FOUR-WAY INTERSECTION,"",ASPHALT,FOLLOWING TOO CLOSELY,REAR END,SWALNUTSTEHILLSIDEDR,""
1436,ISP BLOOMINGTON 33,BLOOMINGTON,2022-06-15T00:00:00,1:50 AM,2,,0,0,0,"","","",S OLD STATE ROAD 37,W GORDON PIKE,"",370,"",39.12206356,-86.53140969,LOCAL/CITY ROAD,"",URBAN,N,N,N,"",DAYLIGHT,CLEAR,DRY,"",FOUR-WAY INTERSECTION,"",ASPHALT,FAILURE TO YIELD RIGHT OF WAY,RIGHT ANGLE,WGORDONPIKESOLDSTATEROAD37,""
1437,BLOOMINGTON PD,BLOOMINGTON,2022-09-02T00:00:00,2:53 PM,2,,0,0,0,"","","",S COLLEGE MALL RD,E 3 RD ST,"",700,"",39.16244279,-86.49800531,LOCAL/CITY ROAD,"",URBAN,N,N,N,"",DAYLIGHT,CLEAR,DRY,"",NO JUNCTION INVOLVED,"",ASPHALT,FOLLOWING TOO CLOSELY,REAR END,SCOLLEGEMALLRDE3RDST,""
1438,MONROE SD,BLOOMINGTON,2022-06-03T00:00:00,8:21 PM,2,,2,0,0,"","","",S ROGERS ST,W THAT RD,"",0,"",39.11460299,-86.5398071,LOCAL/CITY ROAD,"",RURAL,N,N,N,"",DAYLIGHT,CLEAR,DRY,"",T-INTERSECTION,"",ASPHALT,FAILURE TO YIELD RIGHT OF WAY,OTHER - EXPLAIN IN NARRATIVE,WTHATRDSROGERSST,""
1439,INDIANA UNIV BLOOMINGTON PD,BLOOMINGTON,2022-08-23T00:00:00,6:35 AM,2,,0,0,0,900,"","",E 7TH ST,"","",0,"",39.16797249,-86.52309752,PRIVATE DRIVE,"",URBAN,N,N,N,"",DAWN/DUSK,CLEAR,DRY,"",NO JUNCTION INVOLVED,"",ASPHALT,UNSAFE BACKING,BACKING CRASH,E7THST,""
1440,BLOOMINGTON PD,BLOOMINGTON,2022-06-09T00:00:00,5:15 PM,2,,1,0,0,"","","",W 3RD ST,S CURRY PIKE,"",0,"",39.16462738,-86.58303084,LOCAL/CITY ROAD,"",URBAN,N,N,N,"",DAYLIGHT,CLEAR,DRY,"",FOUR-WAY INTERSECTION,"",ASPHALT,FOLLOWING TOO CLOSELY,REAR END,W3RDSTSCURRYPIKE,""
1441,BLOOMINGTON PD,BLOOMINGTON,2022-08-09T00:00:00,4:27 PM,2,,0,0,0,"","","",W BLOOMFIELD RD,S OAKDALE DR,"",0,"",39.14975879,-86.56884583,LOCAL/CITY ROAD,"",URBAN,N,N,N,"",DAYLIGHT,RAIN,WET,"",FOUR-WAY INTERSECTION,"",ASPHALT,BRAKE FAILURE OR DEFECTIVE,REAR END,WBLOOMFIELDRDSOAKDALEDR,""
1442,BLOOMINGTON PD,BLOOMINGTON,2022-06-04T00:00:00,4:58 PM,2,,0,0,0,2966,"","",E 3RD ST,"","",0,"",39.16539172,-86.49224977,PRIVATE DRIVE,"",URBAN,N,N,N,"",DAYLIGHT,CLEAR,DRY,"",FOUR-WAY INTERSECTION,"",ASPHALT,FAILURE TO YIELD RIGHT OF WAY,REAR TO REAR,E3RDST,""
1443,BLOOMINGTON PD,BLOOMINGTON,2022-09-28T00:00:00,6:15 PM,3,,0,0,0,"","","",S LEONARD SPRINGS RD,W TAPP RD,"",0,"",39.13685024,-86.58260411,"","",URBAN,N,N,N,"",DAYLIGHT,CLEAR,DRY,"",T-INTERSECTION,"",ASPHALT,UNSAFE SPEED,REAR END,WTAPPRDSLEONARDSPRINGSRD,""
1444,INDIANA UNIV BLOOMINGTON PD,BLOOMINGTON,2022-09-20T00:00:00,5:45 PM,2,,0,0,0,1320,"","",EAST 10TH STREET,"","",0,"",39.17031814,-86.51651806,PRIVATE DRIVE,"",URBAN,N,N,N,"",DAYLIGHT,CLEAR,DRY,"",NO JUNCTION INVOLVED,"",ASPHALT,UNSAFE BACKING,BACKING CRASH,EAST10THSTREET,""
1445,MONROE SD,BLOOMINGTON,2022-07-24T00:00:00,2:30 PM,2,,0,0,0,"","","",S ROGERS,THAT ROAD,"",0,"",,,LOCAL/CITY ROAD,"",RURAL,N,N,N,"",DAYLIGHT,CLEAR,DRY,"",T-INTERSECTION,"",ASPHALT,FAILURE TO YIELD RIGHT OF WAY,RIGHT ANGLE,THATROADSROGERS,""
1446,BLOOMINGTON PD,BLOOMINGTON,2022-08-27T00:00:00,12:10 PM,2,,0,0,0,1918,"","",W 3RD ST,"","",0,"",39.16444832,-86.56014866,PRIVATE DRIVE,"",URBAN,N,N,N,"",DAYLIGHT,CLEAR,DRY,"",NO JUNCTION INVOLVED,"",ASPHALT,IMPROPER TURNING,OPPOSITE DIRECTION SIDESWIPE,W3RDST,""
1447,BLOOMINGTON PD,BLOOMINGTON,2022-08-27T00:00:00,12:00 AM,2,,0,0,0,"","","",E 1ST ST,S HENDERSON ST,"",200,"",39.15934152,-86.5280362,LOCAL/CITY ROAD,"",URBAN,N,N,N,"",DARK (LIGHTED),CLEAR,DRY,"",NO JUNCTION INVOLVED,"",ASPHALT,OTHER (DRIVER) - EXPLAIN IN NARRATIVE,SAME DIRECTION SIDESWIPE,SHENDERSONSTE1STST,""
1448,BLOOMINGTON PD,BLOOMINGTON,2022-08-18T00:00:00,2:14 PM,2,,0,0,0,"","","",W 10TH ST,N COLLEGE AVE,"",0,"",39.17166281,-86.53488429,"","",URBAN,N,N,N,"",DAYLIGHT,CLEAR,DRY,"",NO JUNCTION INVOLVED,"",ASPHALT,UNSAFE LANE MOVEMENT,SAME DIRECTION SIDESWIPE,W10THSTNCOLLEGEAVE,""
1449,ISP BLOOMINGTON 33,STINESVILLE,2022-06-29T00:00:00,5:45 PM,1,,0,0,0,"","","",STATE RD 46,"","",0,"",39.26313864,-86.66174156,STATE ROAD,"",RURAL,N,N,N,"",DAYLIGHT,CLEAR,DRY,"",NO JUNCTION INVOLVED,"",ASPHALT,TIRE FAILURE OR DEFECTIVE,RAN OFF ROAD,STATERD46,""
1450,BLOOMINGTON PD,BLOOMINGTON,2022-08-19T00:00:00,4:07 PM,2,,0,0,0,"","","",N COLLEGE AVE,W 7TH ST,"",0,"",39.16858242,-86.53486754,LOCAL/CITY ROAD,"",URBAN,N,N,N,"",DAYLIGHT,CLEAR,DRY,"",FOUR-WAY INTERSECTION,"",ASPHALT,IMPROPER LANE USAGE,SAME DIRECTION SIDESWIPE,W7THSTNCOLLEGEAVE,""
1451,BLOOMINGTON PD,BLOOMINGTON,2022-09-28T00:00:00,6:40 AM,2,,1,0,0,"","","",W 3RD ST,STATE RD 37,"",0,"",39.16454052,-86.57382614,LOCAL/CITY ROAD,"",URBAN,N,N,N,"",DARK (LIGHTED),CLEAR,DRY,"",FOUR-WAY INTERSECTION,"",ASPHALT,FAILURE TO YIELD RIGHT OF WAY,RIGHT ANGLE,W3RDSTSTATERD37,""
1452,INDIANA UNIV BLOOMINGTON PD,BLOOMINGTON,2022-09-01T00:00:00,6:00 PM,2,,0,0,0,"","","",N JORDAN AVE,E 17TH ST,"",0,"",39.17971443,-86.51092874,LOCAL/CITY ROAD,"",URBAN,N,N,N,"",UNKNOWN,CLEAR,DRY,"",NO JUNCTION INVOLVED,"",ASPHALT,UNSAFE LANE MOVEMENT,SAME DIRECTION SIDESWIPE,NJORDANAVEE17THST,""
1453,BLOOMINGTON PD,BLOOMINGTON,2022-09-24T00:00:00,11:25 PM,2,,0,0,0,"","","",S PETE ELLIS DR,S PETE ELLIS DR,"",0,"",39.16689222,-86.49496576,LOCAL/CITY ROAD,"",URBAN,N,N,N,"",DARK (LIGHTED),CLEAR,DRY,"",FOUR-WAY INTERSECTION,"",ASPHALT,FAILURE TO YIELD RIGHT OF WAY,RIGHT ANGLE,SPETEELLISDRSPETEELLISDR,""
1454,BLOOMINGTON PD,BLOOMINGTON,2022-06-19T00:00:00,1:00 AM,2,,0,0,0,"","","",W 6TH ST,N WALNUT ST,"",0,"",39.16760906,-86.53395903,LOCAL/CITY ROAD,"",URBAN,N,N,N,"",DARK (LIGHTED),CLEAR,DRY,"",FOUR-WAY INTERSECTION,"",ASPHALT,OTHER (DRIVER) - EXPLAIN IN NARRATIVE,OTHER - EXPLAIN IN NARRATIVE,W6THSTNWALNUTST,""
1455,BLOOMINGTON PD,BLOOMINGTON,2022-08-01T00:00:00,2:28 PM,2,,0,0,0,"","","",W. 6TH ST,N. COLLEGE AVE,"",300,"",,,LOCAL/CITY ROAD,"",URBAN,N,N,N,"",DAYLIGHT,CLOUDY,DRY,"",NO JUNCTION INVOLVED,"",ASPHALT,UNSAFE BACKING,BACKING CRASH,W.6THSTN.COLLEGEAVE,""
1456,MONROE SD,BLOOMINGTON,2022-07-06T00:00:00,3:36 PM,1,,0,0,0,"","","",STATE RD 37,"","",0,"",39.06650404,-86.53608864,STATE ROAD,"",RURAL,N,Y,N,"",DAYLIGHT,CLEAR,DRY,"",NO JUNCTION INVOLVED,"",ASPHALT,DRIVER ASLEEP OR FATIGUED,RAN OFF ROAD,STATERD37,""
1457,ISP BLOOMINGTON 33,BLOOMINGTON,2022-06-08T00:00:00,12:30 PM,2,,1,0,0,"","","",FAIRFAX ROAD,WALNUT STREET PIKE,"",0,"",39.10718295,-86.52649159,LOCAL/CITY ROAD,"",URBAN,N,N,N,"",DAYLIGHT,RAIN,WET,"",T-INTERSECTION,"",ASPHALT,SPEED TOO FAST FOR WEATHER CONDITIONS,REAR END,WALNUTSTREETPIKEFAIRFAXROAD,""
1458,BLOOMINGTON PD,BLOOMINGTON,2022-08-10T00:00:00,12:25 PM,2,,0,0,0,400,"","",E 3RD ST,"","",0,"",39.16422019,-86.52950108,PRIVATE DRIVE,"",URBAN,N,N,N,"",DAYLIGHT,CLEAR,DRY,"",NO JUNCTION INVOLVED,"",ASPHALT,UNSAFE BACKING,BACKING CRASH,E3RDST,""
1459,MONROE SD,BLOOMINGTON,2022-09-06T00:00:00,7:57 AM,1,,0,0,1,"","","",S OLD STATE ROAD 37,S ORCHARD LN,"",0,"",39.11873466,-86.53126139,COUNTY ROAD,"",URBAN,N,N,N,"",DAYLIGHT,CLEAR,DRY,"",NO JUNCTION INVOLVED,"",ASPHALT,ANIMAL/OBJECT IN ROADWAY,COLLISION WITH DEER,SORCHARDLNSOLDSTATEROAD37,""
1460,BLOOMINGTON PD,BLOOMINGTON,2022-07-15T00:00:00,9:30 PM,2,,0,0,0,"","","",N WALNUT ST,STATE RD 46,"",0,"",39.18623008,-86.53462572,STATE ROAD,"",URBAN,N,N,N,"",DARK (LIGHTED),CLEAR,DRY,"",FOUR-WAY INTERSECTION,"",ASPHALT,DISREGARD SIGNAL/REG SIGN,RIGHT ANGLE,STATERD46NWALNUTST,""
1461,BLOOMINGTON PD,BLOOMINGTON,2022-09-08T00:00:00,5:09 PM,2,,1,0,0,"","","",E COVENANTER DR,S HIGH ST,"",0,"",39.15364264,-86.50845203,LOCAL/CITY ROAD,"",URBAN,N,N,N,"",DAYLIGHT,CLEAR,DRY,"",FOUR-WAY INTERSECTION,"",ASPHALT,FAILURE TO MAINTAIN LANE,OPPOSITE DIRECTION SIDESWIPE,SHIGHSTECOVENANTERDR,""
1462,BLOOMINGTON PD,BLOOMINGTON,2022-06-22T00:00:00,11:31 AM,2,,2,0,0,"","","",W. 3RD ST,I69 OVERPASS,"",0,"",,,LOCAL/CITY ROAD,"",URBAN,N,N,N,"",DAYLIGHT,CLEAR,DRY,"",FOUR-WAY INTERSECTION,"",CONCRETE,FOLLOWING TOO CLOSELY,REAR END,W.3RDSTI69OVERPASS,""
1463,BLOOMINGTON PD,BLOOMINGTON,2022-08-02T00:00:00,12:53 PM,1,,1,0,0,"","","",W CHEROKEE DR,S ROGERS ST,"",0,"",39.14696886,-86.53906801,"","",URBAN,N,N,N,"",DAYLIGHT,CLOUDY,DRY,"",NO JUNCTION INVOLVED,"",ASPHALT,OVERCORRECTING/OVERSTEERING,RAN OFF ROAD,WCHEROKEEDRSROGERSST,""
1464,MONROE SD,BLOOMINGTON,2022-08-19T00:00:00,5:39 PM,1,,1,0,0,5006,"","",S ROGERS ST,"","",0,"",39.11133948,-86.54034256,PRIVATE DRIVE,"",RURAL,N,N,N,"",DAYLIGHT,CLEAR,DRY,"",NO JUNCTION INVOLVED,"",ASPHALT,PEDESTRIAN ACTION,OPPOSITE DIRECTION SIDESWIPE,SROGERSST,""
1465,BLOOMINGTON PD,BLOOMINGTON,2022-09-11T00:00:00,3:00 AM,1,,0,0,0,2304,"","",N HEADLEY RD,"","",0,"",39.18716675,-86.51437725,LOCAL/CITY ROAD,"",URBAN,N,N,N,"",DARK (NOT LIGHTED),RAIN,MUDDY,"",NO JUNCTION INVOLVED,"",OTHER - EXPLAIN IN NARRATIVE,UNSAFE BACKING,BACKING CRASH,NHEADLEYRD,""
1466,INDIANA UNIV BLOOMINGTON PD,BLOOMINGTON,2022-09-13T00:00:00,7:37 PM,2,,2,0,0,"","","",E 10TH ST,N FEE LN,"",0,"",39.17158867,-86.51884086,LOCAL/CITY ROAD,"",URBAN,N,N,N,"",DAYLIGHT,CLEAR,DRY,"",T-INTERSECTION,"",ASPHALT,FOLLOWING TOO CLOSELY,REAR END,NFEELNE10THST,""
1467,MONROE SD,BLOOMINGTON,2022-08-04T00:00:00,11:37 AM,2,,0,0,0,4025,"","",S OLD STATE ROAD 37,"","",0,"",39.12022964,-86.52988051,"","",URBAN,N,N,N,"",DAYLIGHT,CLOUDY,DRY,"",NO JUNCTION INVOLVED,"",ASPHALT,UNSAFE BACKING,SAME DIRECTION SIDESWIPE,SOLDSTATEROAD37,""
1468,BLOOMINGTON PD,BLOOMINGTON,2022-07-29T00:00:00,10:15 AM,1,,0,0,1,"","","",S OLD STATE ROAD 37,E BURKS DR,"",300,"",39.1284044,-86.53136543,LOCAL/CITY ROAD,"",URBAN,N,N,N,"",DAYLIGHT,CLOUDY,DRY,"",NO JUNCTION INVOLVED,"",ASPHALT,ANIMAL/OBJECT IN ROADWAY,COLLISION WITH DEER,SOLDSTATEROAD37EBURKSDR,""
1469,BLOOMINGTON PD,BLOOMINGTON,2022-09-23T00:00:00,3:32 PM,2,,0,0,0,"","","",N PINE ST,W 6TH ST,"",0,"",39.16747383,-86.54843907,LOCAL/CITY ROAD,"",URBAN,N,N,N,"",DAYLIGHT,CLEAR,DRY,"",FOUR-WAY INTERSECTION,"",ASPHALT,OTHER (DRIVER) - EXPLAIN IN NARRATIVE,SAME DIRECTION SIDESWIPE,W6THSTNPINEST,""
1470,MONROE SD,BLOOMINGTON,2022-08-27T00:00:00,10:42 AM,1,,0,0,0,"","","",W GIFFORD RD,S CAVE RD,"",250,"",39.151452,-86.628903,COUNTY ROAD,"",RURAL,N,N,N,"",DAYLIGHT,CLEAR,DRY,"",NO JUNCTION INVOLVED,"",ASPHALT,ROADWAY SURFACE CONDITION,OTHER - EXPLAIN IN NARRATIVE,WGIFFORDRDSCAVERD,""
1471,BLOOMINGTON PD,BLOOMINGTON,2022-09-19T00:00:00,4:00 PM,1,,1,0,0,1516,"","",W ARLINGTON RD,"","",0,"",39.18020842,-86.54864468,LOCAL/CITY ROAD,"",RURAL,N,N,N,"",DAYLIGHT,CLEAR,DRY,"",NO JUNCTION INVOLVED,"",CONCRETE,OVERCORRECTING/OVERSTEERING,RAN OFF ROAD,WARLINGTONRD,""
1472,MONROE SD,BLOOMINGTON,2022-06-24T00:00:00,6:01 PM,2,,0,0,0,"","","",I-69,MM 128,"",0,"",39.29100379,-86.51812967,INTERSTATE,"",RURAL,N,Y,N,"",DAYLIGHT,CLEAR,DRY,"",NO JUNCTION INVOLVED,"",ASPHALT,LEFT OF CENTER,SAME DIRECTION SIDESWIPE,MM128I-69,""
1473,BLOOMINGTON PD,BLOOMINGTON,2022-09-07T00:00:00,9:14 AM,2,,0,0,0,"","","",E. 10TH ST,E. JOHN HINKLE PLACE,"",0,"",,,LOCAL/CITY ROAD,"",URBAN,N,N,N,"",DAYLIGHT,CLEAR,DRY,"",FOUR-WAY INTERSECTION,"",ASPHALT,FOLLOWING TOO CLOSELY,REAR END,E.JOHNHINKLEPLACEE.10THST,""
1474,MONROE SD,BLOOMINGTON,2022-06-04T00:00:00,2:21 AM,1,,0,0,0,"","","",W BLOOMFIELD RD,S ANNA LEE LN,"",250,"",39.15828962,-86.55704088,LOCAL/CITY ROAD,"",URBAN,N,N,N,"",DARK (LIGHTED),CLEAR,DRY,"",NO JUNCTION INVOLVED,"",ASPHALT,ANIMAL/OBJECT IN ROADWAY,RAN OFF ROAD,WBLOOMFIELDRDSANNALEELN,""
1475,BLOOMINGTON PD,BLOOMINGTON,2022-09-29T00:00:00,1:29 PM,2,,0,0,0,"","","",S LIBERTY DR,W CONSTITUTION WAY,"",0,"",39.15121037,-86.57708991,LOCAL/CITY ROAD,"",URBAN,N,N,N,"",DAYLIGHT,CLEAR,DRY,"",T-INTERSECTION,"",ASPHALT,FOLLOWING TOO CLOSELY,REAR END,WCONSTITUTIONWAYSLIBERTYDR,""
1476,MONROE SD,BLOOMINGTON,2022-06-22T00:00:00,9:45 AM,2,,0,0,0,"","","",N CURRY PIKE,STATE RD 46,"",158,"",39.19357076,-86.57172865,LOCAL/CITY ROAD,"",URBAN,N,N,Y,LANE CLOSURE,DAYLIGHT,CLEAR,DRY,"",NO JUNCTION INVOLVED,"",ASPHALT,UNSAFE LANE MOVEMENT,OTHER - EXPLAIN IN NARRATIVE,STATERD46NCURRYPIKE,""
1477,INDIANA UNIV BLOOMINGTON PD,BLOOMINGTON,2022-09-30T00:00:00,1:25 PM,2,,0,0,0,"","","",E 3RD ST,S HAWTHORNE DR,"",211,"",39.16426787,-86.52054885,LOCAL/CITY ROAD,"",URBAN,N,N,N,"",DAYLIGHT,CLEAR,DRY,"",NO JUNCTION INVOLVED,"",ASPHALT,UNSAFE LANE MOVEMENT,SAME DIRECTION SIDESWIPE,SHAWTHORNEDRE3RDST,""
1478,MONROE SD,BLOOMINGTON,2022-06-29T00:00:00,4:50 AM,2,,0,0,0,"","","",S LEONARD SPRINGS RD,W STATE RD 45,"",0,"",39.14195717,-86.58260769,LOCAL/CITY ROAD,"",URBAN,N,N,B,"",DAYLIGHT,CLEAR,DRY,"",FOUR-WAY INTERSECTION,"",ASPHALT,DISREGARD SIGNAL/REG SIGN,OPPOSITE DIRECTION SIDESWIPE,WSTATERD45SLEONARDSPRINGSRD,""