_id,Agency,City,Collision Date,Collision Time,Vehicles Involved,Trailers Involved,Number Injured,Number Dead,Number Deer,House Number,Roadway Interchange,Roadway Ramp,Roadway Id,Intersecting Road,Interchange,Feet From,Direction,Latitude,Longitude,Roadway Class,Hit and Run?,Locality,School Zone?,Rumble Strips?,Construction?,Construction Type,Light Condition,Weather Conditions,Surface Condition,Type of Median,Roadway Junction Type,Road Character,Roadway Surface,Primary Factor,Manner of Collision,Unique Location Id,Traffic Control
1479,BLOOMINGTON PD,BLOOMINGTON,2022-09-21T00:00:00,11:56 AM,2,,1,0,0,"","","",E. HILLSIDE DR,S. HIGH ST,"",0,"",39.150445,-86.508421,LOCAL/CITY ROAD,"",URBAN,N,N,N,"",DAYLIGHT,CLEAR,DRY,"",FOUR-WAY INTERSECTION,"",ASPHALT,FOLLOWING TOO CLOSELY,REAR END,S.HIGHSTE.HILLSIDEDR,""
1480,BLOOMINGTON PD,BLOOMINGTON,2022-08-17T00:00:00,6:40 PM,2,,0,0,0,"","","",STATE RD 45/46 BYPASS,N MONROE ST,"",500,"",39.1869459,-86.54792755,LOCAL/CITY ROAD,"",URBAN,N,N,N,"",DAYLIGHT,CLEAR,DRY,"",NO JUNCTION INVOLVED,"",ASPHALT,IMPROPER PASSING,SAME DIRECTION SIDESWIPE,STATERD45/46BYPASSNMONROEST,""
1481,MONROE SD,BLOOMINGTON,2022-09-08T00:00:00,3:31 AM,1,,1,0,0,"","","",S DUNLAP RD,S DUNLAP RD,"",0,"",39.1078766,-86.61966112,"","",RURAL,N,N,N,"",DAYLIGHT,CLEAR,DRY,"",T-INTERSECTION,"",ASPHALT,UNSAFE SPEED,RAN OFF ROAD,SDUNLAPRDSDUNLAPRD,""
1482,INDIANA UNIV BLOOMINGTON PD,BLOOMINGTON,2022-08-09T00:00:00,5:15 PM,3,,0,0,0,"","","",E 10TH ST,E IN-46,"",0,"",39.17180957,-86.5023151,STATE ROAD,"",RURAL,N,N,N,"",DAYLIGHT,RAIN,WET,"",FOUR-WAY INTERSECTION,"",ASPHALT,SPEED TOO FAST FOR WEATHER CONDITIONS,SAME DIRECTION SIDESWIPE,EIN-46E10THST,""
1483,BLOOMINGTON PD,BLOOMINGTON,2022-08-15T00:00:00,2:00 PM,1,,0,0,0,"","","",STATE RD 46,"","",0,"",39.1656461,-86.49778251,PRIVATE DRIVE,"",URBAN,N,N,N,"",DAYLIGHT,CLOUDY,DRY,"",NO JUNCTION INVOLVED,"",ASPHALT,IMPROPER TURNING,SAME DIRECTION SIDESWIPE,STATERD46,""
1484,MONROE SD,BLOOMINGTON,2022-09-30T00:00:00,12:49 PM,2,,0,0,0,"","","",S ROGERS ST,W THAT RD,"",0,"",39.11460792,-86.53978891,LOCAL/CITY ROAD,"",RURAL,N,N,N,"",DAYLIGHT,CLEAR,DRY,"",T-INTERSECTION,"",ASPHALT,UNSAFE BACKING,BACKING CRASH,WTHATRDSROGERSST,""
1485,BLOOMINGTON PD,BLOOMINGTON,2022-06-06T00:00:00,6:50 PM,2,,0,0,0,"","","",3939 W 3RD ST,"","",0,"",39.16452318,-86.58224649,PRIVATE DRIVE,"",URBAN,N,N,N,"",DAYLIGHT,RAIN,WET,"",NO JUNCTION INVOLVED,"",CONCRETE,UNSAFE BACKING,BACKING CRASH,3939W3RDST,""
1486,BLOOMINGTON PD,BLOOMINGTON,2022-07-18T00:00:00,5:10 PM,2,,0,0,0,"","","",E 3RD ST,S PETE ELLIS DR,"",0,"",39.16422927,-86.49497456,LOCAL/CITY ROAD,"",URBAN,N,N,N,"",DAYLIGHT,CLEAR,DRY,"",T-INTERSECTION,"",ASPHALT,FOLLOWING TOO CLOSELY,REAR END,SPETEELLISDRE3RDST,""
1487,MONROE SD,BLOOMINGTON,2022-08-03T00:00:00,2:30 PM,3,,0,0,0,3585,"","",W STATE RD 45,"","",0,"",39.14238501,-86.58008732,PRIVATE DRIVE,"",RURAL,N,N,N,"",DAYLIGHT,CLEAR,DRY,"",NO JUNCTION INVOLVED,"",ASPHALT,FAILURE TO YIELD RIGHT OF WAY,OTHER - EXPLAIN IN NARRATIVE,WSTATERD45,""
1488,INDIANA UNIV BLOOMINGTON PD,BLOOMINGTON,2022-09-25T00:00:00,6:10 PM,2,,0,0,0,"","","",E 3RD ST,S WOODLAWN AVE,"",0,"",39.16424591,-86.52253694,LOCAL/CITY ROAD,"",URBAN,N,N,N,"",DAYLIGHT,CLEAR,DRY,"",T-INTERSECTION,"",ASPHALT,IMPROPER LANE USAGE,LEFT TURN,SWOODLAWNAVEE3RDST,""
1489,BLOOMINGTON PD,BLOOMINGTON,2022-09-25T00:00:00,1:27 PM,2,,0,0,0,820,"","",S CLARIZZ BLVD,"","",0,"",39.1575617,-86.49181693,PRIVATE DRIVE,"",URBAN,N,N,N,"",UNKNOWN,CLEAR,DRY,"",NO JUNCTION INVOLVED,"",ASPHALT,OTHER (DRIVER) - EXPLAIN IN NARRATIVE,OTHER - EXPLAIN IN NARRATIVE,SCLARIZZBLVD,""
1490,BLOOMINGTON PD,BLOOMINGTON,2022-08-21T00:00:00,12:08 PM,2,,0,0,0,"","","",S WALNUT ST,4TH ST,"",0,"",39.15290332,-86.53365333,LOCAL/CITY ROAD,"",URBAN,N,N,N,"",DAYLIGHT,CLOUDY,DRY,"",FOUR-WAY INTERSECTION,"",ASPHALT,IMPROPER TURNING,LEFT TURN,SWALNUTST4THST,""
1491,BLOOMINGTON PD,BLOOMINGTON,2022-08-16T00:00:00,5:23 PM,2,,0,0,0,"","","",E 10TH ST,N WASHINGTON ST,"",0,"",39.1716896,-86.53239923,LOCAL/CITY ROAD,"",URBAN,N,N,N,"",DAYLIGHT,CLEAR,DRY,"",FOUR-WAY INTERSECTION,"",ASPHALT,FAILURE TO YIELD RIGHT OF WAY,RIGHT ANGLE,NWASHINGTONSTE10THST,""
1492,BLOOMINGTON PD,BLOOMINGTON,2022-07-20T00:00:00,5:33 PM,2,,0,0,0,2650,"","",S WALNUT ST,"","",0,"",39.13458984,-86.53198292,PRIVATE DRIVE,"",URBAN,N,N,N,"",DAYLIGHT,CLEAR,DRY,"",NO JUNCTION INVOLVED,"",ASPHALT,UNSAFE BACKING,BACKING CRASH,SWALNUTST,""
1493,BLOOMINGTON PD,BLOOMINGTON,2022-09-20T00:00:00,9:12 AM,1,,0,0,0,"","","",W 4TH ST,S ROGERS ST,"",0,"",39.16563282,-86.5387271,LOCAL/CITY ROAD,"",URBAN,N,N,N,"",DAYLIGHT,CLEAR,DRY,"",FOUR-WAY INTERSECTION,"",ASPHALT,DISREGARD SIGNAL/REG SIGN,LEFT TURN,W4THSTSROGERSST,""
1494,BLOOMINGTON PD,BLOOMINGTON,2022-07-22T00:00:00,4:08 PM,2,,1,0,0,"","","",E CREEKS EDGE DR,S SARE RD,"",0,"",,,LOCAL/CITY ROAD,"",RURAL,N,N,N,"",DAYLIGHT,CLEAR,DRY,"",NO JUNCTION INVOLVED,"",ASPHALT,FAILURE TO MAINTAIN LANE,HEAD ON BETWEEN TWO MOTOR VEHICLES,SSARERDECREEKSEDGEDR,""
1495,BLOOMINGTON PD,BLOOMINGTON,2022-06-23T00:00:00,5:23 PM,2,,0,0,0,"","","",S COLLEGE AVE,W 1ST ST,"",0,"",39.15937613,-86.53498959,LOCAL/CITY ROAD,"",URBAN,N,N,N,"",DAYLIGHT,CLEAR,DRY,"",FOUR-WAY INTERSECTION,"",ASPHALT,FAILURE TO YIELD RIGHT OF WAY,SAME DIRECTION SIDESWIPE,W1STSTSCOLLEGEAVE,""
1496,BLOOMINGTON PD,BLOOMINGTON,2022-07-02T00:00:00,7:40 AM,1,,1,0,0,"","","",W. BLOOMFIELD RD,"","",0,"",,,PRIVATE DRIVE,"",URBAN,N,N,N,"",DAYLIGHT,CLEAR,DRY,"",NO JUNCTION INVOLVED,"",ASPHALT,DRIVER ASLEEP OR FATIGUED,RAN OFF ROAD,W.BLOOMFIELDRD,""
1497,MONROE SD,BLOOMINGTON,2022-07-01T00:00:00,7:42 PM,2,,0,0,0,"","","",W STATE RD 45,"","",0,"",39.14330655,-86.57939895,PRIVATE DRIVE,"",RURAL,N,N,N,"",DAYLIGHT,CLEAR,DRY,"",T-INTERSECTION,"",ASPHALT,FAILURE TO YIELD RIGHT OF WAY,RIGHT ANGLE,WSTATERD45,""
1498,MONROE SD,BLOOMINGTON,2022-08-11T00:00:00,8:05 AM,4,,2,0,0,"","","",W STATE RD 45,BUNGER RD,"",0,"",39.13104733,-86.60179085,STATE ROAD,"",RURAL,N,N,N,"",DAYLIGHT,CLEAR,DRY,"",T-INTERSECTION,"",ASPHALT,OTHER (DRIVER) - EXPLAIN IN NARRATIVE,REAR END,WSTATERD45BUNGERRD,""
1499,BLOOMINGTON PD,BLOOMINGTON,2022-08-26T00:00:00,2:36 PM,2,,0,0,0,"","","",STATE RD 45,S LIBERTY DR,"",300,"",39.14590932,-86.57623789,STATE ROAD,"",URBAN,N,N,N,"",DAYLIGHT,CLEAR,DRY,"",NO JUNCTION INVOLVED,"",ASPHALT,FAILURE TO YIELD RIGHT OF WAY,SAME DIRECTION SIDESWIPE,STATERD45SLIBERTYDR,""
1500,MONROE SD,"",2022-07-21T00:00:00,12:35 PM,2,,0,0,0,"","","",I-69,"","",317,"",39.24134131,-86.53652455,"","",URBAN,N,Y,N,"",DAYLIGHT,CLEAR,DRY,"",NO JUNCTION INVOLVED,"",ASPHALT,ANIMAL/OBJECT IN ROADWAY,COLLISION WITH OBJECT IN ROAD,I-69,""
1501,BLOOMINGTON PD,BLOOMINGTON,2022-06-06T00:00:00,10:53 AM,2,,0,0,0,"","","",I-69,"","",739,"",39.12601098,-86.57258233,INTERSTATE,"",URBAN,N,N,N,"",DAYLIGHT,CLEAR,DRY,"",NO JUNCTION INVOLVED,"",ASPHALT,UNSAFE LANE MOVEMENT,SAME DIRECTION SIDESWIPE,I-69,""
1502,ELLETTSVILLE PD,ELLETTSVILLE,2022-08-29T00:00:00,4:14 PM,2,,0,0,0,"","","",W PERRY DR,N SHELLY DR,"",0,"",39.24060862,-86.60318595,"","",RURAL,N,N,N,"",DAYLIGHT,CLEAR,DRY,"",T-INTERSECTION,"",CONCRETE,FAILURE TO MAINTAIN LANE,HEAD ON BETWEEN TWO MOTOR VEHICLES,WPERRYDRNSHELLYDR,""
1503,BLOOMINGTON PD,BLOOMINGTON,2022-07-19T00:00:00,3:45 PM,2,,0,0,0,"","","",307 E 3RD ST; LUCKY EXPRESS,"","",0,"",,,PRIVATE DRIVE,"",URBAN,N,N,Y,LANE CLOSURE,DAYLIGHT,CLEAR,DRY,"",NO JUNCTION INVOLVED,"",CONCRETE,UNSAFE BACKING,BACKING CRASH,307E3RDST;LUCKYEXPRESS,""
1504,BLOOMINGTON PD,BLOOMINGTON,2022-06-06T00:00:00,2:05 PM,1,,1,0,0,"","","",E 3RD ST,S PETE ELLIS DR,"",0,"",39.16421402,-86.49428791,LOCAL/CITY ROAD,"",URBAN,N,N,N,"",DAYLIGHT,CLEAR,DRY,"",NO JUNCTION INVOLVED,"",ASPHALT,PEDESTRIAN ACTION,RIGHT ANGLE,SPETEELLISDRE3RDST,""
1505,MONROE SD,BLOOMINGTON,2022-06-07T00:00:00,6:06 PM,1,,0,0,1,"","","",S LEONARD SPRINGS RD,W SIMS LN,"",422,"",39.12587061,-86.58257551,LOCAL/CITY ROAD,"",URBAN,N,N,N,"",DAYLIGHT,CLEAR,DRY,"",NO JUNCTION INVOLVED,"",ASPHALT,ANIMAL/OBJECT IN ROADWAY,COLLISION WITH DEER,WSIMSLNSLEONARDSPRINGSRD,""
1506,INDIANA UNIV BLOOMINGTON PD,BLOOMINGTON,2022-06-23T00:00:00,8:15 AM,2,,0,0,0,1211,"","",E 7TH ST,"","",0,"",39.16815341,-86.51785112,PRIVATE DRIVE,"",URBAN,N,N,N,"",DAYLIGHT,CLEAR,DRY,"",NO JUNCTION INVOLVED,"",ASPHALT,UNSAFE BACKING,SAME DIRECTION SIDESWIPE,E7THST,""
1507,ISP BLOOMINGTON 33,BLOOMINGTON,2022-06-10T00:00:00,7:15 AM,1,,0,0,1,"","","",KINSER PIKE,SKYLINE DRIVE,"",100,"",39.1898997,-86.53778644,LOCAL/CITY ROAD,"",URBAN,N,N,N,"",DAYLIGHT,CLEAR,DRY,"",NO JUNCTION INVOLVED,"",ASPHALT,ANIMAL/OBJECT IN ROADWAY,COLLISION WITH DEER,SKYLINEDRIVEKINSERPIKE,""
1508,BLOOMINGTON PD,BLOOMINGTON,2022-09-10T00:00:00,3:22 PM,2,,1,0,0,"","","",S LEONARD SPRINGS RD,W STATE RD 45,"",0,"",39.14195339,-86.58256149,LOCAL/CITY ROAD,"",URBAN,N,N,N,"",DAYLIGHT,CLEAR,DRY,"",FOUR-WAY INTERSECTION,"",ASPHALT,FOLLOWING TOO CLOSELY,REAR END,WSTATERD45SLEONARDSPRINGSRD,""
1509,INDIANA UNIV BLOOMINGTON PD,BLOOMINGTON,2022-08-24T00:00:00,7:32 AM,3,,0,0,0,"","","",N JORDAN AVE,E LAW LN,"",686,"",39.17447274,-86.51487119,LOCAL/CITY ROAD,"",URBAN,N,N,N,"",DAYLIGHT,CLEAR,DRY,"",NO JUNCTION INVOLVED,"",ASPHALT,FAILURE TO YIELD RIGHT OF WAY,LEFT TURN,NJORDANAVEELAWLN,""
1510,DNR LAW ENFORCEMENT,BLOOMINGTON,2022-08-13T00:00:00,2:10 PM,1,,1,0,0,"","","",E MONROE DAM RD,"","",0,"",39.0126803,-86.5125195,STATE ROAD,"",RURAL,N,N,N,"",DAYLIGHT,CLEAR,DRY,"",RAMP,"",CONCRETE,BRAKE FAILURE OR DEFECTIVE,NON-COLLISION,EMONROEDAMRD,""
1511,BLOOMINGTON PD,BLOOMINGTON,2022-08-26T00:00:00,6:29 PM,1,,0,0,0,"","","",S HIGH ST,E ROCK CREEK DR,"",0,"",39.13978417,-86.50823329,"","",URBAN,Y,N,N,"",DAYLIGHT,CLEAR,DRY,"",FOUR-WAY INTERSECTION,"",ASPHALT,IMPROPER TURNING,RAN OFF ROAD,SHIGHSTEROCKCREEKDR,""
1512,BLOOMINGTON PD,BLOOMINGTON,2022-06-10T00:00:00,11:16 AM,2,,0,0,0,"","","",W 3RD ST,CURRY PIKE,"",0,"",,,LOCAL/CITY ROAD,"",URBAN,N,N,N,"",DAYLIGHT,CLOUDY,DRY,"",FOUR-WAY INTERSECTION,"",ASPHALT,UNSAFE LANE MOVEMENT,SAME DIRECTION SIDESWIPE,W3RDSTCURRYPIKE,""
1513,MONROE SD,BLOOMINGTON,2022-09-12T00:00:00,11:07 AM,1,,0,0,0,"","","",W GORDON PIKE,"","",0,"",39.12150089,-86.53642005,"","",RURAL,N,N,N,"",DAYLIGHT,CLEAR,DRY,"",NO JUNCTION INVOLVED,"",ASPHALT,DRIVER DISTRACTED - EXPLAIN IN NARRATIVE,RAN OFF ROAD,WGORDONPIKE,""
1514,ISP BLOOMINGTON 33,BLOOMINGTON,2022-09-09T00:00:00,1:41 PM,2,,2,0,0,"","","",SR46,TRAILWAY DRIVE,"",750,"",39.16361204,-86.4265675,STATE ROAD,"",RURAL,N,N,N,"",DAYLIGHT,CLEAR,DRY,"",NO JUNCTION INVOLVED,"",ASPHALT,FAILURE TO MAINTAIN LANE,RIGHT ANGLE,TRAILWAYDRIVESR46,""
1515,BLOOMINGTON PD,BLOOMINGTON,2022-06-13T00:00:00,10:08 AM,1,,0,0,0,"","","",400 BLK E. 2ND ST,S. DUNN ST,"",300,"",,,LOCAL/CITY ROAD,"",URBAN,N,N,N,"",DAYLIGHT,CLOUDY,DRY,"",NO JUNCTION INVOLVED,"",ASPHALT,OVERSIZE/OVERWEIGHT LOAD,NON-COLLISION,S.DUNNST400BLKE.2NDST,""
1516,BLOOMINGTON PD,BLOOMINGTON,2022-08-11T00:00:00,12:06 PM,2,,0,0,0,"","","",W ARLINGTON RD,N 20TH ST,"",1000,"",39.18116473,-86.54937153,LOCAL/CITY ROAD,"",URBAN,N,N,N,"",DAYLIGHT,CLEAR,DRY,"",NO JUNCTION INVOLVED,"",ASPHALT,FOLLOWING TOO CLOSELY,REAR END,WARLINGTONRDN20THST,""
1517,INDIANA UNIV BLOOMINGTON PD,BLOOMINGTON,2022-08-28T00:00:00,11:30 AM,2,,0,0,0,900,"","",E 7TH ST,"","",0,"",39.16874051,-86.52321092,PRIVATE DRIVE,"",URBAN,N,N,N,"",DAYLIGHT,CLEAR,DRY,"",NO JUNCTION INVOLVED,"",ASPHALT,UNSAFE BACKING,BACKING CRASH,E7THST,""
1518,INDIANA UNIV BLOOMINGTON PD,BLOOMINGTON,2022-07-17T00:00:00,3:24 AM,1,,0,0,0,"","","",E 10TH ST,N FEE LN,"",0,"",39.17160382,-86.51766617,LOCAL/CITY ROAD,"",URBAN,N,N,N,"",DARK (LIGHTED),CLEAR,DRY,"",NO JUNCTION INVOLVED,"",ASPHALT,OTHER (DRIVER) - EXPLAIN IN NARRATIVE,RAN OFF ROAD,NFEELNE10THST,""
1519,BLOOMINGTON PD,BLOOMINGTON,2022-07-19T00:00:00,2:00 PM,2,,1,0,0,3021,"","",E 3RD ST,"","",0,"",39.16440667,-86.49338777,PRIVATE DRIVE,"",URBAN,N,N,N,"",DAYLIGHT,CLEAR,DRY,"",NO JUNCTION INVOLVED,"",CONCRETE,UNSAFE BACKING,BACKING CRASH,E3RDST,""
1520,ISP BLOOMINGTON 33,BLOOMINGTON,2022-08-12T00:00:00,8:37 AM,1,,0,0,0,"","","",S INTERSTATE 69,"","",0,"",39.07843379,-86.58290202,INTERSTATE,"",RURAL,N,Y,N,"",DAYLIGHT,CLEAR,DRY,"",NO JUNCTION INVOLVED,"",ASPHALT,ANIMAL/OBJECT IN ROADWAY,COLLISION WITH DEER,SINTERSTATE69,""
1521,BLOOMINGTON PD,BLOOMINGTON,2022-07-28T00:00:00,1:15 PM,2,,1,0,0,"","","",SARE RD,WINSTON ST,"",300,"",39.14710958,-86.49897665,LOCAL/CITY ROAD,"",URBAN,N,N,N,"",DAYLIGHT,CLEAR,DRY,"",NO JUNCTION INVOLVED,"",ASPHALT,LEFT OF CENTER,OPPOSITE DIRECTION SIDESWIPE,WINSTONSTSARERD,""
1522,BLOOMINGTON PD,BLOOMINGTON,2022-07-13T00:00:00,9:00 AM,2,,2,0,0,"",99,B,W BLOOMFIELD RD,"","",0,"",39.14904597,-86.57055127,LOCAL/CITY ROAD,"",URBAN,N,N,N,"",DAYLIGHT,CLEAR,DRY,"",T-INTERSECTION,"",ASPHALT,DISREGARD SIGNAL/REG SIGN,RIGHT ANGLE,WBLOOMFIELDRD099B,""
1523,BLOOMINGTON PD,BLOOMINGTON,2022-09-11T00:00:00,8:55 AM,2,,0,0,0,"","","",W 3RD ST,STATE RD 37,"",0,"",39.16469649,-86.57382346,STATE ROAD,"",URBAN,N,N,N,"",DAYLIGHT,RAIN,WET,"",FOUR-WAY INTERSECTION,"",ASPHALT,FOLLOWING TOO CLOSELY,REAR END,W3RDSTSTATERD37,""
1524,ELLETTSVILLE PD,ELLETTSVILLE,2022-09-26T00:00:00,4:45 PM,3,,0,0,0,"","","",W STATE RD 46,N LAKEVIEW DR,"",0,"",39.22096916,-86.60537489,STATE ROAD,"",URBAN,N,N,N,"",DAYLIGHT,CLEAR,DRY,"",NO JUNCTION INVOLVED,"",ASPHALT,IMPROPER PASSING,RIGHT ANGLE,WSTATERD46NLAKEVIEWDR,""
1525,BLOOMINGTON PD,BLOOMINGTON,2022-06-15T00:00:00,6:40 AM,2,,0,0,0,"","","",S ROCKPORT RD,W COUNTRY CLUB DR,"",0,"",39.1363503,-86.54882358,LOCAL/CITY ROAD,"",URBAN,N,N,N,"",DAYLIGHT,CLEAR,DRY,"",FOUR-WAY INTERSECTION,"",ASPHALT,FAILURE TO MAINTAIN LANE,LEFT TURN,WCOUNTRYCLUBDRSROCKPORTRD,""
1526,ISP BLOOMINGTON 33,BLOOMINGTON,2022-07-19T00:00:00,9:40 PM,1,,0,0,1,"","","",SR37 3800' NORTH OF INGRAM RD,"","",0,"",39.00366487,-86.53711116,STATE ROAD,"",RURAL,N,N,N,"",DARK (NOT LIGHTED),CLEAR,DRY,"",NO JUNCTION INVOLVED,"",ASPHALT,ANIMAL/OBJECT IN ROADWAY,COLLISION WITH DEER,SR373800'NORTHOFINGRAMRD,""
1527,INDIANA UNIV BLOOMINGTON PD,BLOOMINGTON,2022-06-14T00:00:00,11:00 AM,2,,0,0,0,"","","",STATE ROAD 45/46,E 10TH ST,"",0,"",39.17174254,-86.50241769,STATE ROAD,"",URBAN,N,N,N,"",DAYLIGHT,CLEAR,DRY,"",FOUR-WAY INTERSECTION,"",ASPHALT,DRIVER DISTRACTED - EXPLAIN IN NARRATIVE,REAR END,STATEROAD45/46E10THST,""
1528,MONROE SD,BLOOMINGTON,2022-08-23T00:00:00,6:57 AM,1,,0,0,1,"","","",W STATE RD 48,W VERNAL PIKE,"",0,"",39.1634378,-86.6458907,STATE ROAD,"",RURAL,N,N,N,"",DAYLIGHT,CLEAR,DRY,"",NO JUNCTION INVOLVED,"",ASPHALT,ANIMAL/OBJECT IN ROADWAY,COLLISION WITH DEER,WVERNALPIKEWSTATERD48,""
1529,MONROE SD,BLOOMINGTON,2022-08-22T00:00:00,6:50 PM,1,,0,0,0,"","","",S FAIRFAX RD,E BERNICE DR,"",900,"",39.06594854,-86.50179274,LOCAL/CITY ROAD,"",URBAN,N,N,N,"",DAYLIGHT,CLEAR,DRY,"",NO JUNCTION INVOLVED,"",ASPHALT,FAILURE TO MAINTAIN LANE,RAN OFF ROAD,SFAIRFAXRDEBERNICEDR,""
1530,MONROE SD,BLOOMINGTON,2022-06-01T00:00:00,8:02 AM,1,,0,0,0,3585,"","",W STATE RD 45,"","",0,"",39.14201439,-86.58005292,PRIVATE DRIVE,"",URBAN,N,N,N,"",DAYLIGHT,CLEAR,DRY,"",NO JUNCTION INVOLVED,"",ASPHALT,OTHER (DRIVER) - EXPLAIN IN NARRATIVE,LEFT TURN,WSTATERD45,""
1531,BLOOMINGTON PD,BLOOMINGTON,2022-07-14T00:00:00,12:10 AM,1,,1,0,0,"","","",N WALNUT ST,E 16TH ST,"",0,"",39.17774897,-86.5335188,LOCAL/CITY ROAD,"",URBAN,N,N,Y,X-OVER/LANE SHIFT,DARK (LIGHTED),CLOUDY,WET,"",FOUR-WAY INTERSECTION,"",ASPHALT,OTHER (DRIVER) - EXPLAIN IN NARRATIVE,RAN OFF ROAD,NWALNUTSTE16THST,""
1532,MONROE SD,"",2022-08-01T00:00:00,12:33 PM,2,,0,0,0,1600,"","",1600 E HILLSIDE DR,"","",0,"",39.15049982,-86.51361173,"","",URBAN,N,N,N,"",DAYLIGHT,CLEAR,DRY,"",NO JUNCTION INVOLVED,"",ASPHALT,OTHER (DRIVER) - EXPLAIN IN NARRATIVE,OTHER - EXPLAIN IN NARRATIVE,1600EHILLSIDEDR,""
1533,MONROE SD,BLOOMINGTON,2022-07-19T00:00:00,9:40 AM,2,,0,0,0,1200,"","",S ROLLING RIDGE WAY,"","",0,"",,,PRIVATE DRIVE,"",URBAN,N,N,N,"",DAYLIGHT,CLEAR,DRY,"",NO JUNCTION INVOLVED,"",ASPHALT,UNSAFE BACKING,BACKING CRASH,SROLLINGRIDGEWAY,""
1534,BLOOMINGTON PD,BLOOMINGTON,2022-09-16T00:00:00,6:40 AM,2,,1,0,0,"","","",3RD ST,PATTERSON DR,"",0,"",39.1644,-86.55207,LOCAL/CITY ROAD,"",URBAN,N,N,N,"",DARK (LIGHTED),CLEAR,DRY,"",NO JUNCTION INVOLVED,"",ASPHALT,OTHER (DRIVER) - EXPLAIN IN NARRATIVE,OTHER - EXPLAIN IN NARRATIVE,PATTERSONDR3RDST,""
1535,MONROE SD,BLOOMINGTON,2022-08-30T00:00:00,5:41 AM,2,,0,0,0,"","","",W DILLMAN RD,STATE RD 37,"",0,"",39.0929537,-86.54620475,"","",RURAL,N,N,N,"",DAYLIGHT,CLEAR,DRY,"",FIVE POINT OR MORE,"",ASPHALT,ACCELERATOR FAILURE OR DEFECTIVE,HEAD ON BETWEEN TWO MOTOR VEHICLES,WDILLMANRDSTATERD37,""
1536,MONROE SD,BLOOMINGTON,2022-06-27T00:00:00,7:28 PM,1,,0,0,0,"","","",I-69,"","",0,"",39.05007531,-86.68002671,INTERSTATE,"",RURAL,N,Y,N,"",DAYLIGHT,CLEAR,DRY,"",NO JUNCTION INVOLVED,"",ASPHALT,OTHER (VEHICLE) - EXPLAIN IN NARRATIVE,OTHER - EXPLAIN IN NARRATIVE,I-69105,""
1537,MONROE SD,BLOOMINGTON,2022-08-15T00:00:00,6:38 AM,2,,0,0,0,"","","",S STATE RD 37,S OLD SR 37,"",0,"",39.08550871,-86.54253074,STATE ROAD,"",RURAL,N,Y,N,"",DARK (NOT LIGHTED),CLEAR,DRY,"",FOUR-WAY INTERSECTION,"",ASPHALT,FOLLOWING TOO CLOSELY,REAR END,SSTATERD37SOLDSR37,""
1538,INDIANA UNIV BLOOMINGTON PD,BLOOMINGTON,2022-06-06T00:00:00,7:22 AM,2,,0,0,0,"","","",N FEE LN,N FEE LN,"",0,"",39.17329757,-86.51928555,PRIVATE DRIVE,"",URBAN,N,N,N,"",DAYLIGHT,CLEAR,DRY,"",NO JUNCTION INVOLVED,"",CONCRETE,UNSAFE BACKING,BACKING CRASH,NFEELNNFEELN,""
1539,BLOOMINGTON PD,BLOOMINGTON,2022-07-03T00:00:00,9:20 AM,1,,0,0,0,"","","",E 9TH ST,N PROW AVE,"",0,"",39.17044845,-86.52882046,LOCAL/CITY ROAD,"",URBAN,N,N,N,"",DARK (NOT LIGHTED),CLOUDY,DRY,"",NO JUNCTION INVOLVED,"",ASPHALT,OTHER (DRIVER) - EXPLAIN IN NARRATIVE,SAME DIRECTION SIDESWIPE,NPROWAVEE9THST,""
1540,BLOOMINGTON PD,BLOOMINGTON,2022-08-24T00:00:00,8:48 AM,2,,0,0,0,"","","",W 3RD ST,S LANDMARK AVE,"",739,"",39.16441837,-86.55797452,LOCAL/CITY ROAD,"",URBAN,N,N,N,"",DAYLIGHT,CLEAR,DRY,"",NO JUNCTION INVOLVED,"",ASPHALT,FOLLOWING TOO CLOSELY,REAR END,W3RDSTSLANDMARKAVE,""
1541,BLOOMINGTON PD,"",2022-09-20T00:00:00,12:21 PM,2,,0,0,0,3620,"","",W 3RD ST,"","",0,"",39.16688241,-86.58286115,PRIVATE DRIVE,"",URBAN,N,N,N,"",DAYLIGHT,CLEAR,DRY,"",T-INTERSECTION,"",ASPHALT,UNSAFE BACKING,BACKING CRASH,W3RDST,""
1542,BLOOMINGTON PD,BLOOMINGTON,2022-09-13T00:00:00,9:26 AM,2,,0,0,0,"","","",E. 4TH ST,S. LINCOLN ST,"",0,"",,,LOCAL/CITY ROAD,"",URBAN,N,N,N,"",DAYLIGHT,CLOUDY,DRY,"",FOUR-WAY INTERSECTION,"",ASPHALT,FAILURE TO YIELD RIGHT OF WAY,RIGHT ANGLE,S.LINCOLNSTE.4THST,""
1543,BLOOMINGTON PD,BLOOMINGTON,2022-09-12T00:00:00,8:20 PM,2,,0,0,0,"","","",W 3RD ST,I-69 SB OFF RAMP,"",0,"",39.16449754,-86.5735767,LOCAL/CITY ROAD,"",URBAN,N,N,N,"",DARK (LIGHTED),CLEAR,DRY,"",FOUR-WAY INTERSECTION,"",ASPHALT,DISREGARD SIGNAL/REG SIGN,SAME DIRECTION SIDESWIPE,W3RDSTI-69SBOFFRAMP,""