_id,Agency,City,Collision Date,Collision Time,Vehicles Involved,Trailers Involved,Number Injured,Number Dead,Number Deer,House Number,Roadway Interchange,Roadway Ramp,Roadway Id,Intersecting Road,Interchange,Feet From,Direction,Latitude,Longitude,Roadway Class,Hit and Run?,Locality,School Zone?,Rumble Strips?,Construction?,Construction Type,Light Condition,Weather Conditions,Surface Condition,Type of Median,Roadway Junction Type,Road Character,Roadway Surface,Primary Factor,Manner of Collision,Unique Location Id,Traffic Control
1544,ELLETTSVILLE PD,ELLETTSVILLE,2022-09-30T00:00:00,1:23 PM,2,0,0,0,0,"","","",UNION VALLEY,"","",,"",39.215152,-86.5928,LOCAL/CITY ROAD,N,URBAN,N,N,N,"",DAYLIGHT,CLEAR,DRY,"",NO JUNCTION INVOLVED,STRAIGHT/LEVEL,ASPHALT,FAILURE TO YIELD RIGHT OF WAY,REAR END,SR46WUNIONVALLEYDR,TRAFFIC CONTROL SIGNAL
1545,ELLETTSVILLE PD,ELLETTSVILLE,2022-07-29T00:00:00,11:57 AM,2,0,0,0,0,7355,"","",MAPLE GROVE WEST,"","",,"",,,OTHER,N,URBAN,N,N,N,"",DAYLIGHT,CLEAR,DRY,"",NO JUNCTION INVOLVED,STRAIGHT/GRADE,ASPHALT,UNSAFE BACKING,BACKING CRASH,MAPLEGROVEWESTRD,NONE
1546,MONROE SD,BLOOMINGTON,2022-07-17T00:00:00,1:36 PM,1,,1,0,0,6055,"","",N OLD SR 37,"","",0,"",,,STATE ROAD,"",RURAL,N,N,N,"",DAYLIGHT,RAIN,WET,"",NO JUNCTION INVOLVED,"",ASPHALT,UNSAFE SPEED,RAN OFF ROAD,NOLDSR37,""
1547,BLOOMINGTON PD,BLOOMINGTON,2022-09-23T00:00:00,9:00 PM,2,,0,0,0,"","","",N KINSER PIKE,STATE RD 46,"",0,"",39.18650264,-86.53766818,LOCAL/CITY ROAD,"",URBAN,N,N,N,"",DARK (LIGHTED),RAIN,WET,"",FOUR-WAY INTERSECTION,"",ASPHALT,FAILURE TO YIELD RIGHT OF WAY,RIGHT ANGLE,STATERD46NKINSERPIKE,""
1548,BLOOMINGTON PD,BLOOMINGTON,2022-07-29T00:00:00,8:50 AM,2,,0,0,0,"","","",W 16TH ST,N WOODBURN AVE,"",0,"",39.17775102,-86.53605213,LOCAL/CITY ROAD,"",URBAN,N,N,N,"",DAYLIGHT,CLEAR,DRY,"",T-INTERSECTION,"",ASPHALT,OTHER (DRIVER) - EXPLAIN IN NARRATIVE,OPPOSITE DIRECTION SIDESWIPE,W16THSTNWOODBURNAVE,""
1549,BLOOMINGTON PD,BLOOMINGTON,2022-06-04T00:00:00,9:40 AM,2,,1,0,0,"","","",E COVENANTER DR,S COLLEGE MALL RD,"",0,"",39.15521787,-86.49770471,LOCAL/CITY ROAD,"",URBAN,N,N,N,"",DAYLIGHT,CLEAR,DRY,"",FOUR-WAY INTERSECTION,"",ASPHALT,FAILURE TO YIELD RIGHT OF WAY,LEFT TURN,SCOLLEGEMALLRDECOVENANTERDR,""
1550,BLOOMINGTON PD,BLOOMINGTON,2022-06-29T00:00:00,1:00 PM,2,,0,0,0,215,"","",S WALNUT ST,"","",0,"",39.16595663,-86.53361232,PRIVATE DRIVE,"",URBAN,N,N,N,"",DAYLIGHT,CLEAR,DRY,"",NO JUNCTION INVOLVED,"",ASPHALT,FAILURE TO YIELD RIGHT OF WAY,OTHER - EXPLAIN IN NARRATIVE,SWALNUTST,""
1551,BLOOMINGTON PD,BLOOMINGTON,2022-06-10T00:00:00,7:23 PM,2,,0,0,0,1175,"","",S COLLEGE MALL R,"","",0,"",39.15386069,-86.49578195,PRIVATE DRIVE,"",URBAN,N,N,N,"",DAYLIGHT,CLOUDY,DRY,"",NO JUNCTION INVOLVED,"",ASPHALT,OTHER (DRIVER) - EXPLAIN IN NARRATIVE,OPPOSITE DIRECTION SIDESWIPE,SCOLLEGEMALLR,""
1552,BLOOMINGTON PD,BLOOMINGTON,2022-09-03T00:00:00,7:00 AM,1,,0,0,0,"","","",W TAPP RD,S ADAMS ST,"",0,"",39.13649983,-86.55415006,LOCAL/CITY ROAD,"",URBAN,N,N,N,"",DAWN/DUSK,RAIN,WET,"",TRAFFIC CIRCLE/ROUNDABOUT,"",ASPHALT,SPEED TOO FAST FOR WEATHER CONDITIONS,RAN OFF ROAD,WTAPPRDSADAMSST,""
1553,MONROE SD,BLOOMINGTON,2022-09-16T00:00:00,5:40 PM,2,,1,0,0,"","","",S HARMONY RD,S ROCKPORT RD,"",0,"",39.0502154,-86.60934395,LOCAL/CITY ROAD,"",RURAL,N,N,N,"",DAYLIGHT,CLEAR,DRY,"",T-INTERSECTION,"",ASPHALT,FAILURE TO YIELD RIGHT OF WAY,RIGHT ANGLE,SROCKPORTRDSHARMONYRD,""
1554,BLOOMINGTON PD,BLOOMINGTON,2022-09-13T00:00:00,11:40 AM,2,,1,0,0,"","","",E. 12TH ST,N. INDIANA AVE,"",0,"",39.174359,-86.526999,LOCAL/CITY ROAD,"",URBAN,N,N,N,"",DAYLIGHT,CLOUDY,DRY,"",FOUR-WAY INTERSECTION,"",ASPHALT,FAILURE TO YIELD RIGHT OF WAY,RIGHT ANGLE,N.INDIANAAVEE.12THST,""
1555,MONROE SD,BLOOMINGTON,2022-08-11T00:00:00,5:50 AM,1,,0,0,1,"","","",STATE RD 37,"","",0,"",39.04198018,-86.53598017,STATE ROAD,"",RURAL,N,N,N,"",DARK (NOT LIGHTED),CLEAR,DRY,"",NO JUNCTION INVOLVED,"",ASPHALT,ANIMAL/OBJECT IN ROADWAY,COLLISION WITH DEER,STATERD37,""
1556,BLOOMINGTON PD,BLOOMINGTON,2022-09-09T00:00:00,6:15 PM,2,,1,0,0,"","","",W 4TH ST,S ROGERS ST,"",0,"",39.16563339,-86.53880204,"","",URBAN,N,N,N,"",DAYLIGHT,CLEAR,DRY,"",FOUR-WAY INTERSECTION,"",ASPHALT,OVERCORRECTING/OVERSTEERING,HEAD ON BETWEEN TWO MOTOR VEHICLES,W4THSTSROGERSST,""
1557,ELLETTSVILLE PD,ELLETTSVILLE,2022-06-03T00:00:00,8:40 PM,1,,0,0,0,"","","",1ST STREET,DEWEY DRIVE,"",100,"",39.228525,-86.624592,LOCAL/CITY ROAD,"",URBAN,N,N,N,"",DAYLIGHT,CLEAR,DRY,"",NO JUNCTION INVOLVED,"",ASPHALT,OVERCORRECTING/OVERSTEERING,RAN OFF ROAD,DEWEYDRIVE1STSTREET,""
1558,ISP BLOOMINGTON 33,BLOOMINGTON,2022-07-05T00:00:00,3:46 PM,2,,0,0,0,"","","",STATE RD 46,CURRY PIKE,"",1000,"",39.19602491,-86.57286289,STATE ROAD,"",RURAL,N,Y,Y,LANE CLOSURE,DAYLIGHT,CLEAR,DRY,"",NO JUNCTION INVOLVED,"",ASPHALT,FOLLOWING TOO CLOSELY,REAR END,STATERD46CURRYPIKE,""
1559,ELLETTSVILLE PD,ELLETTSVILLE,2022-09-15T00:00:00,3:24 PM,2,,0,0,0,"","","",STATE RD 46,N LOVE LN,"",106,"",39.22013394,-86.60393028,STATE ROAD,"",RURAL,N,N,N,"",DAYLIGHT,CLEAR,DRY,"",NO JUNCTION INVOLVED,"",ASPHALT,FOLLOWING TOO CLOSELY,REAR END,STATERD46NLOVELN,""
1560,BLOOMINGTON PD,BLOOMINGTON,2022-09-21T00:00:00,2:11 PM,2,,0,0,0,"","","",705 W. COOLIDGE DRIVE,"","",0,"",0,0,PRIVATE DRIVE,"",URBAN,Y,N,N,"",DAYLIGHT,CLEAR,DRY,"",NO JUNCTION INVOLVED,"",ASPHALT,UNSAFE BACKING,BACKING CRASH,705W.COOLIDGEDRIVE,""
1561,MONROE SD,"",2022-07-15T00:00:00,11:35 AM,2,,0,0,0,"","","",S ROCKPORT RD,S HARMONY RD,"",0,"",39.05015863,-86.60925394,"","",RURAL,N,N,N,"",DAYLIGHT,CLEAR,DRY,"",T-INTERSECTION,"",ASPHALT,FAILURE TO YIELD RIGHT OF WAY,RIGHT ANGLE,SROCKPORTRDSHARMONYRD,""
1562,INDIANA UNIV BLOOMINGTON PD,BLOOMINGTON,2022-08-30T00:00:00,5:30 PM,2,,0,0,0,"","","",E 10TH ST,N. PETE ELLIS DR.,"",0,"",39.17148111,-86.49537806,LOCAL/CITY ROAD,"",URBAN,N,N,N,"",DAYLIGHT,CLEAR,DRY,"",FOUR-WAY INTERSECTION,"",ASPHALT,FOLLOWING TOO CLOSELY,REAR END,N.PETEELLISDR.E10THST,""
1563,BLOOMINGTON PD,BLOOMINGTON,2022-08-22T00:00:00,4:12 PM,2,,0,0,0,"","","",E 1ST ST,S FESS AVE,"",0,"",39.15934374,-86.52597538,LOCAL/CITY ROAD,"",URBAN,N,N,N,"",DAYLIGHT,CLEAR,DRY,"",FOUR-WAY INTERSECTION,"",ASPHALT,FAILURE TO YIELD RIGHT OF WAY,RIGHT ANGLE,SFESSAVEE1STST,""
1564,ELLETTSVILLE PD,ELLETTSVILLE,2022-09-27T00:00:00,2:30 PM,2,,0,0,0,"","","",W STATE RD 46,N LAKEVIEW DR,"",0,"",39.22073654,-86.60488469,STATE ROAD,"",URBAN,N,N,N,"",DAYLIGHT,CLEAR,DRY,"",NO JUNCTION INVOLVED,"",ASPHALT,FAILURE TO YIELD RIGHT OF WAY,LEFT TURN,WSTATERD46NLAKEVIEWDR,""
1565,BLOOMINGTON PD,BLOOMINGTON,2022-06-17T00:00:00,5:32 PM,2,,0,0,0,"","","",W 3RD ST,"","",0,"",39.16441876,-86.57227061,LOCAL/CITY ROAD,"",URBAN,N,N,N,"",DAYLIGHT,CLEAR,DRY,"",FOUR-WAY INTERSECTION,"",ASPHALT,FAILURE TO YIELD RIGHT OF WAY,SAME DIRECTION SIDESWIPE,W3RDST,""
1566,BLOOMINGTON PD,BLOOMINGTON,2022-09-22T00:00:00,12:59 PM,2,,0,0,0,"","","",S EAGLESON AVE,E ATWATER AVE,"",0,"",39.16309791,-86.51639461,LOCAL/CITY ROAD,"",URBAN,N,N,N,"",DAYLIGHT,CLEAR,DRY,"",FOUR-WAY INTERSECTION,"",ASPHALT,FOLLOWING TOO CLOSELY,REAR END,SEAGLESONAVEEATWATERAVE,""
1567,BLOOMINGTON PD,BLOOMINGTON,2022-09-27T00:00:00,1:41 PM,2,,0,0,0,"","","",S STRONG DR,W ALLEN DR,"",1500,"",39.15135847,-86.54548554,LOCAL/CITY ROAD,"",URBAN,N,N,N,"",DAYLIGHT,CLEAR,DRY,"",NO JUNCTION INVOLVED,"",ASPHALT,OVERCORRECTING/OVERSTEERING,SAME DIRECTION SIDESWIPE,WALLENDRSSTRONGDR,""
1568,BLOOMINGTON PD,BLOOMINGTON,2022-09-30T00:00:00,6:04 PM,3,,0,0,0,"","","",STATE RD 46,E 7TH ST,"",264,"",39.16804181,-86.50039262,STATE ROAD,"",URBAN,N,N,N,"",DAYLIGHT,CLEAR,DRY,"",NO JUNCTION INVOLVED,"",ASPHALT,FOLLOWING TOO CLOSELY,REAR END,STATERD46E7THST,""
1569,ELLETTSVILLE PD,ELLETTSVILLE,2022-09-15T00:00:00,6:35 PM,2,,1,0,0,"","","",E TEMPERANCE ST,E TEMPERANCE ST,"",0,"",39.22754773,-86.6159783,COUNTY ROAD,"",URBAN,N,N,N,"",DAYLIGHT,CLEAR,DRY,"",INTERCHANGE,"",ASPHALT,DRIVER DISTRACTED - EXPLAIN IN NARRATIVE,REAR END,ETEMPERANCESTETEMPERANCEST,""
1570,ISP BLOOMINGTON 33,BLOOMINGTON,2022-06-10T00:00:00,9:15 AM,1,,0,0,1,"","","",W STATE RD 45,S RENDY LN,"",0,"",39.12164586,-86.61534694,STATE ROAD,"",RURAL,N,N,N,"",DAYLIGHT,CLOUDY,DRY,"",NO JUNCTION INVOLVED,"",ASPHALT,ANIMAL/OBJECT IN ROADWAY,COLLISION WITH DEER,WSTATERD45SRENDYLN,""
1571,BLOOMINGTON PD,BLOOMINGTON,2022-09-09T00:00:00,2:10 AM,1,,1,0,0,1635,"","",W 3RD ST,"","",0,"",39.16440437,-86.55452469,PRIVATE DRIVE,"",URBAN,N,N,N,"",DAYLIGHT,CLEAR,DRY,"",NO JUNCTION INVOLVED,"",CONCRETE,FAILURE TO YIELD RIGHT OF WAY,RIGHT TURN,W3RDST,""
1572,MONROE SD,BLOOMINGTON,2022-06-01T00:00:00,9:39 AM,2,,2,0,0,"","","",STATE RD 45,N PRAIRIE GREEN CT,"",792,"",39.18027172,-86.47329695,STATE ROAD,"",RURAL,N,N,N,"",DAYLIGHT,CLEAR,DRY,"",NO JUNCTION INVOLVED,"",ASPHALT,DRIVER ASLEEP OR FATIGUED,OPPOSITE DIRECTION SIDESWIPE,STATERD45NPRAIRIEGREENCT,""
1573,MONROE SD,BLOOMINGTON,2022-08-19T00:00:00,9:42 AM,2,,0,0,0,"","","",N WAYPORT RD,STATE RD 37,"",0,"",39.26328247,-86.52070231,COUNTY ROAD,"",RURAL,N,N,N,"",DAYLIGHT,CLEAR,DRY,"",NO JUNCTION INVOLVED,"",ASPHALT,FOLLOWING TOO CLOSELY,RIGHT ANGLE,STATERD37NWAYPORTRD,""
1574,BLOOMINGTON PD,BLOOMINGTON,2022-09-20T00:00:00,4:00 PM,2,,0,0,0,3020,"","",E 3RD ST,"","",0,"",39.16498401,-86.49258294,PRIVATE DRIVE,"",URBAN,N,N,N,"",DAYLIGHT,CLEAR,DRY,"",NO JUNCTION INVOLVED,"",ASPHALT,UNSAFE BACKING,BACKING CRASH,E3RDST,""
1575,ISP BLOOMINGTON 33,BLOOMINGTON,2022-07-08T00:00:00,12:40 PM,2,,0,0,0,"","","",N CURRY PIKE,STATE RD 46,"",0,"",39.19333378,-86.57221789,LOCAL/CITY ROAD,"",URBAN,N,N,Y,LANE CLOSURE,DAYLIGHT,RAIN,WET,"",FOUR-WAY INTERSECTION,"",ASPHALT,FAILURE TO YIELD RIGHT OF WAY,REAR END,STATERD46NCURRYPIKE,""
1576,BLOOMINGTON PD,BLOOMINGTON,2022-09-03T00:00:00,11:20 AM,2,,0,0,0,"","","",I 69 SOUTH,W 3RD ST,"",0,"",39.16442772,-86.57236526,INTERSTATE,"",URBAN,N,N,N,"",DAYLIGHT,CLOUDY,WET,"",FOUR-WAY INTERSECTION,"",ASPHALT,FOLLOWING TOO CLOSELY,REAR END,W3RDSTI69SOUTH,""
1577,BLOOMINGTON PD,BLOOMINGTON,2022-07-14T00:00:00,9:37 AM,2,,0,0,0,"","","",N GATES DR,W JACOBS DR,"",0,"",39.16561219,-86.57594398,LOCAL/CITY ROAD,"",URBAN,N,N,N,"",DAYLIGHT,CLEAR,DRY,"",Y-INTERSECTION,"",ASPHALT,FAILURE TO YIELD RIGHT OF WAY,RIGHT ANGLE,WJACOBSDRNGATESDR,""
1578,BLOOMINGTON PD,BLOOMINGTON,2022-08-19T00:00:00,6:58 PM,2,,0,0,0,1820,"","",N WALNUT ST,"","",0,"",39.18356548,-86.53378631,PRIVATE DRIVE,"",URBAN,N,N,N,"",DAYLIGHT,CLEAR,DRY,"",NO JUNCTION INVOLVED,"",ASPHALT,UNSAFE BACKING,REAR END,NWALNUTST,""
1579,BLOOMINGTON PD,BLOOMINGTON,2022-08-26T00:00:00,1:50 PM,2,,0,0,0,"","","",E KIRKWOOD AVE,S DUNN ST,"",0,"",39.16606878,-86.52901508,PRIVATE DRIVE,"",URBAN,N,N,N,"",DAYLIGHT,CLEAR,DRY,"",FOUR-WAY INTERSECTION,"",ASPHALT,UNSAFE BACKING,LEFT TURN,SDUNNSTEKIRKWOODAVE,""
1580,MONROE SD,BLOOMINGTON,2022-08-29T00:00:00,11:30 AM,1,,0,0,0,"","","",S GARRISON CHAPEL RD,"","",0,"",39.16360538,-86.64986677,"","",RURAL,N,N,N,"",DAYLIGHT,CLEAR,DRY,"",NO JUNCTION INVOLVED,"",ASPHALT,STEERING FAILURE,RAN OFF ROAD,SGARRISONCHAPELRD,""
1581,MONROE SD,BLOOMINGTON,2022-06-08T00:00:00,5:39 PM,2,,0,0,0,"","","",S OLD STATE ROAD 37,E RHORER RD,"",0,"",39.12139314,-86.53131786,LOCAL/CITY ROAD,"",RURAL,N,N,N,"",DAYLIGHT,CLEAR,DRY,"",FOUR-WAY INTERSECTION,"",ASPHALT,FAILURE TO YIELD RIGHT OF WAY,SAME DIRECTION SIDESWIPE,SOLDSTATEROAD37ERHORERRD,""
1582,MONROE SD,BLOOMINGTON,2022-08-18T00:00:00,10:10 PM,2,,1,0,0,"","","",S HARMONY RD,WEST MAY RD,"",1700,"",39.09842427,-86.63839764,LOCAL/CITY ROAD,"",URBAN,N,N,N,"",DARK (NOT LIGHTED),CLEAR,DRY,"",NO JUNCTION INVOLVED,"",ASPHALT,OTHER (VEHICLE) - EXPLAIN IN NARRATIVE,OTHER - EXPLAIN IN NARRATIVE,WESTMAYRDSHARMONYRD,""
1583,BLOOMINGTON PD,BLOOMINGTON,2022-09-26T00:00:00,7:05 PM,2,,1,0,0,"","","",S JEFFERSON ST,E 3RD ST,"",0,"",39.16430306,-86.50711547,LOCAL/CITY ROAD,"",URBAN,N,N,N,"",DAWN/DUSK,CLEAR,DRY,"",FOUR-WAY INTERSECTION,"",ASPHALT,FOLLOWING TOO CLOSELY,REAR END,SJEFFERSONSTE3RDST,""
1584,INDIANA UNIV BLOOMINGTON PD,BLOOMINGTON,2022-09-30T00:00:00,6:50 PM,2,,0,0,0,"","","",E 4TH ST,S INDIANA AVE,"",75,"",39.16551863,-86.52725763,LOCAL/CITY ROAD,"",URBAN,N,N,N,"",DAYLIGHT,CLEAR,DRY,"",NO JUNCTION INVOLVED,"",ASPHALT,IMPROPER PASSING,SAME DIRECTION SIDESWIPE,SINDIANAAVEE4THST,""
1585,MONROE SD,BLOOMINGTON,2022-08-09T00:00:00,6:06 PM,1,,0,0,0,"","","",W 3RD ST,"","",0,"",39.16963124,-86.67307679,STATE ROAD,"",RURAL,N,N,N,"",DAYLIGHT,RAIN,WET,"",NO JUNCTION INVOLVED,"",ASPHALT,SPEED TOO FAST FOR WEATHER CONDITIONS,RAN OFF ROAD,W3RDST,""
1586,BLOOMINGTON PD,BLOOMINGTON,2022-08-23T00:00:00,5:26 PM,2,,0,0,0,701,"","",N COLLEGE AVE,"","",0,"",39.17328895,-86.53520105,PRIVATE DRIVE,"",URBAN,N,N,N,"",DAYLIGHT,CLEAR,DRY,"",NO JUNCTION INVOLVED,"",CONCRETE,UNSAFE BACKING,BACKING CRASH,NCOLLEGEAVE,""
1587,BLOOMINGTON PD,BLOOMINGTON,2022-08-31T00:00:00,5:11 PM,2,,0,0,0,"","","",S PATTERSON DR,W 3RD ST,"",0,"",39.16329075,-86.55111303,"","",URBAN,N,N,N,"",DAYLIGHT,CLEAR,DRY,"",FOUR-WAY INTERSECTION,"",ASPHALT,FAILURE TO YIELD RIGHT OF WAY,SAME DIRECTION SIDESWIPE,W3RDSTSPATTERSONDR,""
1588,MONROE SD,BLOOMINGTON,2022-09-20T00:00:00,8:17 AM,2,,1,0,0,"","","",STATE RD 46,STATE RD 46,"",0,"",39.16635045,-86.46613545,"","",RURAL,N,N,N,"",DAYLIGHT,CLEAR,DRY,"",T-INTERSECTION,"",ASPHALT,FAILURE TO YIELD RIGHT OF WAY,RIGHT ANGLE,STATERD46STATERD46,""
1589,BLOOMINGTON PD,BLOOMINGTON,2022-07-31T00:00:00,2:03 PM,2,,0,0,0,"","","",S CLARIZZ BLVD,E COVENANTER DR,"",0,"",39.15298991,-86.49065909,LOCAL/CITY ROAD,"",URBAN,N,N,N,"",DAYLIGHT,CLEAR,DRY,"",NO JUNCTION INVOLVED,"",ASPHALT,UNSAFE LANE MOVEMENT,SAME DIRECTION SIDESWIPE,SCLARIZZBLVDECOVENANTERDR,""
1590,BLOOMINGTON PD,BLOOMINGTON,2022-07-08T00:00:00,1:50 PM,2,,2,0,0,"","","",E WYLIE ST,S WALNUT ST,"",0,"",39.15835897,-86.53361886,LOCAL/CITY ROAD,"",URBAN,N,N,N,"",DAYLIGHT,CLEAR,DRY,"",FOUR-WAY INTERSECTION,"",ASPHALT,OVERCORRECTING/OVERSTEERING,REAR END,SWALNUTSTEWYLIEST,""
1591,ISP BLOOMINGTON 33,BLOOMINGTON,2022-06-08T00:00:00,4:50 PM,2,,0,0,0,"","","",LEONARD SPRINGS ROAD,TAPP ROAD,"",100,"",39.13717173,-86.58267732,LOCAL/CITY ROAD,"",URBAN,N,N,N,"",DAYLIGHT,CLOUDY,WET,"",NO JUNCTION INVOLVED,"",ASPHALT,UNSAFE SPEED,RIGHT ANGLE,TAPPROADLEONARDSPRINGSROAD,""
1592,BLOOMINGTON PD,BLOOMINGTON,2022-08-04T00:00:00,11:46 AM,2,,0,0,0,"","","",S RAMSEY DR,E NORA HILL DR,"",100,"",39.1450031,-86.50319032,LOCAL/CITY ROAD,"",URBAN,N,N,N,"",DAYLIGHT,CLOUDY,DRY,"",NO JUNCTION INVOLVED,"",ASPHALT,UNSAFE BACKING,BACKING CRASH,SRAMSEYDRENORAHILLDR,""
1593,BLOOMINGTON PD,BLOOMINGTON,2022-09-03T00:00:00,6:29 PM,3,,2,0,0,"","","",W COUNTRY CLUB DR,S BANTA AVE,"",0,"",39.13629059,-86.54551233,LOCAL/CITY ROAD,"",URBAN,N,N,N,"",DAYLIGHT,RAIN,WET,"",T-INTERSECTION,"",ASPHALT,FOLLOWING TOO CLOSELY,REAR END,WCOUNTRYCLUBDRSBANTAAVE,""
1594,BLOOMINGTON PD,BLOOMINGTON,2022-09-14T00:00:00,12:49 PM,2,,0,0,0,"","","",W 3RD ST,S LIBERTY DR,"",0,"",39.16462694,-86.57910918,LOCAL/CITY ROAD,"",URBAN,N,N,N,"",DAYLIGHT,CLEAR,DRY,"",FOUR-WAY INTERSECTION,"",ASPHALT,FOLLOWING TOO CLOSELY,REAR END,W3RDSTSLIBERTYDR,""
1595,MONROE SD,"",2022-07-10T00:00:00,12:23 PM,3,,3,0,0,"","","",N WALNUT ST,E WHISNAND RD,"",0,"",39.22390536,-86.53953105,COUNTY ROAD,"",RURAL,N,N,N,"",DAYLIGHT,CLEAR,DRY,"",NO JUNCTION INVOLVED,"",ASPHALT,FOLLOWING TOO CLOSELY,REAR END,NWALNUTSTEWHISNANDRD,""
1596,BLOOMINGTON PD,BLOOMINGTON,2022-08-16T00:00:00,9:17 AM,2,,0,0,0,822,"","",W 1ST ST,"","",0,"",39.15945147,-86.54423132,PRIVATE DRIVE,"",URBAN,N,N,N,"",DAYLIGHT,CLEAR,DRY,"",NO JUNCTION INVOLVED,"",ASPHALT,UNSAFE BACKING,BACKING CRASH,W1STST,""
1597,BLOOMINGTON PD,BLOOMINGTON,2022-08-18T00:00:00,8:50 PM,2,,0,0,0,"","","",S WALNUT ST,W SMITH AVE,"",0,"",39.16290939,-86.53364844,LOCAL/CITY ROAD,"",URBAN,N,N,N,"",DARK (LIGHTED),CLEAR,DRY,"",FOUR-WAY INTERSECTION,"",ASPHALT,UNSAFE BACKING,BACKING CRASH,WSMITHAVESWALNUTST,""
1598,MONROE SD,BLOOMINGTON,2022-07-22T00:00:00,7:19 AM,1,,0,0,1,"","","",N OLD STATE ROAD 37,E OLD MYERS RD,"",250,"",39.23392892,-86.50445524,COUNTY ROAD,"",RURAL,N,N,N,"",DAWN/DUSK,CLEAR,DRY,"",NO JUNCTION INVOLVED,"",ASPHALT,ANIMAL/OBJECT IN ROADWAY,COLLISION WITH DEER,NOLDSTATEROAD37EOLDMYERSRD,""
1599,BLOOMINGTON PD,BLOOMINGTON,2022-06-15T00:00:00,3:41 PM,2,,0,0,0,"","","",S PARK AVE,E MILLER DR,"",0,"",39.14697703,-86.52429139,LOCAL/CITY ROAD,"",URBAN,N,N,N,"",DAYLIGHT,CLEAR,DRY,"",FOUR-WAY INTERSECTION,"",ASPHALT,FAILURE TO YIELD RIGHT OF WAY,SAME DIRECTION SIDESWIPE,SPARKAVEEMILLERDR,""
1600,MONROE SD,BLOOMINGTON,2022-07-12T00:00:00,5:35 PM,2,,0,0,0,"","","",CATHERINE ST,ANNE CT,"",0,"",39.10307017,-86.53840489,LOCAL/CITY ROAD,"",RURAL,N,N,N,"",DAYLIGHT,CLEAR,DRY,"",T-INTERSECTION,"",ASPHALT,FAILURE TO YIELD RIGHT OF WAY,SAME DIRECTION SIDESWIPE,CATHERINESTANNECT,""
1601,BLOOMINGTON PD,BLOOMINGTON,2022-08-25T00:00:00,10:41 AM,2,,0,0,0,"","","",STATE RD 46,E 3RD ST,"",634,"",39.16520445,-86.49874951,STATE ROAD,"",URBAN,N,N,N,"",DAYLIGHT,CLEAR,DRY,"",T-INTERSECTION,"",ASPHALT,FOLLOWING TOO CLOSELY,REAR END,STATERD46E3RDST,""
1602,BLOOMINGTON PD,BLOOMINGTON,2022-07-12T00:00:00,4:51 PM,2,,0,0,0,"","","",STATE RD 46,N KINSER PIKE,"",0,"",39.18645899,-86.53838522,STATE ROAD,"",URBAN,N,N,N,"",DAYLIGHT,CLEAR,DRY,"",NO JUNCTION INVOLVED,"",ASPHALT,FOLLOWING TOO CLOSELY,REAR END,STATERD46NKINSERPIKE,""
1603,BLOOMINGTON PD,BLOOMINGTON,2022-09-17T00:00:00,1:58 PM,2,,0,0,0,"","","",S PARK AVE,E 2ND ST,"",0,"",39.16109313,-86.52401394,LOCAL/CITY ROAD,"",URBAN,N,N,N,"",DAYLIGHT,CLEAR,DRY,"",FOUR-WAY INTERSECTION,"",ASPHALT,IMPROPER LANE USAGE,SAME DIRECTION SIDESWIPE,SPARKAVEE2NDST,""
1604,MONROE SD,ELLETTSVILLE,2022-09-17T00:00:00,1:15 PM,2,,2,0,0,"","","",N MATHEWS DR,N MATHEWS DR,"",0,"",39.24534239,-86.62054229,LOCAL/CITY ROAD,"",RURAL,N,N,N,"",DAYLIGHT,CLEAR,DRY,"",FOUR-WAY INTERSECTION,"",ASPHALT,FAILURE TO YIELD RIGHT OF WAY,HEAD ON BETWEEN TWO MOTOR VEHICLES,NMATHEWSDRNMATHEWSDR,""
1605,INDIANA UNIV BLOOMINGTON PD,BLOOMINGTON,2022-09-14T00:00:00,4:35 AM,2,,0,0,0,"","","",S EAGLESON AVE,E JONES AVE,"",0,"",39.1655311,-86.51649661,LOCAL/CITY ROAD,"",URBAN,N,N,N,"",DAYLIGHT,CLEAR,DRY,"",NO JUNCTION INVOLVED,"",ASPHALT,FOLLOWING TOO CLOSELY,SAME DIRECTION SIDESWIPE,SEAGLESONAVEEJONESAVE,""
1606,ELLETTSVILLE PD,ELLETTSVILLE,2022-06-14T00:00:00,7:29 PM,2,,4,0,0,"","","",N RIDGEWOOD DR,W STATE ROAD 46,"",0,"",39.2173365,-86.59899765,STATE ROAD,"",URBAN,N,N,N,"",DAYLIGHT,CLEAR,DRY,"",T-INTERSECTION,"",ASPHALT,FAILURE TO YIELD RIGHT OF WAY,LEFT/RIGHT TURN,WSTATEROAD46NRIDGEWOODDR,""
1607,BLOOMINGTON PD,BLOOMINGTON,2022-07-14T00:00:00,3:19 PM,2,,0,0,0,"","","",W PATTERSON DR,S ROGERS ST,"",0,"",39.15380393,-86.53880007,LOCAL/CITY ROAD,"",URBAN,N,N,N,"",DAYLIGHT,CLEAR,DRY,"",FOUR-WAY INTERSECTION,"",ASPHALT,FOLLOWING TOO CLOSELY,REAR END,WPATTERSONDRSROGERSST,""