_id,Agency,City,Collision Date,Collision Time,Vehicles Involved,Trailers Involved,Number Injured,Number Dead,Number Deer,House Number,Roadway Interchange,Roadway Ramp,Roadway Id,Intersecting Road,Interchange,Feet From,Direction,Latitude,Longitude,Roadway Class,Hit and Run?,Locality,School Zone?,Rumble Strips?,Construction?,Construction Type,Light Condition,Weather Conditions,Surface Condition,Type of Median,Roadway Junction Type,Road Character,Roadway Surface,Primary Factor,Manner of Collision,Unique Location Id,Traffic Control
1608,MONROE SD,BLOOMINGTON,2022-06-16T00:00:00,3:08 PM,2,,0,0,0,"","","",STATE RD 46,E KINGS RD,"",0,"",39.16657593,-86.45515533,STATE ROAD,"",RURAL,N,N,N,"",DAYLIGHT,CLEAR,DRY,"",Y-INTERSECTION,"",ASPHALT,FOLLOWING TOO CLOSELY,REAR END,STATERD46EKINGSRD,""
1609,BLOOMINGTON PD,BLOOMINGTON,2022-08-16T00:00:00,12:48 PM,2,,0,0,0,"","","",E 7TH ST,N WASHINGTON ST,"",0,"",39.16855294,-86.53233083,LOCAL/CITY ROAD,"",URBAN,N,N,N,"",DAYLIGHT,CLEAR,DRY,"",FOUR-WAY INTERSECTION,"",ASPHALT,FAILURE TO YIELD RIGHT OF WAY,LEFT TURN,NWASHINGTONSTE7THST,""
1610,MONROE SD,BLOOMINGTON,2022-09-14T00:00:00,8:24 PM,1,,0,0,0,"","","",STATE RD 46,"","",0,"",39.28113843,-86.68217833,STATE ROAD,"",RURAL,N,N,N,"",DARK (NOT LIGHTED),CLEAR,DRY,"",T-INTERSECTION,"",ASPHALT,FAILURE TO MAINTAIN LANE,RAN OFF ROAD,STATERD46,""
1611,BLOOMINGTON PD,BLOOMINGTON,2022-09-29T00:00:00,7:41 AM,2,,0,0,0,"","","",N PROW RD,W ARLINGTON RD,"",0,"",39.19255183,-86.55250958,LOCAL/CITY ROAD,"",URBAN,N,N,N,"",DAYLIGHT,CLEAR,DRY,"",T-INTERSECTION,"",ASPHALT,UNSAFE LANE MOVEMENT,SAME DIRECTION SIDESWIPE,WARLINGTONRDNPROWRD,""
1612,MONROE SD,BLOOMINGTON,2022-08-17T00:00:00,8:36 AM,2,,0,0,0,"","","",S OLD STATE ROAD 37,W DILLMAN RD,"",500,"",39.09065846,-86.54410296,STATE ROAD,"",RURAL,N,N,N,"",DAYLIGHT,CLEAR,DRY,"",NO JUNCTION INVOLVED,"",ASPHALT,FOLLOWING TOO CLOSELY,REAR END,WDILLMANRDSOLDSTATEROAD37,""
1613,MONROE SD,BLOOMINGTON,2022-06-24T00:00:00,3:24 PM,2,,0,0,0,"","","",W TAPP RD,"","",0,"",39.13682116,-86.57498698,LOCAL/CITY ROAD,"",RURAL,N,N,N,"",DAYLIGHT,CLEAR,DRY,"",INTERCHANGE,"",ASPHALT,UNSAFE LANE MOVEMENT,OPPOSITE DIRECTION SIDESWIPE,WTAPPRD,""
1614,MONROE SD,BLOOMINGTON,2022-07-23T00:00:00,5:44 PM,1,,0,0,0,"","","",S OLD STATE ROAD 37,"","",0,"",39.12019312,-86.53018359,PRIVATE DRIVE,"",URBAN,N,N,N,"",DAYLIGHT,CLEAR,DRY,"",NO JUNCTION INVOLVED,"",ASPHALT,OTHER (DRIVER) - EXPLAIN IN NARRATIVE,OTHER - EXPLAIN IN NARRATIVE,SOLDSTATEROAD37,""
1615,MONROE SD,BLOOMINGTON,2022-08-21T00:00:00,2:05 PM,2,,0,0,0,100,"","",N CURRY PIKE,"","",0,"",39.167493,-86.582626,PRIVATE DRIVE,"",URBAN,N,N,N,"",DAYLIGHT,CLEAR,DRY,"",NO JUNCTION INVOLVED,"",ASPHALT,UNSAFE BACKING,BACKING CRASH,NCURRYPIKE,""
1616,MONROE SD,BLOOMINGTON,2022-07-03T00:00:00,4:04 AM,2,,0,0,0,"","","",STATE RD 46,CENTENNIAL DR,"",0,"",39.20991032,-86.58264993,"","",RURAL,N,N,N,"",DAYLIGHT,CLEAR,DRY,"",FOUR-WAY INTERSECTION,"",ASPHALT,FOLLOWING TOO CLOSELY,REAR END,STATERD46CENTENNIALDR,""
1617,MONROE SD,BLOOMINGTON,2022-06-30T00:00:00,3:22 AM,3,,0,0,0,"","","",N HARTSTRAIT RD,SEKIU CT,"",0,"",39.2023782,-86.61129481,COUNTY ROAD,"",RURAL,N,N,N,"",DAYLIGHT,CLEAR,DRY,"",T-INTERSECTION,"",ASPHALT,FOLLOWING TOO CLOSELY,REAR END,SEKIUCTNHARTSTRAITRD,""
1618,BLOOMINGTON PD,BLOOMINGTON,2022-08-09T00:00:00,12:00 AM,2,,0,0,0,"","","",S HENDERSON ST,S BRANDON CT,"",0,"",39.1371158,-86.52634252,PRIVATE DRIVE,"",RURAL,N,N,N,"",DAYLIGHT,CLOUDY,DRY,"",NO JUNCTION INVOLVED,"",ASPHALT,OTHER (DRIVER) - EXPLAIN IN NARRATIVE,OTHER - EXPLAIN IN NARRATIVE,SHENDERSONSTSBRANDONCT,""
1619,BLOOMINGTON PD,BLOOMINGTON,2022-08-25T00:00:00,11:11 AM,2,,0,0,0,"","","",E 10TH ST,N WOODLAWN AVE,"",0,"",39.17161459,-86.52344743,LOCAL/CITY ROAD,"",URBAN,N,N,N,"",DAYLIGHT,CLEAR,DRY,"",FOUR-WAY INTERSECTION,"",ASPHALT,UNSAFE LANE MOVEMENT,SAME DIRECTION SIDESWIPE,NWOODLAWNAVEE10THST,""
1620,BLOOMINGTON PD,BLOOMINGTON,2022-09-07T00:00:00,5:43 PM,2,,0,0,0,"","","",S PETE ELLIS DR,E 3RD ST,"",370,"",39.16488296,-86.49487442,LOCAL/CITY ROAD,"",URBAN,N,N,N,"",DAYLIGHT,CLEAR,DRY,"",NO JUNCTION INVOLVED,"",ASPHALT,UNSAFE LANE MOVEMENT,SAME DIRECTION SIDESWIPE,SPETEELLISDRE3RDST,""
1621,ELLETTSVILLE PD,ELLETTSVILLE,2022-08-26T00:00:00,9:35 PM,2,,0,0,0,"","","",STATE RD 46,N LAKEVIEW DR,"",581,"",39.22164547,-86.60644349,STATE ROAD,"",RURAL,N,N,N,"",DARK (NOT LIGHTED),CLEAR,DRY,"",NO JUNCTION INVOLVED,"",ASPHALT,FAILURE TO YIELD RIGHT OF WAY,RIGHT ANGLE,STATERD46NLAKEVIEWDR,""
1622,BLOOMINGTON PD,BLOOMINGTON,2022-06-15T00:00:00,4:51 PM,1,,0,1,0,"","","",E MOORES PIKE,S ARBORS LN,"",0,"",39.15032024,-86.49129819,LOCAL/CITY ROAD,"",URBAN,N,N,N,"",DAYLIGHT,CLEAR,DRY,"",NO JUNCTION INVOLVED,"",ASPHALT,OTHER (DRIVER) - EXPLAIN IN NARRATIVE,RAN OFF ROAD,SARBORSLNEMOORESPIKE,""
1623,BLOOMINGTON PD,BLOOMINGTON,2022-08-27T00:00:00,7:56 PM,4,,0,0,0,"","","",N GRANT ST,E 10TH ST,"",0,"",39.17169056,-86.5297789,LOCAL/CITY ROAD,"",URBAN,N,N,N,"",DAWN/DUSK,CLEAR,DRY,"",FOUR-WAY INTERSECTION,"",ASPHALT,DISREGARD SIGNAL/REG SIGN,RIGHT ANGLE,NGRANTSTE10THST,""
1624,BLOOMINGTON PD,BLOOMINGTON,2022-07-27T00:00:00,6:14 PM,1,,0,0,0,"","","",CLEAR CREEK TRAILHEAD NORTH,"","",0,"",39.13637658,-86.56078035,LOCAL/CITY ROAD,"",URBAN,N,N,N,"",DAYLIGHT,CLEAR,DRY,"",T-INTERSECTION,"",ASPHALT,FOLLOWING TOO CLOSELY,RAN OFF ROAD,CLEARCREEKTRAILHEADNORTH,""
1625,BLOOMINGTON PD,BLOOMINGTON,2022-09-11T00:00:00,1:30 PM,2,,1,0,0,"","","",W 1ST ST,S COLLEGE AVE,"",0,"",39.15937795,-86.53499604,LOCAL/CITY ROAD,"",URBAN,N,N,N,"",DAYLIGHT,RAIN,WATER (STANDING OR MOVING),"",FOUR-WAY INTERSECTION,"",ASPHALT,IMPROPER TURNING,SAME DIRECTION SIDESWIPE,W1STSTSCOLLEGEAVE,""
1626,ISP BLOOMINGTON 33,BLOOMINGTON,2022-09-18T00:00:00,1:25 AM,1,,1,0,1,"","","",I-69,"","",0,"",39.16002165,-86.57328648,INTERSTATE,"",URBAN,N,N,N,"",DARK (LIGHTED),CLEAR,DRY,"",NO JUNCTION INVOLVED,"",ASPHALT,ANIMAL/OBJECT IN ROADWAY,SAME DIRECTION SIDESWIPE,I-69,""
1627,MONROE SD,BLOOMINGTON,2022-06-17T00:00:00,1:22 PM,2,,2,0,0,"","","",STATE ROAD 37,S VICTOR PIKE,"",0,"",39.10573077,-86.55127232,STATE ROAD,"",RURAL,N,N,N,"",DAYLIGHT,CLEAR,DRY,"",T-INTERSECTION,"",ASPHALT,OTHER (ENVIRONMENTAL) - EXPLAIN IN NARR,RIGHT ANGLE,STATEROAD37SVICTORPIKE,""
1628,DNR LAW ENFORCEMENT,BLOOMINGTON,2022-09-02T00:00:00,2:30 PM,2,,0,0,0,"","","",PAYNETOWN RD.,"","",1000,"",39.08270663,-86.43449092,OTHER,"",RURAL,N,N,N,"",DAYLIGHT,CLEAR,DRY,"",T-INTERSECTION,"",ASPHALT,UNSAFE BACKING,BACKING CRASH,PAYNETOWNRD.,""
1629,MONROE SD,"",2022-07-14T00:00:00,4:33 AM,2,,0,0,0,"","","",W STATE ROAD 48,S STONE CHASE XING,"",0,"",39.1647284,-86.5952401,"","",URBAN,N,N,N,"",DAYLIGHT,CLEAR,DRY,"",NO JUNCTION INVOLVED,"",ASPHALT,FOLLOWING TOO CLOSELY,REAR END,WSTATEROAD48SSTONECHASEXING,""
1630,BLOOMINGTON PD,BLOOMINGTON,2022-09-15T00:00:00,4:50 PM,2,,0,0,0,"","","",W COUNTRY CLUB DR,S ROCKPORT RD,"",158,"",39.13632539,-86.54839734,LOCAL/CITY ROAD,"",URBAN,N,N,N,"",DAYLIGHT,CLEAR,DRY,"",FOUR-WAY INTERSECTION,"",ASPHALT,FOLLOWING TOO CLOSELY,REAR END,WCOUNTRYCLUBDRSROCKPORTRD,""
1631,MONROE SD,BLOOMINGTON,2022-07-03T00:00:00,4:20 PM,2,,0,0,0,3585,"","",W SR 45,"","",0,"",39.14138454,-86.58036135,PRIVATE DRIVE,"",URBAN,N,N,N,"",DAYLIGHT,CLEAR,DRY,"",NO JUNCTION INVOLVED,"",ASPHALT,UNSAFE BACKING,BACKING CRASH,WSR45,""
1632,BLOOMINGTON PD,BLOOMINGTON,2022-07-12T00:00:00,10:28 AM,2,,0,0,0,114,"","",W GRIMES LN,"","",0,"",39.15328956,-86.53572953,PRIVATE DRIVE,"",URBAN,N,N,N,"",DAYLIGHT,CLEAR,DRY,"",NO JUNCTION INVOLVED,"",GRAVEL,UNSAFE BACKING,BACKING CRASH,WGRIMESLN,""
1633,BLOOMINGTON PD,BLOOMINGTON,2022-08-08T00:00:00,5:50 PM,2,,0,0,0,840,"","",S CORY LANE,"","",0,"",39.15781803,-86.56204454,PRIVATE DRIVE,"",RURAL,N,N,N,"",DARK (LIGHTED),CLEAR,DRY,"",NO JUNCTION INVOLVED,"",ASPHALT,IMPROPER TURNING,LEFT TURN,SCORYLANE,""
1634,MONROE SD,"",2022-06-05T00:00:00,7:00 AM,1,,0,0,1,"","","",E ROGERS RD,S SNODDY RD,"",0,"",39.13579295,-86.49083205,LOCAL/CITY ROAD,"",URBAN,N,N,N,"",DAWN/DUSK,CLOUDY,DRY,"",NO JUNCTION INVOLVED,"",ASPHALT,ANIMAL/OBJECT IN ROADWAY,COLLISION WITH DEER,SSNODDYRDEROGERSRD,""
1635,BLOOMINGTON PD,BLOOMINGTON,2022-07-14T00:00:00,12:10 AM,1,,2,0,0,"","","",E 16TH ST,N WALNUT ST,"",0,"",39.17777046,-86.53348035,LOCAL/CITY ROAD,"",URBAN,N,N,Y,LANE CLOSURE,DARK (NOT LIGHTED),CLOUDY,WET,"",T-INTERSECTION,"",OTHER - EXPLAIN IN NARRATIVE,OTHER (DRIVER) - EXPLAIN IN NARRATIVE,OTHER - EXPLAIN IN NARRATIVE,NWALNUTSTE16THST,""
1636,BLOOMINGTON PD,BLOOMINGTON,2022-06-13T00:00:00,3:20 PM,2,,0,0,0,"","","",E UNIVERSITY ST,S HENDERSON ST,"",0,"",39.16039434,-86.52720399,"","",URBAN,N,N,N,"",DAYLIGHT,CLEAR,DRY,"",T-INTERSECTION,"",ASPHALT,FAILURE TO YIELD RIGHT OF WAY,RIGHT ANGLE,SHENDERSONSTEUNIVERSITYST,""
1637,BLOOMINGTON PD,BLOOMINGTON,2022-08-17T00:00:00,3:51 PM,2,,0,0,0,"","","",N SMITH RD,PRIVATE DR,"",0,"",39.17160418,-86.48152155,LOCAL/CITY ROAD,"",URBAN,N,N,N,"",DAYLIGHT,CLEAR,DRY,"",T-INTERSECTION,"",ASPHALT,FAILURE TO YIELD RIGHT OF WAY,LEFT TURN,PRIVATEDRNSMITHRD,""
1638,BLOOMINGTON PD,BLOOMINGTON,2022-06-11T00:00:00,10:45 AM,2,,0,0,0,2375,"","",S WALNUT ST,"","",0,"",39.13892192,-86.53047721,LOCAL/CITY ROAD,"",URBAN,N,N,N,"",DAYLIGHT,CLEAR,DRY,"",NO JUNCTION INVOLVED,"",ASPHALT,IMPROPER TURNING,OPPOSITE DIRECTION SIDESWIPE,SWALNUTST,""
1639,BLOOMINGTON PD,BLOOMINGTON,2022-06-17T00:00:00,9:30 PM,2,,0,0,0,"","","",E MATTLOCK RD,N DUNN ST,"",0,"",39.18628522,-86.52852354,"","",URBAN,N,N,N,"",DARK (LIGHTED),CLEAR,DRY,"",FOUR-WAY INTERSECTION,"",ASPHALT,UNSAFE SPEED,REAR END,NDUNNSTEMATTLOCKRD,""
1640,MONROE SD,BLOOMINGTON,2022-07-11T00:00:00,12:43 PM,2,,2,0,0,"","","",S FAIRFAX RD,S WALNUT ST PK,"",0,"",,,COUNTY ROAD,"",RURAL,N,N,N,"",DAYLIGHT,CLEAR,DRY,"",NO JUNCTION INVOLVED,"",ASPHALT,FOLLOWING TOO CLOSELY,REAR END,SWALNUTSTPKSFAIRFAXRD,""
1641,MONROE SD,BLOOMINGTON,2022-08-25T00:00:00,5:47 PM,2,,0,0,0,"","","",S ADAMS ST,"","",0,"",39.15435767,-86.55156311,PRIVATE DRIVE,"",RURAL,N,N,N,"",DAYLIGHT,CLEAR,DRY,"",NO JUNCTION INVOLVED,"",ASPHALT,FAILURE TO YIELD RIGHT OF WAY,RIGHT ANGLE,SADAMSST,""
1642,ELLETTSVILLE PD,ELLETTSVILLE,2022-07-26T00:00:00,2:14 PM,2,,0,0,0,"","","",WMAIN ST,N MATHEWS DR,"",0,"",39.23606643,-86.62507571,LOCAL/CITY ROAD,"",RURAL,N,N,N,"",DAYLIGHT,RAIN,WET,"",T-INTERSECTION,"",ASPHALT,DISREGARD SIGNAL/REG SIGN,RIGHT ANGLE,WMAINSTNMATHEWSDR,""
1643,MONROE SD,BLOOMINGTON,2022-08-25T00:00:00,6:22 PM,1,,0,0,0,"","","",S VICTOR PIKE,W BOLIN LN,"",0,"",39.09922307,-86.55813338,LOCAL/CITY ROAD,"",RURAL,N,N,N,"",DAYLIGHT,CLEAR,DRY,"",NO JUNCTION INVOLVED,"",ASPHALT,FAILURE TO MAINTAIN LANE,RAN OFF ROAD,WBOLINLNSVICTORPIKE,""
1644,INDIANA UNIV BLOOMINGTON PD,BLOOMINGTON,2022-08-05T00:00:00,9:55 AM,1,,0,0,0,"","","",N DUNN ST,"","",0,"",39.18399953,-86.5283627,LOCAL/CITY ROAD,"",URBAN,N,N,N,"",DAYLIGHT,CLEAR,DRY,"",T-INTERSECTION,"",ASPHALT,ANIMAL/OBJECT IN ROADWAY,COLLISION WITH OBJECT IN ROAD,NDUNNST,""
1645,BLOOMINGTON PD,BLOOMINGTON,2022-06-29T00:00:00,3:55 PM,2,,0,0,0,"","","",W COUNTRY CLUB DR,S ROCKPORT RD,"",0,"",39.13639104,-86.54823507,LOCAL/CITY ROAD,"",URBAN,N,N,N,"",DAYLIGHT,CLEAR,DRY,"",FOUR-WAY INTERSECTION,"",ASPHALT,FOLLOWING TOO CLOSELY,REAR END,WCOUNTRYCLUBDRSROCKPORTRD,""
1646,MONROE SD,BLOOMINGTON,2022-06-03T00:00:00,7:43 PM,1,,0,0,0,"","","",HANDY RIDGE RD,E PAYNETOWN RD,"",0,"",39.08970702,-86.47721127,LOCAL/CITY ROAD,"",RURAL,N,N,N,"",DAYLIGHT,CLEAR,DRY,"",Y-INTERSECTION,"",ASPHALT,OTHER (DRIVER) - EXPLAIN IN NARRATIVE,RAN OFF ROAD,HANDYRIDGERDEPAYNETOWNRD,""
1647,INDIANA UNIV BLOOMINGTON PD,BLOOMINGTON,2022-07-14T00:00:00,11:45 AM,2,,0,0,0,"","","",E 10TH ST,N UNION ST,"",0,"",39.17158659,-86.50938339,LOCAL/CITY ROAD,"",URBAN,N,N,N,"",DAYLIGHT,CLEAR,DRY,"",FOUR-WAY INTERSECTION,"",ASPHALT,FAILURE TO YIELD RIGHT OF WAY,REAR END,NUNIONSTE10THST,""
1648,BLOOMINGTON PD,BLOOMINGTON,2022-08-27T00:00:00,12:58 PM,2,,0,0,0,2713,"","",E 3RD ST,"","",0,"",39.16466621,-86.49677534,PRIVATE DRIVE,"",URBAN,N,N,N,"",DAYLIGHT,CLEAR,DRY,"",NO JUNCTION INVOLVED,"",ASPHALT,UNSAFE BACKING,BACKING CRASH,E3RDST,""
1649,MONROE SD,BLOOMINGTON,2022-08-23T00:00:00,4:32 AM,2,,0,0,0,"","","",N SMITH PIKE,W JONATHON DR,"",0,"",39.16862129,-86.58301539,COUNTY ROAD,"",RURAL,N,N,N,"",DAYLIGHT,CLEAR,DRY,"",NO JUNCTION INVOLVED,"",ASPHALT,UNSAFE LANE MOVEMENT,SAME DIRECTION SIDESWIPE,WJONATHONDRNSMITHPIKE,""
1650,MONROE SD,BLOOMINGTON,2022-06-04T00:00:00,10:00 AM,2,,1,0,0,"","","","","","",0,"",39.07768968,-86.51135029,"","",RURAL,N,N,N,"",DARK (NOT LIGHTED),CLEAR,DRY,"",NO JUNCTION INVOLVED,"",ASPHALT,FOLLOWING TOO CLOSELY,REAR END,"",""
1651,BLOOMINGTON PD,BLOOMINGTON,2022-08-19T00:00:00,1:44 PM,2,,2,0,0,"","","",E 10TH ST,N DUNN ST,"",0,"",39.17170218,-86.52823177,LOCAL/CITY ROAD,"",URBAN,N,N,N,"",DAYLIGHT,CLEAR,DRY,"",FOUR-WAY INTERSECTION,"",ASPHALT,FOLLOWING TOO CLOSELY,REAR END,NDUNNSTE10THST,""
1652,BLOOMINGTON PD,BLOOMINGTON,2022-07-27T00:00:00,2:54 PM,2,,0,0,0,101,"","",N. CURRY PIKE,"","",0,"",39.16649256,-86.58273376,PRIVATE DRIVE,"",URBAN,N,N,N,"",DAYLIGHT,CLEAR,DRY,"",NO JUNCTION INVOLVED,"",ASPHALT,UNSAFE BACKING,BACKING CRASH,N.CURRYPIKE,""
1653,BLOOMINGTON PD,BLOOMINGTON,2022-09-27T00:00:00,1:54 PM,2,,1,0,0,"","","",S COLLEGE MALL RD,COLLEGE MALL PRIVATE DRIVE,"",0,"",39.16295061,-86.49785703,LOCAL/CITY ROAD,"",URBAN,N,N,N,"",DAYLIGHT,CLEAR,DRY,"",FOUR-WAY INTERSECTION,"",ASPHALT,FOLLOWING TOO CLOSELY,REAR END,SCOLLEGEMALLRDCOLLEGEMALLPRIVATEDRIVE,""
1654,MONROE SD,BLOOMINGTON,2022-06-30T00:00:00,3:36 PM,2,,0,0,0,"","","",N OARD RD,W VERNAL PIKE,"",800,"",39.17777463,-86.63126728,LOCAL/CITY ROAD,"",RURAL,N,N,N,"",DAYLIGHT,CLEAR,DRY,"",NO JUNCTION INVOLVED,"",ASPHALT,FAILURE TO YIELD RIGHT OF WAY,RIGHT ANGLE,WVERNALPIKENOARDRD,""
1655,MONROE SD,BLOOMINGTON,2022-07-29T00:00:00,9:29 AM,2,,0,0,0,"","","",E BETHEL LN,N STIDD RD,"",0,"",,,LOCAL/CITY ROAD,"",RURAL,N,N,N,"",DAYLIGHT,CLEAR,DRY,"",T-INTERSECTION,"",ASPHALT,LEFT OF CENTER,OPPOSITE DIRECTION SIDESWIPE,NSTIDDRDEBETHELLN,""
1656,BLOOMINGTON PD,BLOOMINGTON,2022-06-06T00:00:00,1:50 PM,2,,0,0,0,"","","",W BLOOMFIELD RD,S ANNA LEE LN,"",0,"",39.15805253,-86.55747333,LOCAL/CITY ROAD,"",URBAN,N,N,N,"",DAYLIGHT,CLOUDY,DRY,"",T-INTERSECTION,"",ASPHALT,FOLLOWING TOO CLOSELY,REAR END,WBLOOMFIELDRDSANNALEELN,""
1657,BLOOMINGTON PD,BLOOMINGTON,2022-08-25T00:00:00,8:59 PM,2,,1,0,0,"","","",E 3RD ST,S PETE ELLIS DR,"",0,"",39.16423183,-86.49508886,LOCAL/CITY ROAD,"",URBAN,N,N,N,"",DARK (NOT LIGHTED),CLEAR,DRY,"",T-INTERSECTION,"",ASPHALT,FAILURE TO YIELD RIGHT OF WAY,REAR END,SPETEELLISDRE3RDST,""
1658,INDIANA UNIV BLOOMINGTON PD,BLOOMINGTON,2022-08-28T00:00:00,2:40 PM,2,,0,0,0,1600,"","",E 10TH ST,"","",0,"",39.17188044,-86.51281712,PRIVATE DRIVE,"",URBAN,N,N,N,"",DAYLIGHT,CLEAR,DRY,"",NO JUNCTION INVOLVED,"",ASPHALT,IMPROPER TURNING,SAME DIRECTION SIDESWIPE,E10THST,""
1659,BLOOMINGTON PD,BLOOMINGTON,2022-06-10T00:00:00,6:05 PM,3,,0,0,0,"","","",STATE ROAD 45/46 BYPASS,N WALNUT ST,"",528,"",39.18636266,-86.53332658,STATE ROAD,"",URBAN,N,N,N,"",DAYLIGHT,RAIN,WET,"",NO JUNCTION INVOLVED,"",ASPHALT,FOLLOWING TOO CLOSELY,REAR END,STATEROAD45/46BYPASSNWALNUTST,""
1660,BLOOMINGTON PD,BLOOMINGTON,2022-06-10T00:00:00,1:20 PM,3,,1,0,0,"","","",S COLLEGE MALL RD,E 3RD ST,"",0,"",39.16395451,-86.49818938,LOCAL/CITY ROAD,"",URBAN,N,N,Y,LANE CLOSURE,DAYLIGHT,CLEAR,DRY,"",FOUR-WAY INTERSECTION,"",ASPHALT,DRIVER DISTRACTED - EXPLAIN IN NARRATIVE,REAR END,SCOLLEGEMALLRDE3RDST,""
1661,BLOOMINGTON PD,BLOOMINGTON,2022-07-17T00:00:00,11:50 AM,2,,0,0,0,"","","",S LEONARD SPRINGS RD,W TAPP RD,"",0,"",39.13703366,-86.58260054,LOCAL/CITY ROAD,"",URBAN,N,N,N,"",DAYLIGHT,RAIN,WET,"",T-INTERSECTION,"",ASPHALT,SPEED TOO FAST FOR WEATHER CONDITIONS,REAR END,WTAPPRDSLEONARDSPRINGSRD,""
1662,MONROE SD,BLOOMINGTON,2022-06-09T00:00:00,2:06 PM,2,,0,0,0,"","","",EARL YOUNG RD,E EVERETT ARNOLD DR,"",0,"",39.22429984,-86.4544529,LOCAL/CITY ROAD,"",RURAL,N,N,N,"",DAYLIGHT,CLEAR,DRY,"",T-INTERSECTION,"",ASPHALT,FAILURE TO YIELD RIGHT OF WAY,LEFT/RIGHT TURN,EARLYOUNGRDEEVERETTARNOLDDR,""
1663,BLOOMINGTON PD,BLOOMINGTON,2022-07-19T00:00:00,10:19 AM,2,,0,0,0,"","","",E SARATOGA DR,S PARK RIDGE RD,"",370,"",39.16620514,-86.47631715,LOCAL/CITY ROAD,"",URBAN,N,N,Y,INTERMITTENT OR MOVING WORK,DAYLIGHT,CLEAR,DRY,"",NO JUNCTION INVOLVED,"",ASPHALT,UNSAFE BACKING,BACKING CRASH,SPARKRIDGERDESARATOGADR,""
1664,MONROE SD,BLOOMINGTON,2022-06-25T00:00:00,6:15 PM,2,,0,0,0,"","","",RHORER ROAD,HARRELL ROAD,"",0,"",39.121534,-86.498784,LOCAL/CITY ROAD,"",RURAL,N,N,N,"",DAYLIGHT,CLEAR,DRY,"",T-INTERSECTION,"",ASPHALT,FOLLOWING TOO CLOSELY,REAR END,RHORERROADHARRELLROAD,""
1665,BLOOMINGTON PD,BLOOMINGTON,2022-09-21T00:00:00,9:03 AM,2,,0,0,0,"","","",N ROGERS ST,W 6TH ST,"",264,"",39.16804312,-86.5387167,LOCAL/CITY ROAD,"",URBAN,N,N,N,"",DAYLIGHT,CLEAR,DRY,"",NO JUNCTION INVOLVED,"",ASPHALT,OTHER (DRIVER) - EXPLAIN IN NARRATIVE,SAME DIRECTION SIDESWIPE,W6THSTNROGERSST,""
1666,ELLETTSVILLE PD,ELLETTSVILLE,2022-08-01T00:00:00,12:46 PM,2,,0,0,0,"","","",W MAIN ST,N MATHEWS DR,"",0,"",39.23600781,-86.62504417,LOCAL/CITY ROAD,"",URBAN,N,N,N,"",DAYLIGHT,CLEAR,DRY,"",T-INTERSECTION,"",ASPHALT,DISREGARD SIGNAL/REG SIGN,RIGHT ANGLE,WMAINSTNMATHEWSDR,""
1667,BLOOMINGTON PD,BLOOMINGTON,2022-09-09T00:00:00,5:56 PM,2,,0,0,0,"","","",W KIRKWOOD AVE,S MADISON ST,"",317,"",39.16658942,-86.5367737,LOCAL/CITY ROAD,"",URBAN,N,N,N,"",DAYLIGHT,CLEAR,DRY,"",NO JUNCTION INVOLVED,"",ASPHALT,VIEW OBSTRUCTED,RIGHT ANGLE,WKIRKWOODAVESMADISONST,""
1668,MONROE SD,BLOOMINGTON,2022-08-28T00:00:00,6:25 PM,2,,0,0,0,"","","",S HARMONY ROAD,KOONTZ ROAD,"",500,"",39.079143,-86.630418,LOCAL/CITY ROAD,"",RURAL,N,N,N,"",DAYLIGHT,CLEAR,DRY,"",NO JUNCTION INVOLVED,"",ASPHALT,LEFT OF CENTER,OPPOSITE DIRECTION SIDESWIPE,SHARMONYROADKOONTZROAD,""
1669,INDIANA UNIV BLOOMINGTON PD,BLOOMINGTON,2022-09-09T00:00:00,8:15 PM,1,,1,0,0,"","","",E 10TH ST,"","",0,"",39.17163421,-86.51096932,PRIVATE DRIVE,"",URBAN,N,N,N,"",DARK (NOT LIGHTED),CLEAR,DRY,"",NO JUNCTION INVOLVED,"",ASPHALT,FAILURE TO YIELD RIGHT OF WAY,LEFT TURN,E10THST,""
1670,INDIANA UNIV BLOOMINGTON PD,BLOOMINGTON,2022-08-03T00:00:00,9:27 PM,2,,0,0,0,"","","",E 10TH ST,E 10TH ST,"",0,"",39.17177997,-86.50241166,"","",URBAN,N,N,N,"",DARK (NOT LIGHTED),CLOUDY,DRY,"",FOUR-WAY INTERSECTION,"",ASPHALT,FOLLOWING TOO CLOSELY,REAR END,E10THSTE10THST,""
1671,BLOOMINGTON PD,BLOOMINGTON,2022-09-03T00:00:00,8:00 AM,1,,0,0,1,"","","",E MOORES PIKE,E CAPE COD CT,"",0,"",39.15048716,-86.50681656,"","",URBAN,N,N,N,"",DAWN/DUSK,RAIN,WET,"",NO JUNCTION INVOLVED,"",ASPHALT,ANIMAL/OBJECT IN ROADWAY,COLLISION WITH DEER,EMOORESPIKEECAPECODCT,""
1672,BLOOMINGTON PD,BLOOMINGTON,2022-06-19T00:00:00,10:36 AM,2,,0,0,0,"","","",E 17TH ST,N WALNUT ST,"",0,"",39.17898471,-86.53349108,LOCAL/CITY ROAD,"",URBAN,N,N,N,"",DAYLIGHT,CLEAR,DRY,"",FOUR-WAY INTERSECTION,"",ASPHALT,FOLLOWING TOO CLOSELY,REAR END,NWALNUTSTE17THST,""