_id,Agency,City,Collision Date,Collision Time,Vehicles Involved,Trailers Involved,Number Injured,Number Dead,Number Deer,House Number,Roadway Interchange,Roadway Ramp,Roadway Id,Intersecting Road,Interchange,Feet From,Direction,Latitude,Longitude,Roadway Class,Hit and Run?,Locality,School Zone?,Rumble Strips?,Construction?,Construction Type,Light Condition,Weather Conditions,Surface Condition,Type of Median,Roadway Junction Type,Road Character,Roadway Surface,Primary Factor,Manner of Collision,Unique Location Id,Traffic Control
1673,ISP INDIANAPOLIS 52,BLOOMINGTON,2022-08-22T00:00:00,7:46 AM,2,,1,0,0,"","","",INTERSTATE 69,"","",475,"",39.08520415,-86.57424498,INTERSTATE,"",RURAL,N,N,N,"",DAYLIGHT,CLOUDY,DRY,"",NO JUNCTION INVOLVED,"",ASPHALT,OTHER (DRIVER) - EXPLAIN IN NARRATIVE,REAR END,INTERSTATE69112,""
1674,BLOOMINGTON PD,BLOOMINGTON,2022-09-28T00:00:00,4:45 PM,3,,1,0,0,"","","",S SMITH RD,E HAGAN ST,"",0,"",39.1628829,-86.4807261,LOCAL/CITY ROAD,"",URBAN,N,N,N,"",DAYLIGHT,CLEAR,DRY,"",T-INTERSECTION,"",ASPHALT,FAILURE TO MAINTAIN LANE,OTHER - EXPLAIN IN NARRATIVE,SSMITHRDEHAGANST,""
1675,BLOOMINGTON PD,BLOOMINGTON,2022-08-20T00:00:00,4:39 PM,2,,0,0,0,"","","",E COVENANTER DR,S COLLEGE MALL RD,"",0,"",39.1551806,-86.49771029,LOCAL/CITY ROAD,"",URBAN,N,N,N,"",DAYLIGHT,CLEAR,DRY,"",FOUR-WAY INTERSECTION,"",ASPHALT,UNSAFE LANE MOVEMENT,SAME DIRECTION SIDESWIPE,SCOLLEGEMALLRDECOVENANTERDR,""
1676,ELLETTSVILLE PD,ELLETTSVILLE,2022-07-17T00:00:00,5:52 PM,2,0,0,0,0,"","","",W MCNEELY,N UNION VALLEY,"",,"",,,COUNTY ROAD,N,RURAL,N,N,N,"",DAYLIGHT,RAIN,WET,"",T-INTERSECTION,STRAIGHT/HILLCREST,ASPHALT,SPEED TOO FAST FOR WEATHER CONDITIONS,RIGHT ANGLE,NUNIONVALLEYRDWMCNEELYST,STOP SIGN
1677,ELLETTSVILLE PD,ELLETTSVILLE,2022-06-20T00:00:00,1:17 PM,1,0,1,0,0,"","","",GILMORE,REEVES,"",2000,N,39.231648,-86.671296,LOCAL/CITY ROAD,N,RURAL,N,N,N,"",DAYLIGHT,CLEAR,DRY,"",NO JUNCTION INVOLVED,CURVE/LEVEL,ASPHALT,UNSAFE SPEED,RAN OFF ROAD,GILMORERDREEVESRD,NONE
1678,ELLETTSVILLE PD,ELLETTSVILLE,2022-09-22T00:00:00,11:06 AM,2,0,0,0,0,"","","",SR46W,SALE,"",100,E,39.23365777,-86.62443977,STATE ROAD,N,URBAN,N,N,N,"",DAYLIGHT,CLEAR,DRY,"",NO JUNCTION INVOLVED,STRAIGHT/LEVEL,ASPHALT,IMPROPER TURNING,SAME DIRECTION SIDESWIPE,SALESTSR46W,NONE
1679,BLOOMINGTON PD,BLOOMINGTON,2022-08-15T00:00:00,2:45 AM,2,0,0,0,0,"","","",WALNUT,8TH,"",40,S,39.16944215,-86.53355393,LOCAL/CITY ROAD,N,URBAN,N,N,N,"",DARK (LIGHTED),CLEAR,DRY,"",NO JUNCTION INVOLVED,STRAIGHT/GRADE,ASPHALT,UNSAFE LANE MOVEMENT,REAR END,8THSTWALNUTST,LANE CONTROL
1680,BLOOMINGTON PD,BLOOMINGTON,2022-06-09T00:00:00,4:12 PM,2,,0,0,0,"","","",W 3RD ST,I69 NB EXIT 118 OFF-RAMP,"",0,"",39.16465421,-86.57384224,STATE ROAD,"",URBAN,N,N,N,"",DAYLIGHT,CLOUDY,DRY,"",FOUR-WAY INTERSECTION,"",ASPHALT,DISREGARD SIGNAL/REG SIGN,RIGHT ANGLE,W3RDSTI69NBEXIT118OFF-RAMP,""
1681,BLOOMINGTON PD,BLOOMINGTON,2022-08-27T00:00:00,4:39 AM,2,,1,0,0,"","","",S WALNUT ST,E 1ST ST,"",0,"",39.1593517,-86.53365559,LOCAL/CITY ROAD,"",URBAN,N,N,N,"",DAYLIGHT,CLEAR,DRY,"",FOUR-WAY INTERSECTION,"",ASPHALT,FOLLOWING TOO CLOSELY,REAR END,SWALNUTSTE1STST,""
1682,BLOOMINGTON PD,BLOOMINGTON,2022-07-26T00:00:00,2:44 PM,2,,0,0,0,671,"","",S LANDMARK AVE,"","",0,"",39.15865411,-86.55373014,PRIVATE DRIVE,"",URBAN,N,N,N,"",DAYLIGHT,CLOUDY,DRY,"",NO JUNCTION INVOLVED,"",CONCRETE,UNSAFE BACKING,BACKING CRASH,SLANDMARKAVE,""
1683,BLOOMINGTON PD,BLOOMINGTON,2022-07-26T00:00:00,12:55 PM,2,,0,0,0,"","","",W 3RD ST,W LIBERTY DR,"",500,"",39.16460794,-86.57784055,LOCAL/CITY ROAD,"",URBAN,N,N,N,"",DAYLIGHT,CLOUDY,WET,"",T-INTERSECTION,"",ASPHALT,FAILURE TO YIELD RIGHT OF WAY,RIGHT ANGLE,WLIBERTYDRW3RDST,""
1684,DNR LAW ENFORCEMENT,BLOOMINGTON,2022-08-12T00:00:00,11:25 AM,2,,0,0,0,"","","",STATE RD 446,"","",0,"",39.09153267,-86.42295873,PRIVATE DRIVE,"",RURAL,N,N,N,"",DAYLIGHT,CLEAR,DRY,"",NO JUNCTION INVOLVED,"",ASPHALT,UNSAFE BACKING,BACKING CRASH,STATERD446,""
1685,BLOOMINGTON PD,BLOOMINGTON,2022-06-10T00:00:00,2:50 PM,2,,0,0,0,"","","",W 3RD ST,S WESTPLEX AVE,"",370,"",39.16440395,-86.55303187,LOCAL/CITY ROAD,"",URBAN,N,N,N,"",DAYLIGHT,RAIN,WET,"",NO JUNCTION INVOLVED,"",ASPHALT,FOLLOWING TOO CLOSELY,REAR END,W3RDSTSWESTPLEXAVE,""
1686,BLOOMINGTON PD,BLOOMINGTON,2022-06-03T00:00:00,3:41 PM,2,,0,0,0,"","","",S WASHINGTON ST,E DODDS ST,"",0,"",39.15737173,-86.5324182,LOCAL/CITY ROAD,"",URBAN,N,N,N,"",DAYLIGHT,CLEAR,DRY,"",FOUR-WAY INTERSECTION,"",ASPHALT,DISREGARD SIGNAL/REG SIGN,RIGHT TURN,SWASHINGTONSTEDODDSST,""
1687,MONROE SD,BLOOMINGTON,2022-09-18T00:00:00,9:41 PM,1,,0,0,0,"","","",STATE RD 46,"","",0,"",39.1882739,-86.56685776,STATE ROAD,"",RURAL,N,Y,N,"",DARK (NOT LIGHTED),CLEAR,DRY,"",NO JUNCTION INVOLVED,"",ASPHALT,UNSAFE SPEED,RAN OFF ROAD,STATERD46,""
1688,BLOOMINGTON PD,BLOOMINGTON,2022-09-12T00:00:00,12:15 PM,2,,0,0,0,"","","",300 BLK W. COUNTRY CLUB DR,S. MADISON ST,"",1000,"",0,0,LOCAL/CITY ROAD,"",URBAN,N,N,N,"",DAYLIGHT,CLEAR,DRY,"",NO JUNCTION INVOLVED,"",ASPHALT,FOLLOWING TOO CLOSELY,REAR END,S.MADISONST300BLKW.COUNTRYCLUBDR,""
1689,MONROE SD,BLOOMINGTON,2022-09-30T00:00:00,1:10 PM,3,,1,0,0,"","","",S CURRY PIKE,W DOYLE AVE,"",0,"",39.1580385,-86.58263644,LOCAL/CITY ROAD,"",URBAN,N,N,N,"",DAYLIGHT,CLEAR,DRY,"",FOUR-WAY INTERSECTION,"",ASPHALT,FOLLOWING TOO CLOSELY,REAR END,WDOYLEAVESCURRYPIKE,""
1690,BLOOMINGTON PD,BLOOMINGTON,2022-09-20T00:00:00,10:25 AM,2,,0,0,0,"","","",411 S. WOODSCREST DRIVE,"","",0,"",0,0,PRIVATE DRIVE,"",URBAN,N,N,N,"",DAYLIGHT,CLEAR,DRY,"",NO JUNCTION INVOLVED,"",ASPHALT,UNSAFE BACKING,BACKING CRASH,411S.WOODSCRESTDRIVE,""
1691,BLOOMINGTON PD,BLOOMINGTON,2022-08-07T00:00:00,5:08 AM,1,,1,0,0,"","","",SARE RD,WINSLOW RD,"",0,"",,,LOCAL/CITY ROAD,"",URBAN,N,N,N,"",DARK (LIGHTED),CLOUDY,DRY,"",TRAFFIC CIRCLE/ROUNDABOUT,"",ASPHALT,FAILURE TO MAINTAIN LANE,RAN OFF ROAD,WINSLOWRDSARERD,""
1692,BLOOMINGTON PD,BLOOMINGTON,2022-07-04T00:00:00,10:00 PM,1,,1,0,0,"","","",3RD ST,HIGH ST,"",0,"",39.16427558,-86.50848189,"","",URBAN,N,N,N,"",DARK (LIGHTED),CLEAR,DRY,"",T-INTERSECTION,"",ASPHALT,DRIVER DISTRACTED - EXPLAIN IN NARRATIVE,RAN OFF ROAD,3RDSTHIGHST,""
1693,INDIANA UNIV BLOOMINGTON PD,BLOOMINGTON,2022-08-23T00:00:00,1:30 PM,2,,0,0,0,"","","",E 3RD ST,S WOODLAWN AVE,"",317,"",39.16429561,-86.52334954,LOCAL/CITY ROAD,"",URBAN,N,N,N,"",DAYLIGHT,CLEAR,DRY,"",T-INTERSECTION,"",ASPHALT,FOLLOWING TOO CLOSELY,REAR END,SWOODLAWNAVEE3RDST,""
1694,BLOOMINGTON PD,BLOOMINGTON,2022-07-07T00:00:00,11:00 PM,1,,0,0,0,"","","",1421 N WILLIS DR,"","",0,"",39.18252992,-86.54533553,PRIVATE DRIVE,"",URBAN,N,N,N,"",DARK (LIGHTED),CLEAR,WET,"",NO JUNCTION INVOLVED,"",ASPHALT,OTHER (DRIVER) - EXPLAIN IN NARRATIVE,BACKING CRASH,1421NWILLISDR,""
1695,BLOOMINGTON PD,BLOOMINGTON,2022-09-21T00:00:00,1:00 PM,4,,1,0,0,"","","",S COLLEGE MALL RD,E 2ND ST,"",370,"",39.16027157,-86.49772636,LOCAL/CITY ROAD,"",URBAN,N,N,N,"",DAYLIGHT,CLEAR,DRY,"",NO JUNCTION INVOLVED,"",ASPHALT,FOLLOWING TOO CLOSELY,REAR END,SCOLLEGEMALLRDE2NDST,""
1696,INDIANA UNIV BLOOMINGTON PD,BLOOMINGTON,2022-09-28T00:00:00,9:30 AM,2,,0,0,0,"","","",STATE RD 46,E 10TH ST,"",0,"",39.17092533,-86.50199122,STATE ROAD,"",URBAN,N,N,N,"",DAYLIGHT,CLEAR,DRY,"",FOUR-WAY INTERSECTION,"",ASPHALT,FOLLOWING TOO CLOSELY,REAR END,STATERD46E10THST,""
1697,INDIANA UNIV BLOOMINGTON PD,BLOOMINGTON,2022-08-23T00:00:00,6:44 PM,2,,0,0,0,"","","",N UNION ST,"","",0,"",39.17392761,-86.51064123,PRIVATE DRIVE,"",URBAN,N,N,N,"",DAYLIGHT,CLEAR,DRY,"",NO JUNCTION INVOLVED,"",ASPHALT,UNSAFE BACKING,BACKING CRASH,NUNIONST,""
1698,MONROE SD,BLOOMINGTON,2022-08-03T00:00:00,12:50 PM,2,,0,0,0,"","","",S SR 37,S VICTOR PIKE,"",0,"",39.1055865,-86.551363,STATE ROAD,"",RURAL,N,Y,N,"",DAYLIGHT,CLEAR,DRY,"",T-INTERSECTION,"",ASPHALT,DISREGARD SIGNAL/REG SIGN,RIGHT ANGLE,SVICTORPIKESSR37,""
1699,BLOOMINGTON PD,BLOOMINGTON,2022-08-25T00:00:00,6:59 PM,1,,1,0,0,"","","",S SMITH RD,S FENBROOK LN,"",0,"",39.15446814,-86.48061507,LOCAL/CITY ROAD,"",URBAN,N,N,N,"",DAYLIGHT,CLEAR,DRY,"",NO JUNCTION INVOLVED,"",ASPHALT,DRIVER ASLEEP OR FATIGUED,RAN OFF ROAD,SSMITHRDSFENBROOKLN,""
1700,BLOOMINGTON PD,BLOOMINGTON,2022-08-17T00:00:00,4:03 PM,2,,0,0,0,"","","",E ROGERS RD,S SARE RD,"",0,"",39.13595076,-86.49668429,LOCAL/CITY ROAD,"",URBAN,N,N,N,"",DAYLIGHT,CLEAR,DRY,"",TRAFFIC CIRCLE/ROUNDABOUT,"",ASPHALT,FAILURE TO YIELD RIGHT OF WAY,SAME DIRECTION SIDESWIPE,SSARERDEROGERSRD,""
1701,BLOOMINGTON PD,BLOOMINGTON,2022-08-21T00:00:00,8:00 PM,1,,1,0,0,"","","",S COPPER BEECH WAY,S BASSWOOD DR,"",0,"",39.15665904,-86.57102055,LOCAL/CITY ROAD,"",URBAN,N,N,N,"",DAYLIGHT,CLOUDY,DRY,"",NO JUNCTION INVOLVED,"",ASPHALT,OTHER (DRIVER) - EXPLAIN IN NARRATIVE,RAN OFF ROAD,SCOPPERBEECHWAYSBASSWOODDR,""
1702,BLOOMINGTON PD,BLOOMINGTON,2022-07-14T00:00:00,8:01 AM,1,,0,0,0,"","","","325 E WINSLOW RD BLOOMINGTON, IN","","",0,"",,,PRIVATE DRIVE,"",URBAN,N,N,N,"",DAWN/DUSK,CLEAR,DRY,"",NO JUNCTION INVOLVED,"",ASPHALT,UNSAFE SPEED,RAN OFF ROAD,"325EWINSLOWRDBLOOMINGTON,IN",""
1703,BLOOMINGTON PD,BLOOMINGTON,2022-09-22T00:00:00,1:22 PM,2,,2,0,0,"","","",N GRANT ST,E 8TH ST,"",264,"",39.16900407,-86.52979945,LOCAL/CITY ROAD,"",URBAN,N,N,N,"",DAYLIGHT,CLEAR,DRY,"",NO JUNCTION INVOLVED,"",ASPHALT,FAILURE TO YIELD RIGHT OF WAY,RIGHT ANGLE,NGRANTSTE8THST,""
1704,BLOOMINGTON PD,BLOOMINGTON,2022-09-28T00:00:00,4:32 AM,2,,2,0,0,"","","",S PETE ELLIS DR,LONGVIEW AVE,"",0,"",39.16694777,-86.49492615,LOCAL/CITY ROAD,"",URBAN,N,N,N,"",DARK (LIGHTED),CLEAR,DRY,"",FOUR-WAY INTERSECTION,"",ASPHALT,FOLLOWING TOO CLOSELY,REAR END,SPETEELLISDRLONGVIEWAVE,""
1705,MONROE SD,BLOOMINGTON,2022-08-21T00:00:00,12:29 PM,2,,0,0,0,"","","",W AIRPORT RD,S BUNGER RD,"",0,"",39.13686446,-86.60599656,LOCAL/CITY ROAD,"",RURAL,N,N,N,"",DAYLIGHT,CLEAR,DRY,"",FOUR-WAY INTERSECTION,"",ASPHALT,FAILURE TO YIELD RIGHT OF WAY,LEFT TURN,WAIRPORTRDSBUNGERRD,""
1706,MONROE SD,BLOOMINGTON,2022-08-04T00:00:00,5:57 PM,2,,1,0,0,"","","",E SAMPLE RD,N OLD STATE ROAD 37,"",0,"",39.25863606,-86.50132273,LOCAL/CITY ROAD,"",RURAL,N,N,N,"",DAYLIGHT,CLEAR,DRY,"",T-INTERSECTION,"",ASPHALT,FAILURE TO YIELD RIGHT OF WAY,HEAD ON BETWEEN TWO MOTOR VEHICLES,NOLDSTATEROAD37ESAMPLERD,""
1707,ISP BLOOMINGTON 33,BLOOMINGTON,2022-06-13T00:00:00,10:44 AM,2,,2,0,0,"","","",I-69,"","",1056,"",39.21016059,-86.5540985,INTERSTATE,"",RURAL,N,N,N,"",DAYLIGHT,CLEAR,DRY,"",NO JUNCTION INVOLVED,"",CONCRETE,OTHER (DRIVER) - EXPLAIN IN NARRATIVE,"",I-69121,""
1708,MONROE SD,BLOOMINGTON,2022-07-12T00:00:00,5:09 PM,2,,0,0,0,5100,"","",S VICTOR PIKE,"","",0,"",39.10718919,-86.55128424,PRIVATE DRIVE,"",RURAL,N,N,N,"",DAYLIGHT,CLEAR,DRY,"",NO JUNCTION INVOLVED,"",ASPHALT,OTHER (DRIVER) - EXPLAIN IN NARRATIVE,SAME DIRECTION SIDESWIPE,SVICTORPIKE,""
1709,BLOOMINGTON PD,BLOOMINGTON,2022-07-14T00:00:00,9:04 PM,2,,0,0,0,"","","",N PLYMOUTH RD,E WALPOLE LN,"",370,"",39.17381706,-86.47528715,LOCAL/CITY ROAD,"",URBAN,N,N,N,"",DAYLIGHT,CLEAR,DRY,"",NO JUNCTION INVOLVED,"",ASPHALT,IMPROPER PASSING,SAME DIRECTION SIDESWIPE,NPLYMOUTHRDEWALPOLELN,""
1710,ISP BLOOMINGTON 33,BLOOMINGTON,2022-07-12T00:00:00,6:16 PM,2,,0,0,0,"","","",E RHORER RD,S OLD STATE ROAD 37,"",0,"",39.12098693,-86.53063099,PRIVATE DRIVE,"",URBAN,N,N,N,"",DAYLIGHT,CLEAR,DRY,"",NO JUNCTION INVOLVED,"",ASPHALT,UNSAFE BACKING,BACKING CRASH,SOLDSTATEROAD37ERHORERRD,""
1711,BLOOMINGTON PD,BLOOMINGTON,2022-08-03T00:00:00,6:35 AM,2,,0,0,0,"","","",N MORTON ST,"","",0,"",39.16790025,-86.5361231,PRIVATE DRIVE,"",URBAN,N,N,N,"",UNKNOWN,CLEAR,DRY,"",NO JUNCTION INVOLVED,"",CONCRETE,UNSAFE BACKING,REAR TO REAR,NMORTONST,""
1712,BLOOMINGTON PD,BLOOMINGTON,2022-07-18T00:00:00,7:06 PM,1,,1,0,0,"","","",S OLD STATE ROAD 37,E BURKS DR,"",0,"",39.12662152,-86.53136257,LOCAL/CITY ROAD,"",URBAN,N,N,N,"",DAYLIGHT,CLEAR,DRY,"",T-INTERSECTION,"",ASPHALT,DRIVER ILLNESS,RAN OFF ROAD,SOLDSTATEROAD37EBURKSDR,""
1713,BLOOMINGTON PD,BLOOMINGTON,2022-09-20T00:00:00,2:33 PM,2,,0,0,0,535,"","",S WALNUT ST,"","",0,"",39.15999701,-86.53287725,LOCAL/CITY ROAD,"",URBAN,N,N,N,"",DAYLIGHT,CLEAR,DRY,"",NO JUNCTION INVOLVED,"",ASPHALT,UNSAFE BACKING,BACKING CRASH,SWALNUTST,""
1714,INDIANA UNIV BLOOMINGTON PD,BLOOMINGTON,2022-09-07T00:00:00,11:30 AM,1,,1,0,0,"","","",E 9TH ST,N WOODLAWN AVE,"",0,"",39.17042211,-86.5235079,LOCAL/CITY ROAD,"",URBAN,N,N,N,"",DAYLIGHT,CLEAR,DRY,"",T-INTERSECTION,"",ASPHALT,FAILURE TO YIELD RIGHT OF WAY,RIGHT TURN,NWOODLAWNAVEE9THST,""
1715,ELLETTSVILLE PD,ELLETTSVILLE,2022-08-22T00:00:00,3:20 PM,2,,0,0,0,"","","",N SALE ST,STATE ROAD 46,"",150,"",0,0,LOCAL/CITY ROAD,"",URBAN,N,N,N,"",DAYLIGHT,CLEAR,DRY,"",NO JUNCTION INVOLVED,"",ASPHALT,FOLLOWING TOO CLOSELY,REAR END,STATEROAD46NSALEST,""
1716,BLOOMINGTON PD,BLOOMINGTON,2022-06-10T00:00:00,1:10 PM,2,,0,0,0,"","","",S WALNUT ST,W 2ND ST,"",0,"",39.16138456,-86.53365909,"","",URBAN,N,N,N,"",DAYLIGHT,CLOUDY,DRY,"",FOUR-WAY INTERSECTION,"",ASPHALT,UNSAFE BACKING,BACKING CRASH,W2NDSTSWALNUTST,""
1717,BLOOMINGTON PD,BLOOMINGTON,2022-06-17T00:00:00,8:00 PM,2,,0,0,0,"","","",S ELEMENT WAY,"","",0,"",,,LOCAL/CITY ROAD,"",URBAN,N,N,N,"",UNKNOWN,CLEAR,DRY,"",NO JUNCTION INVOLVED,"",ASPHALT,IMPROPER LANE USAGE,SAME DIRECTION SIDESWIPE,SELEMENTWAY,""
1718,BLOOMINGTON PD,BLOOMINGTON,2022-08-19T00:00:00,12:17 PM,3,,0,0,0,550,"","",S ADAMS ST,"","",0,"",39.16191549,-86.55130927,PRIVATE DRIVE,"",URBAN,N,N,N,"",DAYLIGHT,CLEAR,DRY,"",NO JUNCTION INVOLVED,"",ASPHALT,DRIVER DISTRACTED - EXPLAIN IN NARRATIVE,SAME DIRECTION SIDESWIPE,SADAMSST,""
1719,INDIANA UNIV BLOOMINGTON PD,BLOOMINGTON,2022-09-03T00:00:00,8:00 PM,2,,0,0,0,"","","",STATE RD 45,N DUNN ST,"",475,"",39.18629651,-86.52734078,STATE ROAD,"",URBAN,N,N,N,"",DAWN/DUSK,RAIN,WET,"",NO JUNCTION INVOLVED,"",ASPHALT,FOLLOWING TOO CLOSELY,REAR END,STATERD45NDUNNST,""
1720,INDIANA UNIV BLOOMINGTON PD,BLOOMINGTON,2022-09-17T00:00:00,4:35 PM,2,,0,0,0,"","","",STATE RD 45,N MILO B SAMPSON LN,"",0,"",39.18619656,-86.52406563,STATE ROAD,"",URBAN,N,N,N,"",DAYLIGHT,CLEAR,DRY,"",T-INTERSECTION,"",ASPHALT,FAILURE TO YIELD RIGHT OF WAY,RIGHT ANGLE,STATERD45NMILOBSAMPSONLN,""
1721,ELLETTSVILLE PD,ELLETTSVILLE,2022-08-06T00:00:00,11:09 PM,2,,0,0,0,"","","",STATE RD 46,OUTBACK RD,"",422,"",39.21424827,-86.59161707,STATE ROAD,"",RURAL,N,N,N,"",DARK (NOT LIGHTED),CLEAR,DRY,"",NO JUNCTION INVOLVED,"",ASPHALT,DRIVER FAILED TO DIM LIGHTS,SAME DIRECTION SIDESWIPE,STATERD46OUTBACKRD,""
1722,MONROE SD,BLOOMINGTON,2022-06-22T00:00:00,11:11 PM,1,,0,0,1,"","","",STATE RD 46,"","",0,"",39.15159414,-86.40329119,STATE ROAD,"",RURAL,N,N,N,"",DARK (NOT LIGHTED),CLEAR,DRY,"",NO JUNCTION INVOLVED,"",ASPHALT,ANIMAL/OBJECT IN ROADWAY,COLLISION WITH DEER,STATERD46,""
1723,BLOOMINGTON PD,BLOOMINGTON,2022-08-22T00:00:00,12:46 PM,2,,0,0,0,"","","",N COLLEGE AVE,W 6TH ST,"",317,"",39.16805321,-86.53489924,LOCAL/CITY ROAD,"",URBAN,N,N,N,"",DAYLIGHT,CLEAR,DRY,"",NO JUNCTION INVOLVED,"",ASPHALT,UNSAFE BACKING,BACKING CRASH,W6THSTNCOLLEGEAVE,""
1724,BLOOMINGTON PD,BLOOMINGTON,2022-09-14T00:00:00,3:24 PM,2,,1,0,0,"","","",W ALLEN ST,S ADAMS ST,"",0,"",39.15582667,-86.55053782,LOCAL/CITY ROAD,"",URBAN,N,N,N,"",DAYLIGHT,CLEAR,DRY,"",FOUR-WAY INTERSECTION,"",ASPHALT,DISREGARD SIGNAL/REG SIGN,RIGHT ANGLE,WALLENSTSADAMSST,""
1725,BLOOMINGTON PD,BLOOMINGTON,2022-09-17T00:00:00,12:52 PM,2,,0,0,0,320,"","",N JACOB DR,"","",0,"",39.17043525,-86.57206587,PRIVATE DRIVE,"",URBAN,N,N,N,"",DAYLIGHT,CLEAR,DRY,"",NO JUNCTION INVOLVED,"",ASPHALT,OVERCORRECTING/OVERSTEERING,SAME DIRECTION SIDESWIPE,NJACOBDR,""
1726,ISP BLOOMINGTON 33,BLOOMINGTON,2022-07-30T00:00:00,11:55 AM,2,,1,0,0,"","","",W STATE RD 45,S ISON RD,"",0,"",39.12793094,-86.60646434,STATE ROAD,"",RURAL,N,N,N,"",DAYLIGHT,CLEAR,DRY,"",T-INTERSECTION,"",ASPHALT,FAILURE TO YIELD RIGHT OF WAY,REAR END,WSTATERD45SISONRD,""
1727,BLOOMINGTON PD,BLOOMINGTON,2022-06-01T00:00:00,11:01 AM,3,,1,0,0,"","","",E. 3RD ST,PETE ELLIS DR,"",0,"",39.164236,-86.494902,LOCAL/CITY ROAD,"",URBAN,N,N,Y,LANE CLOSURE,DAYLIGHT,CLOUDY,DRY,"",NO JUNCTION INVOLVED,"",ASPHALT,FOLLOWING TOO CLOSELY,REAR END,PETEELLISDRE.3RDST,""
1728,BLOOMINGTON PD,BLOOMINGTON,2022-08-31T00:00:00,12:50 PM,2,,0,0,0,240,"","",N GATES DR,"","",0,"",39.16794,-86.57466911,PRIVATE DRIVE,"",URBAN,N,N,N,"",DAYLIGHT,CLEAR,DRY,"",NO JUNCTION INVOLVED,"",ASPHALT,UNSAFE BACKING,BACKING CRASH,NGATESDR,""
1729,BLOOMINGTON PD,BLOOMINGTON,2022-08-19T00:00:00,5:30 PM,2,,0,0,0,350,"","",S LANDMARK AVE,"","",0,"",39.16348344,-86.55627938,PRIVATE DRIVE,"",URBAN,N,N,N,"",DAYLIGHT,CLEAR,DRY,"",NO JUNCTION INVOLVED,"",ASPHALT,IMPROPER TURNING,REAR END,SLANDMARKAVE,""
1730,BLOOMINGTON PD,BLOOMINGTON,2022-09-06T00:00:00,7:27 AM,1,,0,0,0,"","","",S WALNUT STREET PIKE,E. ALLENDALE DR,"",300,"",39.1285797,-86.52679003,LOCAL/CITY ROAD,"",URBAN,N,N,N,"",DAWN/DUSK,CLOUDY,WET,"",NO JUNCTION INVOLVED,"",ASPHALT,OTHER (DRIVER) - EXPLAIN IN NARRATIVE,RAN OFF ROAD,SWALNUTSTREETPIKEE.ALLENDALEDR,""
1731,BLOOMINGTON PD,BLOOMINGTON,2022-08-07T00:00:00,10:02 PM,1,,0,0,0,"","","",W MARLENE DR,"","",0,"",,,"","",URBAN,N,N,N,"",UNKNOWN,CLEAR,DRY,"",NO JUNCTION INVOLVED,"",ASPHALT,OTHER (DRIVER) - EXPLAIN IN NARRATIVE,OTHER - EXPLAIN IN NARRATIVE,WMARLENEDR,""
1732,MONROE SD,BLOOMINGTON,2022-07-26T00:00:00,7:24 AM,2,,0,0,0,"","","",W FLUCK MILL,S VICTOR PIKE,"",0,"",,,LOCAL/CITY ROAD,"",RURAL,N,N,N,"",DAYLIGHT,RAIN,WET,"",T-INTERSECTION,"",ASPHALT,IMPROPER LANE USAGE,RIGHT ANGLE,WFLUCKMILLSVICTORPIKE,""
1733,MONROE SD,ELLETTSVILLE,2022-09-23T00:00:00,11:20 PM,1,,0,0,0,"","","",W BRIGHTON RD,W WAMPLER RD,"",0,"",39.33442658,-86.61444944,COUNTY ROAD,"",RURAL,N,N,N,"",DARK (NOT LIGHTED),RAIN,WET,"",T-INTERSECTION,"",ASPHALT,SPEED TOO FAST FOR WEATHER CONDITIONS,RAN OFF ROAD,WWAMPLERRDWBRIGHTONRD,""
1734,BLOOMINGTON PD,BLOOMINGTON,2022-07-25T00:00:00,11:17 AM,2,,0,0,0,"","","",N KINSER PIKE,ST RD 45/46 BYPASS,"",0,"",39.18646335,-86.53775955,LOCAL/CITY ROAD,"",URBAN,N,N,N,"",DAYLIGHT,CLOUDY,DRY,"",FIVE POINT OR MORE,"",ASPHALT,DISREGARD SIGNAL/REG SIGN,RIGHT ANGLE,STRD45/46BYPASSNKINSERPIKE,""
1735,MONROE SD,BLOOMINGTON,2022-09-04T00:00:00,2:15 PM,1,,3,0,0,"","","",S. OLD STATE RD 37,W HOBART DR,"",0,"",39.01373704,-86.54100127,COUNTY ROAD,"",RURAL,N,N,N,"",DAYLIGHT,CLOUDY,DRY,"",T-INTERSECTION,"",ASPHALT,UNSAFE SPEED,RAN OFF ROAD,WHOBARTDRS.OLDSTATERD37,""
1736,BLOOMINGTON PD,BLOOMINGTON,2022-09-25T00:00:00,12:55 PM,3,,0,0,0,"","","",S ROCKPORT RD,W TAPP RD,"",0,"",39.136332,-86.548756,LOCAL/CITY ROAD,"",URBAN,N,N,N,"",DAYLIGHT,CLEAR,DRY,"",FOUR-WAY INTERSECTION,"",ASPHALT,DISREGARD SIGNAL/REG SIGN,RIGHT ANGLE,WTAPPRDSROCKPORTRD,""
1737,BLOOMINGTON PD,BLOOMINGTON,2022-09-17T00:00:00,11:35 AM,2,,0,0,0,"","","",E 3RD ST,S PARK RIDGE RD,"",792,"",39.16427366,-86.47803637,LOCAL/CITY ROAD,"",URBAN,N,N,N,"",DAYLIGHT,CLEAR,DRY,"",NO JUNCTION INVOLVED,"",ASPHALT,FOLLOWING TOO CLOSELY,REAR END,SPARKRIDGERDE3RDST,""