_id,Agency,City,Collision Date,Collision Time,Vehicles Involved,Trailers Involved,Number Injured,Number Dead,Number Deer,House Number,Roadway Interchange,Roadway Ramp,Roadway Id,Intersecting Road,Interchange,Feet From,Direction,Latitude,Longitude,Roadway Class,Hit and Run?,Locality,School Zone?,Rumble Strips?,Construction?,Construction Type,Light Condition,Weather Conditions,Surface Condition,Type of Median,Roadway Junction Type,Road Character,Roadway Surface,Primary Factor,Manner of Collision,Unique Location Id,Traffic Control
1802,BLOOMINGTON PD,BLOOMINGTON,2022-08-19T00:00:00,5:18 PM,2,,1,0,0,"","","",S WALNUT ST,E NORTH DR,"",0,"",39.14415496,-86.531813,LOCAL/CITY ROAD,"",URBAN,N,N,N,"",DAYLIGHT,CLEAR,DRY,"",FOUR-WAY INTERSECTION,"",ASPHALT,FOLLOWING TOO CLOSELY,REAR END,SWALNUTSTENORTHDR,""
1803,BLOOMINGTON PD,BLOOMINGTON,2022-09-29T00:00:00,1:37 PM,2,,0,0,0,"","","",S JORDAN AVE,E SOUTHDOWNS DR,"",100,"",39.15493596,-86.51521857,LOCAL/CITY ROAD,"",URBAN,N,N,N,"",DAYLIGHT,CLEAR,DRY,"",NO JUNCTION INVOLVED,"",ASPHALT,UNSAFE BACKING,BACKING CRASH,SJORDANAVEESOUTHDOWNSDR,""
1804,DNR LAW ENFORCEMENT,BLOOMINGTON,2022-08-07T00:00:00,12:10 PM,2,,0,0,0,"","","",PAYNETOWN RD,"","",0,"",39.08360326,-86.43445044,STATE ROAD,"",RURAL,N,N,N,"",DAYLIGHT,CLEAR,DRY,"",Y-INTERSECTION,"",ASPHALT,FAILURE TO YIELD RIGHT OF WAY,LEFT TURN,PAYNETOWNRD,""
1805,MONROE SD,BLOOMINGTON,2022-07-23T00:00:00,5:00 AM,1,,0,0,0,"","","",N LEE PAUL RD,STATE RD 37,"",0,"",39.28418064,-86.52189719,COUNTY ROAD,"",URBAN,N,N,N,"",UNKNOWN,CLEAR,DRY,"",NO JUNCTION INVOLVED,"",ASPHALT,DRIVER ASLEEP OR FATIGUED,NON-COLLISION,STATERD37NLEEPAULRD,""
1806,BLOOMINGTON PD,BLOOMINGTON,2022-06-26T00:00:00,5:45 PM,2,,2,0,0,"","","",FLEENER AVE,S LEONARD SPRINGS RD,"",0,"",39.13734466,-86.5826819,LOCAL/CITY ROAD,"",URBAN,N,N,N,"",DAYLIGHT,CLEAR,DRY,"",T-INTERSECTION,"",ASPHALT,FAILURE TO YIELD RIGHT OF WAY,RIGHT ANGLE,SLEONARDSPRINGSRDFLEENERAVE,""
1807,BLOOMINGTON PD,BLOOMINGTON,2022-07-25T00:00:00,4:20 AM,2,,0,0,0,"","","",N DUNN ST,E 7TH ST,"",0,"",39.16855475,-86.52825541,LOCAL/CITY ROAD,"",URBAN,N,N,N,"",DAYLIGHT,CLOUDY,DRY,"",FOUR-WAY INTERSECTION,"",ASPHALT,FAILURE TO YIELD RIGHT OF WAY,RIGHT ANGLE,NDUNNSTE7THST,""
1808,BLOOMINGTON PD,BLOOMINGTON,2022-06-22T00:00:00,10:23 AM,1,,0,0,0,"","","",1823 S HIGHLAND AVE,"","",0,"",,,PRIVATE DRIVE,"",URBAN,Y,N,N,"",DAYLIGHT,CLEAR,DRY,"",NO JUNCTION INVOLVED,"",ASPHALT,OTHER (ENVIRONMENTAL) - EXPLAIN IN NARR,NON-COLLISION,1823SHIGHLANDAVE,""
1809,BLOOMINGTON PD,BLOOMINGTON,2022-07-05T00:00:00,2:25 PM,2,,2,0,0,"","","",W 3RD ST,S CURRY PIKE,"",0,"",39.16464236,-86.58294986,LOCAL/CITY ROAD,"",URBAN,N,N,N,"",DAYLIGHT,CLEAR,DRY,"",FOUR-WAY INTERSECTION,"",ASPHALT,FAILURE TO YIELD RIGHT OF WAY,RIGHT ANGLE,W3RDSTSCURRYPIKE,""
1810,BLOOMINGTON PD,BLOOMINGTON,2022-08-05T00:00:00,5:32 PM,1,,0,0,0,"","","",W DUNCAN DR,S ROCKPORT RD,"",1056,"",39.14580419,-86.54225297,LOCAL/CITY ROAD,"",URBAN,N,N,N,"",DAYLIGHT,CLEAR,DRY,"",NO JUNCTION INVOLVED,"",ASPHALT,OTHER (DRIVER) - EXPLAIN IN NARRATIVE,NON-COLLISION,WDUNCANDRSROCKPORTRD,""
1811,BLOOMINGTON PD,BLOOMINGTON,2022-09-12T00:00:00,8:40 AM,2,,0,0,0,"","","",W MARQUIS DR,N CRESCENT RD,"",0,"",39.17787026,-86.55638642,LOCAL/CITY ROAD,"",URBAN,N,N,N,"",DARK (LIGHTED),CLEAR,DRY,"",T-INTERSECTION,"",ASPHALT,UNSAFE LANE MOVEMENT,LEFT/RIGHT TURN,WMARQUISDRNCRESCENTRD,""
1812,BLOOMINGTON PD,BLOOMINGTON,2022-08-30T00:00:00,10:31 AM,2,,0,0,0,3901,"","",N KINSER PK,"","",0,"",39.20152739,-86.55090155,PRIVATE DRIVE,"",URBAN,N,N,N,"",DAYLIGHT,CLEAR,DRY,"",NO JUNCTION INVOLVED,"",ASPHALT,OVERCORRECTING/OVERSTEERING,REAR END,NKINSERPK,""
1813,INDIANA UNIV BLOOMINGTON PD,BLOOMINGTON,2022-06-10T00:00:00,2:10 PM,2,,0,0,0,"","","",STATE RD 46,E EASTGATE LN,"",53,"",39.17013515,-86.50155134,STATE ROAD,"",URBAN,N,N,N,"",DAYLIGHT,RAIN,WET,"",T-INTERSECTION,"",ASPHALT,FOLLOWING TOO CLOSELY,REAR END,STATERD46EEASTGATELN,""
1814,BLOOMINGTON PD,BLOOMINGTON,2022-06-26T00:00:00,12:45 PM,2,,4,0,0,"","","",STATE RD 46,STATE RD 46,"",0,"",39.18653725,-86.53774948,STATE ROAD,"",URBAN,N,N,N,"",DAYLIGHT,CLOUDY,DRY,"",FOUR-WAY INTERSECTION,"",ASPHALT,FAILURE TO YIELD RIGHT OF WAY,RIGHT ANGLE,STATERD46STATERD46,""
1815,MONROE SD,BLOOMINGTON,2022-06-13T00:00:00,5:59 AM,1,,0,0,1,"","","",STATE RD 45,LIMBERLOST LN,"",0,"",39.20862613,-86.46340545,STATE ROAD,"",RURAL,N,N,N,"",DAYLIGHT,CLOUDY,DRY,"",NO JUNCTION INVOLVED,"",ASPHALT,ANIMAL/OBJECT IN ROADWAY,COLLISION WITH DEER,STATERD45LIMBERLOSTLN,""
1816,MONROE SD,BLOOMINGTON,2022-08-09T00:00:00,3:07 PM,2,,0,0,0,"","","",N UNION VALLEY RD,W LOST MANS LN,"",0,"",39.22335752,-86.59270614,LOCAL/CITY ROAD,"",URBAN,N,N,N,"",DAYLIGHT,RAIN,WET,"",T-INTERSECTION,"",ASPHALT,FAILURE TO YIELD RIGHT OF WAY,OPPOSITE DIRECTION SIDESWIPE,WLOSTMANSLNNUNIONVALLEYRD,""
1817,INDIANA UNIV BLOOMINGTON PD,BLOOMINGTON,2022-09-19T00:00:00,2:00 AM,2,,0,0,0,1725,"","",E 3RD ST,"","",0,"",39.16437069,-86.51190466,LOCAL/CITY ROAD,"",URBAN,N,N,N,"",DAYLIGHT,CLEAR,DRY,"",NO JUNCTION INVOLVED,"",ASPHALT,UNSAFE BACKING,BACKING CRASH,E3RDST,""
1818,BLOOMINGTON PD,BLOOMINGTON,2022-08-05T00:00:00,5:00 PM,2,,0,0,0,"","","",1519 S. PIAZZA DR,"","",0,"",0,0,PRIVATE DRIVE,"",URBAN,N,N,N,"",DAYLIGHT,CLEAR,DRY,"",NO JUNCTION INVOLVED,"",ASPHALT,UNDER STEERING/UNDER CORRECTING,OPPOSITE DIRECTION SIDESWIPE,1519S.PIAZZADR,""
1819,MONROE SD,BLOOMINGTON,2022-06-10T00:00:00,11:17 AM,1,,0,0,1,"","","",W ARLINGTON RD,N PROW,"",0,"",39.19446327,-86.55454769,LOCAL/CITY ROAD,"",RURAL,N,N,N,"",DAYLIGHT,CLEAR,DRY,"",NO JUNCTION INVOLVED,"",ASPHALT,ANIMAL/OBJECT IN ROADWAY,COLLISION WITH DEER,WARLINGTONRDNPROW,""
1820,MONROE SD,BLOOMINGTON,2022-06-17T00:00:00,5:28 PM,1,,0,0,0,"","","",E SCHACHT RD,"","",0,"",39.1070965,-86.51079041,LOCAL/CITY ROAD,"",RURAL,N,N,N,"",DAYLIGHT,CLEAR,DRY,"",NO JUNCTION INVOLVED,"",ASPHALT,DRIVER DISTRACTED - EXPLAIN IN NARRATIVE,RAN OFF ROAD,ESCHACHTRD,""
1821,BLOOMINGTON PD,BLOOMINGTON,2022-09-24T00:00:00,10:45 PM,4,,0,0,0,"","","",3380 W RUNKLE WAY,"","",0,"",0,0,PRIVATE DRIVE,"",URBAN,N,N,N,"",DARK (LIGHTED),CLEAR,DRY,"",NO JUNCTION INVOLVED,"",ASPHALT,OTHER (DRIVER) - EXPLAIN IN NARRATIVE,OTHER - EXPLAIN IN NARRATIVE,3380WRUNKLEWAY,""
1822,MONROE SD,BLOOMINGTON,2022-06-30T00:00:00,8:45 AM,2,,0,0,0,"","","",E BETHEL LN,N WESLEY LN,"",0,"",39.21232843,-86.49352681,LOCAL/CITY ROAD,"",RURAL,N,N,N,"",DAYLIGHT,CLEAR,DRY,"",NO JUNCTION INVOLVED,"",ASPHALT,OTHER (ENVIRONMENTAL) - EXPLAIN IN NARR,OPPOSITE DIRECTION SIDESWIPE,NWESLEYLNEBETHELLN,""
1823,INDIANA UNIV BLOOMINGTON PD,BLOOMINGTON,2022-09-15T00:00:00,11:30 AM,2,,0,0,0,"","","",N UNION ST,"","",0,"",39.17300213,-86.50899581,PRIVATE DRIVE,"",URBAN,N,N,N,"",DAYLIGHT,CLEAR,DRY,"",NO JUNCTION INVOLVED,"",ASPHALT,OTHER (DRIVER) - EXPLAIN IN NARRATIVE,OTHER - EXPLAIN IN NARRATIVE,NUNIONST,""
1824,MONROE SD,BLOOMINGTON,2022-06-05T00:00:00,8:40 PM,2,,2,0,0,"","","",W STATE RD 45,W STATE RD 45,"",0,"",39.11487875,-86.63167141,STATE ROAD,"",RURAL,N,N,N,"",DAWN/DUSK,CLEAR,DRY,"",Y-INTERSECTION,"",ASPHALT,LEFT OF CENTER,SAME DIRECTION SIDESWIPE,WSTATERD45WSTATERD45,""
1825,BLOOMINGTON PD,BLOOMINGTON,2022-08-02T00:00:00,11:07 AM,2,,0,0,0,353,"","",S LANDMARK AVE,"","",0,"",39.16366396,-86.55628841,PRIVATE DRIVE,"",URBAN,N,N,N,"",DAYLIGHT,CLOUDY,DRY,"",NO JUNCTION INVOLVED,"",ASPHALT,UNDER STEERING/UNDER CORRECTING,SAME DIRECTION SIDESWIPE,SLANDMARKAVE,""
1826,BLOOMINGTON PD,BLOOMINGTON,2022-06-12T00:00:00,4:30 AM,1,,0,0,0,"","","",W 10TH ST,N MORTON ST,"",0,"",39.17137321,-86.53723396,"","",URBAN,N,N,N,"",DARK (LIGHTED),CLEAR,DRY,"",T-INTERSECTION,"",ASPHALT,UNSAFE SPEED,RAN OFF ROAD,W10THSTNMORTONST,""
1827,ELLETTSVILLE PD,ELLETTSVILLE,2022-06-05T00:00:00,6:15 PM,2,,0,0,0,"","","",STATE HIGH 46,UNIONVALLEY RD,"",0,"",39.2153592,-86.5930113,STATE ROAD,"",URBAN,N,N,N,"",DAYLIGHT,CLEAR,DRY,"",FOUR-WAY INTERSECTION,"",ASPHALT,FOLLOWING TOO CLOSELY,REAR END,UNIONVALLEYRDSTATEHIGH46,""
1828,BLOOMINGTON PD,BLOOMINGTON,2022-06-27T00:00:00,4:59 PM,1,,0,0,0,"","","",S LANDMARK AVE,W 3RD ST,"",0,"",39.16430483,-86.55636139,LOCAL/CITY ROAD,"",URBAN,N,N,N,"",DAYLIGHT,CLEAR,DRY,"",FOUR-WAY INTERSECTION,"",ASPHALT,DISREGARD SIGNAL/REG SIGN,SAME DIRECTION SIDESWIPE,W3RDSTSLANDMARKAVE,""
1829,MONROE SD,BLOOMINGTON,2022-06-01T00:00:00,12:41 PM,2,,1,0,0,"","","",S SARE RD,E RHORER RD,"",0,"",39.12149343,-86.51162759,LOCAL/CITY ROAD,"",RURAL,Y,N,N,"",DAYLIGHT,CLEAR,DRY,"",NO JUNCTION INVOLVED,"",ASPHALT,DRIVER DISTRACTED - EXPLAIN IN NARRATIVE,REAR END,SSARERDERHORERRD,""
1830,ELLETTSVILLE PD,ELLETTSVILLE,2022-07-17T00:00:00,11:42 AM,2,,0,0,0,"","","",W TEMPERANCE ST,N FIFTH ST,"",0,"",39.2334539,-86.62429994,LOCAL/CITY ROAD,"",URBAN,N,N,N,"",DAYLIGHT,CLOUDY,WET,"",T-INTERSECTION,"",ASPHALT,FAILURE TO YIELD RIGHT OF WAY,SAME DIRECTION SIDESWIPE,WTEMPERANCESTNFIFTHST,""
1831,BLOOMINGTON PD,BLOOMINGTON,2022-09-08T00:00:00,3:05 PM,2,,0,0,0,"","","",WALNUT ST.,W COUNTRY CLUB DR,"",0,"",39.13598628,-86.53111707,LOCAL/CITY ROAD,"",URBAN,N,N,N,"",DAYLIGHT,CLEAR,DRY,"",FOUR-WAY INTERSECTION,"",ASPHALT,FOLLOWING TOO CLOSELY,REAR END,WALNUTST.WCOUNTRYCLUBDR,""
1832,MONROE SD,BLOOMINGTON,2022-09-22T00:00:00,5:33 PM,1,,0,0,0,"","","",S.R. 46,N. CURRY PIKE,"",0,"",39.1939048,-86.57125659,STATE ROAD,"",RURAL,N,Y,N,"",DAYLIGHT,CLEAR,DRY,"",FOUR-WAY INTERSECTION,"",ASPHALT,DRIVER DISTRACTED - EXPLAIN IN NARRATIVE,OTHER - EXPLAIN IN NARRATIVE,S.R.46N.CURRYPIKE,""
1833,BLOOMINGTON PD,BLOOMINGTON,2022-09-09T00:00:00,10:57 PM,2,,2,0,0,"","","",W GORDON PIKE,S OLD ST RD 37,"",0,"",39.12145927,-86.53135425,LOCAL/CITY ROAD,"",URBAN,N,N,N,"",DARK (LIGHTED),CLEAR,DRY,"",FOUR-WAY INTERSECTION,"",ASPHALT,DISREGARD SIGNAL/REG SIGN,RIGHT ANGLE,WGORDONPIKESOLDSTRD37,""
1834,BLOOMINGTON PD,BLOOMINGTON,2022-07-12T00:00:00,3:52 PM,2,,0,0,0,"","","",N. GATES DR.,W. ALEXANDER DR.,"",0,"",39.16881242,-86.57636048,LOCAL/CITY ROAD,"",URBAN,N,N,N,"",DAYLIGHT,CLEAR,DRY,"",FOUR-WAY INTERSECTION,"",ASPHALT,FAILURE TO YIELD RIGHT OF WAY,RIGHT TURN,W.ALEXANDERDR.N.GATESDR.,""
1835,BLOOMINGTON PD,BLOOMINGTON,2022-09-01T00:00:00,4:40 PM,1,,1,0,0,"","","",S MORTON ST,W 2ND ST,"",0,"",39.16139545,-86.53628971,"","",URBAN,N,N,N,"",DAYLIGHT,CLEAR,DRY,"",T-INTERSECTION,"",ASPHALT,FAILURE TO YIELD RIGHT OF WAY,OTHER - EXPLAIN IN NARRATIVE,W2NDSTSMORTONST,""
1836,ISP INDIANAPOLIS 52,BLOOMINGTON,2022-09-29T00:00:00,8:40 PM,1,,0,0,0,"","","",S INTERSTATE 69,"","",300,"",39.06850212,-86.67339585,INTERSTATE,"",RURAL,N,N,N,"",DARK (NOT LIGHTED),CLEAR,DRY,"",NO JUNCTION INVOLVED,"",CONCRETE,ANIMAL/OBJECT IN ROADWAY,COLLISION WITH OBJECT IN ROAD,SINTERSTATE69106.5,""
1837,BLOOMINGTON PD,BLOOMINGTON,2022-09-30T00:00:00,9:00 AM,1,,1,0,0,"","","",N WALNUT ST,E 6TH ST,"",317,"",39.16804764,-86.53360481,LOCAL/CITY ROAD,"",URBAN,N,N,N,"",DARK (LIGHTED),CLEAR,DRY,"",NO JUNCTION INVOLVED,"",ASPHALT,UNSAFE BACKING,BACKING CRASH,NWALNUTSTE6THST,""
1838,ELLETTSVILLE PD,ELLETTSVILLE,2022-09-22T00:00:00,7:53 AM,2,0,0,0,0,"","","",SR46W,SMITH,"",200,W,39.21047397,-86.5837645,STATE ROAD,N,URBAN,N,N,N,"",DAYLIGHT,CLEAR,DRY,"",NO JUNCTION INVOLVED,STRAIGHT/LEVEL,ASPHALT,FOLLOWING TOO CLOSELY,REAR END,SMITHPIKESR46W,TRAFFIC CONTROL SIGNAL
1839,ELLETTSVILLE PD,ELLETTSVILLE,2022-08-29T00:00:00,6:05 PM,2,0,0,0,0,4444,"","",WEST STATE ROAD 46,"","",,"",39.215124,-86.591774,OTHER,N,URBAN,N,N,N,"",DAYLIGHT,CLOUDY,DRY,"",NO JUNCTION INVOLVED,NON-ROADWAY CRASH,ASPHALT,UNSAFE BACKING,BACKING CRASH,WESTSTATEROAD46RD,NONE
1840,ELLETTSVILLE PD,ELLETTSVILLE,2022-07-12T00:00:00,12:30 PM,2,0,0,0,0,"","","",SR46W,DEER PARK,"",,"",39.212048,-86.5872,STATE ROAD,N,URBAN,N,N,N,"",DAYLIGHT,CLEAR,DRY,"",NO JUNCTION INVOLVED,STRAIGHT/LEVEL,ASPHALT,IMPROPER TURNING,REAR END,DEERPARKDRSR46W,NONE
1841,BLOOMINGTON PD,BLOOMINGTON,2022-09-01T00:00:00,10:45 PM,2,0,0,0,0,"","","",10TH,DUNN,"",50,W,39.17168441,-86.52843233,LOCAL/CITY ROAD,N,URBAN,N,N,N,"",DARK (LIGHTED),CLEAR,DRY,"",NO JUNCTION INVOLVED,STRAIGHT/GRADE,ASPHALT,FOLLOWING TOO CLOSELY,REAR END,10THSTDUNNST,LANE CONTROL
1842,BLOOMINGTON PD,BLOOMINGTON,2022-09-09T00:00:00,11:00 PM,2,0,0,0,0,415,"","",SOUTH WASHINGTON,"","",,"",39.162057,-86.531965,LOCAL/CITY ROAD,Y,URBAN,N,N,N,"",DARK (NOT LIGHTED),CLEAR,DRY,"",FOUR-WAY INTERSECTION,STRAIGHT/GRADE,GRAVEL,IMPROPER TURNING,LEFT TURN,SOUTHWASHINGTONST,NONE
1843,BLOOMINGTON PD,BLOOMINGTON,2022-09-16T00:00:00,1:44 PM,2,,0,0,0,111,"","",N ROGERS ST,"","",0,"",39.16734296,-86.53876118,LOCAL/CITY ROAD,"",URBAN,N,N,N,"",DAYLIGHT,CLEAR,DRY,"",NO JUNCTION INVOLVED,"",ASPHALT,UNSAFE BACKING,REAR TO REAR,NROGERSST,""
1844,INDIANA UNIV BLOOMINGTON PD,BLOOMINGTON,2022-09-29T00:00:00,11:20 AM,2,,0,0,0,"","","",N PARK AVE,E 9TH ST,"",0,"",39.17044914,-86.52463443,LOCAL/CITY ROAD,"",URBAN,N,N,N,"",DAYLIGHT,CLEAR,DRY,"",FOUR-WAY INTERSECTION,"",OTHER - EXPLAIN IN NARRATIVE,FAILURE TO YIELD RIGHT OF WAY,RIGHT ANGLE,NPARKAVEE9THST,""
1845,MONROE SD,BLOOMINGTON,2022-09-15T00:00:00,5:40 PM,3,,1,0,0,"","","",S OLD STATE ROAD 37,S OLD STATE ROAD 37,"",0,"",39.08531033,-86.54242754,STATE ROAD,"",RURAL,N,N,N,"",DAYLIGHT,CLEAR,DRY,"",FOUR-WAY INTERSECTION,"",ASPHALT,FOLLOWING TOO CLOSELY,REAR END,SOLDSTATEROAD37SOLDSTATEROAD37,""
1846,MONROE SD,BLOOMINGTON,2022-07-26T00:00:00,3:08 PM,1,,1,0,0,"","","",S VICTOR PIKE,"","",0,"",39.0816282,-86.56799502,LOCAL/CITY ROAD,"",RURAL,N,N,N,"",DAYLIGHT,CLEAR,DRY,"",NO JUNCTION INVOLVED,"",ASPHALT,FAILURE TO MAINTAIN LANE,RAN OFF ROAD,SVICTORPIKE,""
1847,BLOOMINGTON PD,BLOOMINGTON,2022-06-29T00:00:00,11:04 AM,2,,2,0,0,"","","",STATE RD 46,N KINSER PIKE,"",0,"",39.18657194,-86.53775401,STATE ROAD,"",URBAN,N,N,N,"",DAYLIGHT,CLEAR,DRY,"",FOUR-WAY INTERSECTION,"",ASPHALT,FAILURE TO YIELD RIGHT OF WAY,LEFT TURN,STATERD46NKINSERPIKE,""
1848,INDIANA UNIV BLOOMINGTON PD,BLOOMINGTON,2022-09-17T00:00:00,3:15 AM,1,,0,0,0,"","","",S DUNN ST,E 3RD ST,"",0,"",39.16420588,-86.52814678,LOCAL/CITY ROAD,"",URBAN,N,N,N,"",DARK (LIGHTED),CLEAR,DRY,"",FOUR-WAY INTERSECTION,"",ASPHALT,FAILURE TO MAINTAIN LANE,RIGHT TURN,SDUNNSTE3RDST,""
1849,BLOOMINGTON PD,BLOOMINGTON,2022-06-10T00:00:00,12:51 PM,2,,0,0,0,"","","",S WALNUT ST,W 3RD ST,"",0,"",39.16462856,-86.53364129,LOCAL/CITY ROAD,"",URBAN,N,N,N,"",DAYLIGHT,RAIN,WET,"",FOUR-WAY INTERSECTION,"",ASPHALT,DISREGARD SIGNAL/REG SIGN,RIGHT ANGLE,W3RDSTSWALNUTST,""
1850,BLOOMINGTON PD,BLOOMINGTON,2022-06-27T00:00:00,5:00 PM,1,,0,0,0,"","","",E 3RD ST,S WALNUT AVE,"",0,"",39.16463901,-86.53375428,LOCAL/CITY ROAD,"",URBAN,N,N,N,"",DAYLIGHT,CLEAR,DRY,"",T-INTERSECTION,"",ASPHALT,FAILURE TO YIELD RIGHT OF WAY,OTHER - EXPLAIN IN NARRATIVE,SWALNUTAVEE3RDST,""
1851,ISP BLOOMINGTON 33,"",2022-06-03T00:00:00,12:20 PM,2,,0,0,0,"","","",N CURRY PIKE,STATE RD 46,"",475,"",39.19332879,-86.57231756,COUNTY ROAD,"",RURAL,N,N,N,"",DAYLIGHT,CLEAR,DRY,"",Y-INTERSECTION,"",ASPHALT,FAILURE TO YIELD RIGHT OF WAY,SAME DIRECTION SIDESWIPE,STATERD46NCURRYPIKE,""
1852,MONROE SD,BLOOMINGTON,2022-06-07T00:00:00,5:57 AM,1,,0,0,1,"","","",E POINTE RD,S POINTE VIEW DR,"",300,"",39.034912,-86.508591,COUNTY ROAD,"",RURAL,N,N,N,"",DAWN/DUSK,CLEAR,DRY,"",NO JUNCTION INVOLVED,"",ASPHALT,ANIMAL/OBJECT IN ROADWAY,COLLISION WITH DEER,SPOINTEVIEWDREPOINTERD,""
1853,BLOOMINGTON PD,BLOOMINGTON,2022-08-23T00:00:00,11:36 AM,2,,0,0,0,"","","",S. SMITH RD,E. MOORES PK,"",0,"",39.150206,-86.480449,LOCAL/CITY ROAD,"",URBAN,N,N,N,"",DAYLIGHT,CLEAR,DRY,"",FOUR-WAY INTERSECTION,"",ASPHALT,DISREGARD SIGNAL/REG SIGN,RIGHT ANGLE,S.SMITHRDE.MOORESPK,""
1854,BLOOMINGTON PD,BLOOMINGTON,2022-09-08T00:00:00,12:58 PM,2,,0,0,0,"","","",E. 3RD ST,S. KINGSTON DR,"",0,"",39.164238,-86.493068,LOCAL/CITY ROAD,"",URBAN,N,N,Y,LANE CLOSURE,DAYLIGHT,CLEAR,DRY,"",FOUR-WAY INTERSECTION,"",ASPHALT,FOLLOWING TOO CLOSELY,REAR END,S.KINGSTONDRE.3RDST,""
1855,BLOOMINGTON PD,BLOOMINGTON,2022-06-01T00:00:00,1:35 PM,2,,0,0,0,"","","",W. COUNTRY CLUB DR,S. ROGERS ST,"",150,"",39.136014,-86.538267,LOCAL/CITY ROAD,"",URBAN,N,N,N,"",DAYLIGHT,CLOUDY,DRY,"",NO JUNCTION INVOLVED,"",ASPHALT,FOLLOWING TOO CLOSELY,REAR END,W.COUNTRYCLUBDRS.ROGERSST,""
1856,MONROE SD,BLOOMINGTON,2022-06-16T00:00:00,7:00 AM,2,,0,0,0,4790,"","",W FLUCK MILL RD,"","",0,"",39.07391823,-86.57054878,PRIVATE DRIVE,"",RURAL,N,N,N,"",DAYLIGHT,CLEAR,DRY,"",NO JUNCTION INVOLVED,"",ASPHALT,OTHER (DRIVER) - EXPLAIN IN NARRATIVE,SAME DIRECTION SIDESWIPE,WFLUCKMILLRD,""
1857,BLOOMINGTON PD,BLOOMINGTON,2022-07-27T00:00:00,4:07 PM,2,,0,0,0,"","","",W 3RD ST,S LIBERTY DR,"",634,"",39.16458447,-86.58054371,STATE ROAD,"",URBAN,N,Y,N,"",DAYLIGHT,CLEAR,DRY,"",NO JUNCTION INVOLVED,"",ASPHALT,FAILURE TO YIELD RIGHT OF WAY,RIGHT ANGLE,W3RDSTSLIBERTYDR,""
1858,BLOOMINGTON PD,BLOOMINGTON,2022-08-30T00:00:00,1:15 PM,2,,0,0,0,"","","",W 17TH ST,N KINSER PIKE,"",300,"",39.17903968,-86.5384809,LOCAL/CITY ROAD,"",URBAN,N,N,N,"",DAYLIGHT,CLEAR,DRY,"",FOUR-WAY INTERSECTION,"",ASPHALT,FAILURE TO YIELD RIGHT OF WAY,RIGHT ANGLE,W17THSTNKINSERPIKE,""
1859,INDIANA UNIV BLOOMINGTON PD,BLOOMINGTON,2022-08-23T00:00:00,5:05 PM,2,,0,0,0,"","","",N UNION ST,E 10TH ST,"",0,"",39.17027239,-86.50884426,PRIVATE DRIVE,"",URBAN,N,N,N,"",DAYLIGHT,CLEAR,DRY,"",NO JUNCTION INVOLVED,"",ASPHALT,UNSAFE BACKING,BACKING CRASH,NUNIONSTE10THST,""
1860,BLOOMINGTON PD,BLOOMINGTON,2022-08-26T00:00:00,7:29 PM,2,,1,0,0,"","","",W 3RD ST,STATE RD 37,"",0,"",39.16466989,-86.57407598,LOCAL/CITY ROAD,"",URBAN,N,N,N,"",DAYLIGHT,CLEAR,DRY,"",RAMP,"",CONCRETE,FAILURE TO YIELD RIGHT OF WAY,SAME DIRECTION SIDESWIPE,W3RDSTSTATERD37,""
1861,BLOOMINGTON PD,BLOOMINGTON,2022-08-30T00:00:00,12:50 PM,2,,0,0,0,"","","",W 7TH ST,N MORTON ST,"",0,"",39.168572,-86.536138,LOCAL/CITY ROAD,"",URBAN,N,N,N,"",DAYLIGHT,CLEAR,DRY,"",FOUR-WAY INTERSECTION,"",ASPHALT,IMPROPER TURNING,OPPOSITE DIRECTION SIDESWIPE,W7THSTNMORTONST,""
1862,BLOOMINGTON PD,BLOOMINGTON,2022-09-16T00:00:00,9:00 AM,1,,0,0,0,"","","",W 7TH ST,B-LINE TRL,"",0,"",39.16861124,-86.5366688,LOCAL/CITY ROAD,"",URBAN,N,N,N,"",DAYLIGHT,CLEAR,DRY,"",FOUR-WAY INTERSECTION,"",ASPHALT,FAILURE TO YIELD RIGHT OF WAY,RIGHT ANGLE,W7THSTB-LINETRL,""
1863,BLOOMINGTON PD,BLOOMINGTON,2022-09-05T00:00:00,12:15 AM,2,,2,0,0,"","","",STATE RD 46,E 3RD ST,"",0,"",39.16428612,-86.49827904,STATE ROAD,"",URBAN,N,N,N,"",DARK (LIGHTED),CLEAR,DRY,"",FOUR-WAY INTERSECTION,"",ASPHALT,DISREGARD SIGNAL/REG SIGN,RIGHT ANGLE,STATERD46E3RDST,""
1864,MONROE SD,BLOOMINGTON,2022-07-05T00:00:00,10:13 AM,2,,0,0,0,3600,"","",N MATTEWS DR,"","",0,"",39.24455645,-86.61803705,PRIVATE DRIVE,"",URBAN,N,N,N,"",DAYLIGHT,CLEAR,DRY,"",NO JUNCTION INVOLVED,"",ASPHALT,UNSAFE BACKING,BACKING CRASH,NMATTEWSDR,""