_id,Agency,City,Collision Date,Collision Time,Vehicles Involved,Trailers Involved,Number Injured,Number Dead,Number Deer,House Number,Roadway Interchange,Roadway Ramp,Roadway Id,Intersecting Road,Interchange,Feet From,Direction,Latitude,Longitude,Roadway Class,Hit and Run?,Locality,School Zone?,Rumble Strips?,Construction?,Construction Type,Light Condition,Weather Conditions,Surface Condition,Type of Median,Roadway Junction Type,Road Character,Roadway Surface,Primary Factor,Manner of Collision,Unique Location Id,Traffic Control
1865,MONROE SD,BLOOMINGTON,2022-09-30T00:00:00,3:56 AM,4,,2,0,0,"","","",S OLD STATE ROAD 37,"","",0,"",39.09758145,-86.54027442,COUNTY ROAD,"",RURAL,N,N,N,"",DAYLIGHT,CLEAR,DRY,"",NO JUNCTION INVOLVED,"",ASPHALT,FOLLOWING TOO CLOSELY,REAR END,SOLDSTATEROAD37,""
1866,BLOOMINGTON PD,BLOOMINGTON,2022-08-24T00:00:00,6:35 PM,2,,0,0,0,"","","",S WALNUT ST,E WINSLOW RD,"",0,"",39.13593556,-86.53117936,LOCAL/CITY ROAD,"",URBAN,N,N,N,"",DAYLIGHT,CLEAR,DRY,"",FOUR-WAY INTERSECTION,"",ASPHALT,FOLLOWING TOO CLOSELY,REAR END,SWALNUTSTEWINSLOWRD,""
1867,BLOOMINGTON PD,BLOOMINGTON,2022-09-21T00:00:00,3:40 PM,2,,0,0,0,"","","",W 3RD ST,S CURRY PIKE,"",0,"",39.16465266,-86.5814558,LOCAL/CITY ROAD,"",URBAN,N,N,N,"",DAYLIGHT,CLEAR,DRY,"",NO JUNCTION INVOLVED,"",ASPHALT,FOLLOWING TOO CLOSELY,REAR END,W3RDSTSCURRYPIKE,""
1868,BLOOMINGTON PD,BLOOMINGTON,2022-09-16T00:00:00,6:14 PM,2,,0,0,0,"","","",E 10TH ST,N PETE ELLIS DR,"",0,"",39.17145606,-86.49530178,LOCAL/CITY ROAD,"",URBAN,N,N,N,"",DAYLIGHT,CLEAR,DRY,"",FOUR-WAY INTERSECTION,"",ASPHALT,FOLLOWING TOO CLOSELY,REAR END,NPETEELLISDRE10THST,""
1869,BLOOMINGTON PD,BLOOMINGTON,2022-07-22T00:00:00,5:25 PM,2,,0,0,0,"",99,C,I-69 SB OFF-RAMP,W BLOOMFIELD RD,"",0,"",39.14702662,-86.57483478,INTERSTATE,"",URBAN,N,N,N,"",DAYLIGHT,CLEAR,DRY,"",RAMP,"",ASPHALT,FOLLOWING TOO CLOSELY,REAR END,WBLOOMFIELDRDI-69SBOFF-RAMP099C,""
1870,BLOOMINGTON PD,BLOOMINGTON,2022-08-06T00:00:00,9:00 PM,2,,1,0,0,"","","",E 3RD ST,S PETE ELLIS DR,"",0,"",39.16420634,-86.49458494,"","",URBAN,N,N,N,"",DARK (LIGHTED),CLEAR,DRY,"",T-INTERSECTION,"",ASPHALT,UNSAFE SPEED,RIGHT ANGLE,SPETEELLISDRE3RDST,""
1871,ISP BLOOMINGTON 33,BLOOMINGTON,2022-08-30T00:00:00,5:20 PM,2,,0,0,1,"","","",STATE RD 446,TOWER RIDGE RD,"",500,"",39.01822677,-86.40204562,STATE ROAD,"",RURAL,N,N,N,"",DAYLIGHT,CLEAR,DRY,"",NO JUNCTION INVOLVED,"",ASPHALT,ANIMAL/OBJECT IN ROADWAY,COLLISION WITH DEER,TOWERRIDGERDSTATERD446,""
1872,ISP BLOOMINGTON 33,BLOOMINGTON,2022-06-11T00:00:00,9:00 AM,2,,0,0,0,"","","",N PACKING HOUSE RD,"","",0,"",39.18077449,-86.56051203,PRIVATE DRIVE,"",RURAL,N,N,N,"",DAYLIGHT,CLEAR,DRY,"",NO JUNCTION INVOLVED,"",ASPHALT,UNSAFE BACKING,BACKING CRASH,NPACKINGHOUSERD,""
1873,BLOOMINGTON PD,BLOOMINGTON,2022-09-19T00:00:00,9:40 AM,2,,1,0,0,"","","",W 3RD ST,W 3RD ST,"",0,"",39.16452873,-86.57331652,LOCAL/CITY ROAD,"",URBAN,N,N,N,"",DAYLIGHT,CLEAR,DRY,"",FOUR-WAY INTERSECTION,"",ASPHALT,FAILURE TO YIELD RIGHT OF WAY,RIGHT ANGLE,W3RDSTW3RDST,""
1874,BLOOMINGTON PD,BLOOMINGTON,2022-08-12T00:00:00,11:26 AM,2,,0,0,0,"","","",W 4TH ST,S COLLEGE AVE,"",100,"",39.16560296,-86.53429621,LOCAL/CITY ROAD,"",URBAN,N,N,N,"",DARK (LIGHTED),CLEAR,DRY,"",NO JUNCTION INVOLVED,"",ASPHALT,OTHER (DRIVER) - EXPLAIN IN NARRATIVE,BACKING CRASH,W4THSTSCOLLEGEAVE,""
1875,BLOOMINGTON PD,BLOOMINGTON,2022-08-19T00:00:00,11:07 AM,3,,1,0,0,"","","",STATE RD 45/46 BYPASS,E. 3RD ST,"",300,"",0,0,STATE ROAD,"",URBAN,N,N,N,"",DAYLIGHT,CLEAR,DRY,"",FOUR-WAY INTERSECTION,"",ASPHALT,FOLLOWING TOO CLOSELY,REAR END,STATERD45/46BYPASSE.3RDST,""
1876,MONROE SD,BLOOMINGTON,2022-09-29T00:00:00,10:46 PM,1,,0,0,0,"","","",I-69,"","",0,"",39.21878354,-86.55173264,STATE ROAD,"",RURAL,N,N,N,"",DARK (NOT LIGHTED),CLEAR,DRY,"",NO JUNCTION INVOLVED,"",ASPHALT,DRIVER ASLEEP OR FATIGUED,RAN OFF ROAD,I-69,""
1877,BLOOMINGTON PD,BLOOMINGTON,2022-07-22T00:00:00,6:07 PM,2,,0,0,0,"","","",S LIBERTY DR,S HICKORY LEAF DR,"",0,"",39.14506087,-86.57774395,STATE ROAD,"",URBAN,N,N,N,"",DAYLIGHT,CLEAR,DRY,"",FOUR-WAY INTERSECTION,"",ASPHALT,FAILURE TO YIELD RIGHT OF WAY,LEFT/RIGHT TURN,SLIBERTYDRSHICKORYLEAFDR,""
1878,MONROE SD,BLOOMINGTON,2022-07-05T00:00:00,9:50 AM,2,,0,0,0,3585,"","",W STATE ROAD 46,"","",0,"",39.20867996,-86.58235529,LOCAL/CITY ROAD,"",URBAN,N,N,N,"",DAYLIGHT,CLEAR,DRY,"",NO JUNCTION INVOLVED,"",ASPHALT,OTHER (DRIVER) - EXPLAIN IN NARRATIVE,BACKING CRASH,WSTATEROAD46,""
1879,MONROE SD,BLOOMINGTON,2022-07-28T00:00:00,7:50 PM,2,,0,0,0,"","","",W VERNAL PIKE,N CURRY PIKE,"",0,"",39.17913843,-86.5830519,LOCAL/CITY ROAD,"",RURAL,N,N,N,"",DAYLIGHT,RAIN,WET,"",FOUR-WAY INTERSECTION,"",ASPHALT,OTHER (DRIVER) - EXPLAIN IN NARRATIVE,REAR END,WVERNALPIKENCURRYPIKE,""
1880,INDIANA UNIV BLOOMINGTON PD,BLOOMINGTON,2022-08-17T00:00:00,1:30 PM,2,,0,0,0,1101,"","",E 17TH STREET,"","",0,"",39.18127594,-86.52007467,PRIVATE DRIVE,"",URBAN,N,N,N,"",DAYLIGHT,CLEAR,DRY,"",NO JUNCTION INVOLVED,"",ASPHALT,IMPROPER TURNING,LEFT/RIGHT TURN,E17THSTREET,""
1881,MONROE SD,BLOOMINGTON,2022-08-17T00:00:00,5:26 PM,2,,0,0,0,"","","",N CURRY PIKE,W VERNAL PIKE,"",0,"",39.17916967,-86.58306536,LOCAL/CITY ROAD,"",RURAL,N,N,N,"",DAYLIGHT,CLEAR,DRY,"",FOUR-WAY INTERSECTION,"",ASPHALT,FAILURE TO YIELD RIGHT OF WAY,RIGHT ANGLE,WVERNALPIKENCURRYPIKE,""
1882,INDIANA UNIV BLOOMINGTON PD,BLOOMINGTON,2022-08-22T00:00:00,2:05 PM,2,,0,0,0,709,"","",N FEE LANE,"","",0,"",39.17329786,-86.51959376,PRIVATE DRIVE,"",URBAN,N,N,N,"",DAYLIGHT,CLEAR,DRY,"",NO JUNCTION INVOLVED,"",CONCRETE,IMPROPER TURNING,RIGHT TURN,NFEELANE,""
1883,ISP BLOOMINGTON 33,BLOOMINGTON,2022-06-29T00:00:00,10:10 AM,2,,2,0,0,"","","",I-69,"","",50,"",39.07260994,-86.66003183,INTERSTATE,"",RURAL,N,N,N,"",DAYLIGHT,CLEAR,DRY,"",NO JUNCTION INVOLVED,"",CONCRETE,DRIVER ASLEEP OR FATIGUED,REAR END,I-69107.2,""
1884,BLOOMINGTON PD,BLOOMINGTON,2022-09-22T00:00:00,11:00 AM,2,,0,0,0,299,"","",E 3RD ST,"","",0,"",39.1645844,-86.53058973,PRIVATE DRIVE,"",URBAN,N,N,N,"",DAYLIGHT,CLEAR,DRY,"",NO JUNCTION INVOLVED,"",ASPHALT,OTHER (DRIVER) - EXPLAIN IN NARRATIVE,SAME DIRECTION SIDESWIPE,E3RDST,""
1885,BLOOMINGTON PD,BLOOMINGTON,2022-06-03T00:00:00,6:13 PM,2,,2,0,0,3890,"","",W 3RD ST,"","",0,"",39.16670969,-86.5819995,PRIVATE DRIVE,"",URBAN,N,N,N,"",DAYLIGHT,CLEAR,DRY,"",T-INTERSECTION,"",ASPHALT,DRIVER DISTRACTED - EXPLAIN IN NARRATIVE,REAR END,W3RDST,""
1886,BLOOMINGTON PD,BLOOMINGTON,2022-08-08T00:00:00,3:42 PM,2,,2,0,0,"","","",W BLOOMFIELD RD,S BASSWOOD DR,"",0,"",39.14877352,-86.57067447,LOCAL/CITY ROAD,"",URBAN,N,N,N,"",DAYLIGHT,CLEAR,DRY,"",T-INTERSECTION,"",ASPHALT,OTHER (DRIVER) - EXPLAIN IN NARRATIVE,REAR END,WBLOOMFIELDRDSBASSWOODDR,""
1887,MONROE SD,BLOOMINGTON,2022-08-10T00:00:00,4:03 AM,2,,0,0,0,"","","",I-69,"","",634,"",39.23752458,-86.53911515,INTERSTATE,"",RURAL,N,N,N,"",DARK (LIGHTED),CLEAR,DRY,"",NO JUNCTION INVOLVED,"",ASPHALT,FOLLOWING TOO CLOSELY,REAR END,I-69,""
1888,BLOOMINGTON PD,BLOOMINGTON,2022-09-26T00:00:00,4:39 PM,2,,0,0,0,"","","",S WALNUT ST,E SMITH AVE,"",0,"",39.16280472,-86.53360999,LOCAL/CITY ROAD,"",URBAN,N,N,N,"",DAYLIGHT,CLEAR,DRY,"",FOUR-WAY INTERSECTION,"",CONCRETE,FAILURE TO YIELD RIGHT OF WAY,RIGHT ANGLE,SWALNUTSTESMITHAVE,""
1889,BLOOMINGTON PD,BLOOMINGTON,2022-07-21T00:00:00,5:30 PM,2,,0,0,0,"","","",S LIBERTY DR,W STATE RD 45,"",0,"",39.14557398,-86.5781588,LOCAL/CITY ROAD,"",URBAN,N,N,N,"",DAYLIGHT,CLEAR,DRY,"",FOUR-WAY INTERSECTION,"",ASPHALT,FAILURE TO MAINTAIN LANE,SAME DIRECTION SIDESWIPE,WSTATERD45SLIBERTYDR,""
1890,DNR LAW ENFORCEMENT,BLOOMINGTON,2022-07-04T00:00:00,11:00 PM,2,,0,0,0,"","","",S FAIRFAX RD,"","",0,"",39.01631706,-86.48281879,"","",RURAL,N,N,N,"",DARK (NOT LIGHTED),CLEAR,DRY,"",NO JUNCTION INVOLVED,"",ASPHALT,UNSAFE BACKING,BACKING CRASH,SFAIRFAXRD,""
1891,BLOOMINGTON PD,BLOOMINGTON,2022-09-29T00:00:00,2:14 PM,2,,0,0,0,"","","",E 3RD ST,S KINGSTON DR,"",211,"",39.16418525,-86.49355031,LOCAL/CITY ROAD,"",URBAN,N,N,N,"",DAYLIGHT,CLOUDY,DRY,"",NO JUNCTION INVOLVED,"",ASPHALT,FAILURE TO YIELD RIGHT OF WAY,RIGHT ANGLE,SKINGSTONDRE3RDST,""
1892,INDIANA UNIV BLOOMINGTON PD,BLOOMINGTON,2022-08-20T00:00:00,9:49 PM,2,,0,0,0,"","","",N KINSER PIKE,STATE RD 46,"",0,"",39.18653795,-86.53724596,STATE ROAD,"",URBAN,N,N,N,"",DARK (LIGHTED),CLEAR,DRY,"",NO JUNCTION INVOLVED,"",ASPHALT,UNSAFE LANE MOVEMENT,SAME DIRECTION SIDESWIPE,STATERD46NKINSERPIKE,""
1893,MONROE SD,BLOOMINGTON,2022-06-21T00:00:00,8:44 AM,2,,0,0,0,"","","",W SR 46,N SMITH PIKE,"",0,"",39.20997944,-86.58278664,STATE ROAD,"",URBAN,N,Y,N,"",DAYLIGHT,CLEAR,DRY,"",FOUR-WAY INTERSECTION,"",ASPHALT,FOLLOWING TOO CLOSELY,REAR END,WSR46NSMITHPIKE,""
1894,BLOOMINGTON PD,BLOOMINGTON,2022-08-01T00:00:00,1:48 PM,2,,0,0,0,"","","",608 S. COLLEGE MALL RD,"","",0,"",,,PRIVATE DRIVE,"",URBAN,N,N,N,"",DAYLIGHT,CLOUDY,DRY,"",NO JUNCTION INVOLVED,"",ASPHALT,UNSAFE BACKING,BACKING CRASH,608S.COLLEGEMALLRD,""
1895,BLOOMINGTON PD,BLOOMINGTON,2022-08-01T00:00:00,11:00 AM,2,,1,0,0,"","","",S. COLLEGE AVE,W. 1ST ST,"",0,"",,,LOCAL/CITY ROAD,"",URBAN,N,N,N,"",DAYLIGHT,CLOUDY,WET,"",FOUR-WAY INTERSECTION,"",ASPHALT,UNSAFE LANE MOVEMENT,SAME DIRECTION SIDESWIPE,W.1STSTS.COLLEGEAVE,""
1896,BLOOMINGTON PD,BLOOMINGTON,2022-08-30T00:00:00,12:10 PM,1,,1,0,0,"","","",BLOOMFIELD RD,S ADAMS ST,"",0,"",39.16037909,-86.5508253,LOCAL/CITY ROAD,"",URBAN,N,N,N,"",DAYLIGHT,CLEAR,DRY,"",FOUR-WAY INTERSECTION,"",ASPHALT,FAILURE TO YIELD RIGHT OF WAY,COLLISION WITH OBJECT IN ROAD,SADAMSSTBLOOMFIELDRD,""
1897,MONROE SD,BLOOMINGTON,2022-09-19T00:00:00,2:49 AM,2,,0,0,0,"","","",W FULLERTON PIKE,JUDD AVE,"",0,"",39.12146432,-86.57391236,"","",URBAN,N,N,N,"",DAYLIGHT,CLEAR,DRY,"",NO JUNCTION INVOLVED,"",ASPHALT,BRAKE FAILURE OR DEFECTIVE,OTHER - EXPLAIN IN NARRATIVE,WFULLERTONPIKEJUDDAVE,""
1898,BLOOMINGTON PD,BLOOMINGTON,2022-08-11T00:00:00,1:43 PM,1,,0,0,0,1300,"","",E HILLSIDE DR,"","",0,"",39.15054556,-86.51743839,PRIVATE DRIVE,"",URBAN,N,N,N,"",DAYLIGHT,CLEAR,DRY,"",NO JUNCTION INVOLVED,"",ASPHALT,OTHER (DRIVER) - EXPLAIN IN NARRATIVE,OTHER - EXPLAIN IN NARRATIVE,EHILLSIDEDR,""
1899,BLOOMINGTON PD,BLOOMINGTON,2022-09-27T00:00:00,7:45 AM,2,,2,0,0,"","","",N MONROE ST,N MONROE ST,"",0,"",39.1868131,-86.54632992,STATE ROAD,"",URBAN,N,N,N,"",DAYLIGHT,CLEAR,DRY,"",T-INTERSECTION,"",ASPHALT,OTHER (ENVIRONMENTAL) - EXPLAIN IN NARR,REAR END,NMONROESTNMONROEST,""
1900,MONROE SD,"",2022-09-15T00:00:00,8:09 AM,2,,0,0,0,"","","",W RATLIFF RD,N HARTSTRAIT RD,"",0,"",39.20909143,-86.61140258,"","",RURAL,N,N,N,"",DAYLIGHT,CLEAR,DRY,"",T-INTERSECTION,"",ASPHALT,FAILURE TO YIELD RIGHT OF WAY,LEFT/RIGHT TURN,WRATLIFFRDNHARTSTRAITRD,""
1901,ELLETTSVILLE PD,ELLETTSVILLE,2022-09-27T00:00:00,1:30 PM,2,,0,0,0,"","","",W TEMPERANCE ST,N MATHEWS DR,"",0,"",39.23483609,-86.62634236,STATE ROAD,"",URBAN,N,N,N,"",DAYLIGHT,CLEAR,DRY,"",T-INTERSECTION,"",ASPHALT,IMPROPER TURNING,LEFT TURN,WTEMPERANCESTNMATHEWSDR,""
1902,MONROE SD,BLOOMINGTON,2022-07-07T00:00:00,5:34 AM,2,,0,0,0,"","","",S FAIRFAX RD,E MOFFETT LN,"",0,"",39.09987171,-86.5178157,COUNTY ROAD,"",RURAL,N,N,N,"",DAYLIGHT,RAIN,WET,"",T-INTERSECTION,"",ASPHALT,FOLLOWING TOO CLOSELY,REAR END,SFAIRFAXRDEMOFFETTLN,""
1903,BLOOMINGTON PD,BLOOMINGTON,2022-07-06T00:00:00,4:58 PM,2,,0,0,0,"","","",W 3RD ST,S LIBERTY DR,"",0,"",39.16456478,-86.58026165,LOCAL/CITY ROAD,"",URBAN,N,N,N,"",DAYLIGHT,CLEAR,DRY,"",NO JUNCTION INVOLVED,"",ASPHALT,FOLLOWING TOO CLOSELY,REAR END,W3RDSTSLIBERTYDR,""
1904,INDIANA UNIV BLOOMINGTON PD,BLOOMINGTON,2022-09-21T00:00:00,8:15 AM,2,,0,0,0,"","","",N JORDAN AVE,"","",0,"",39.16746925,-86.5149892,PRIVATE DRIVE,"",URBAN,N,N,N,"",DAYLIGHT,CLEAR,DRY,"",NO JUNCTION INVOLVED,"",ASPHALT,UNSAFE BACKING,BACKING CRASH,NJORDANAVE,""
1905,MONROE SD,BLOOMINGTON,2022-08-17T00:00:00,4:00 AM,1,,0,0,0,"","","",N BOTTOM RD,N MOUNT PLEASANT RD,"",0,"",39.29515791,-86.57439636,LOCAL/CITY ROAD,"",RURAL,N,N,N,"",DARK (NOT LIGHTED),CLEAR,DRY,"",NO JUNCTION INVOLVED,"",ASPHALT,BRAKE FAILURE OR DEFECTIVE,RAN OFF ROAD,NMOUNTPLEASANTRDNBOTTOMRD,""
1906,MONROE SD,BLOOMINGTON,2022-08-11T00:00:00,8:23 AM,2,,1,0,0,"","","",S ROCKPORT RD,W STANSIFER LN,"",0,"",39.10613397,-86.57663173,COUNTY ROAD,"",RURAL,N,N,N,"",DAYLIGHT,CLEAR,DRY,"",NO JUNCTION INVOLVED,"",ASPHALT,IMPROPER LANE USAGE,HEAD ON BETWEEN TWO MOTOR VEHICLES,WSTANSIFERLNSROCKPORTRD,""
1907,BLOOMINGTON PD,BLOOMINGTON,2022-08-15T00:00:00,5:29 PM,2,,0,0,0,"","","",E 10TH ST,N WOODBRIDGE DR,"",0,"",39.17152657,-86.49098276,LOCAL/CITY ROAD,"",URBAN,N,N,N,"",DAYLIGHT,CLEAR,DRY,"",FOUR-WAY INTERSECTION,"",ASPHALT,FOLLOWING TOO CLOSELY,REAR END,NWOODBRIDGEDRE10THST,""
1908,MONROE SD,BLOOMINGTON,2022-08-24T00:00:00,11:39 PM,1,,1,0,0,"","","",STATE RD 45,N PRAIRIE GREEN CT,"",0,"",39.17946243,-86.47389758,STATE ROAD,"",RURAL,N,N,N,"",DARK (NOT LIGHTED),CLEAR,DRY,"",NO JUNCTION INVOLVED,"",ASPHALT,CELL PHONE USAGE,RAN OFF ROAD,STATERD45NPRAIRIEGREENCT,""
1909,ELLETTSVILLE PD,ELLETTSVILLE,2022-07-21T00:00:00,12:57 PM,2,,0,0,0,"","","",504 W. TEMPERANCE,"","",0,"",,,STATE ROAD,"",URBAN,N,N,N,"",DAYLIGHT,CLEAR,DRY,"",NO JUNCTION INVOLVED,"",ASPHALT,IMPROPER TURNING,SAME DIRECTION SIDESWIPE,504W.TEMPERANCE,""
1910,BLOOMINGTON PD,BLOOMINGTON,2022-08-24T00:00:00,10:00 AM,2,,1,0,0,"","","",W 6TH ST,N ROGERS ST,"",0,"",39.16759541,-86.53868384,"","",URBAN,N,N,N,"",DAYLIGHT,CLEAR,DRY,"",FOUR-WAY INTERSECTION,"",ASPHALT,FAILURE TO YIELD RIGHT OF WAY,RIGHT ANGLE,W6THSTNROGERSST,""
1911,MONROE SD,BLOOMINGTON,2022-06-16T00:00:00,8:21 AM,2,,0,0,0,"","","",SOUTH WALNUT,EAST RHORER RD,"",0,"",,,COUNTY ROAD,"",RURAL,N,N,N,"",DAYLIGHT,CLEAR,DRY,"",FOUR-WAY INTERSECTION,"",ASPHALT,FOLLOWING TOO CLOSELY,REAR END,SOUTHWALNUTEASTRHORERRD,""
1912,BLOOMINGTON PD,BLOOMINGTON,2022-09-08T00:00:00,2:35 PM,2,,0,0,0,"","","",E 3RD ST,S CLARIZZ BLVD,"",0,"",39.16417622,-86.49090604,"","",URBAN,N,N,Y,LANE CLOSURE,DAYLIGHT,CLEAR,DRY,"",FOUR-WAY INTERSECTION,"",ASPHALT,FAILURE TO YIELD RIGHT OF WAY,SAME DIRECTION SIDESWIPE,SCLARIZZBLVDE3RDST,""
1913,MONROE SD,BLOOMINGTON,2022-06-30T00:00:00,5:30 PM,1,,3,0,0,"","","",W REEVES RD,"","",0,"",39.2315601,-86.6617114,LOCAL/CITY ROAD,"",RURAL,N,N,N,"",DAYLIGHT,CLEAR,DRY,"",T-INTERSECTION,"",ASPHALT,OVERCORRECTING/OVERSTEERING,RAN OFF ROAD,WREEVESRD,""
1914,MONROE SD,BLOOMINGTON,2022-07-03T00:00:00,6:10 AM,1,,0,0,0,"","","",I-69,"","",0,"",39.05784361,-86.68127898,INTERSTATE,"",RURAL,N,N,N,"",DAYLIGHT,CLEAR,DRY,"",NO JUNCTION INVOLVED,"",ASPHALT,OTHER (ENVIRONMENTAL) - EXPLAIN IN NARR,RAN OFF ROAD,I-69,""
1915,BLOOMINGTON PD,BLOOMINGTON,2022-07-07T00:00:00,12:38 AM,2,,0,0,0,"","","",N WALNUT ST,W 10TH ST,"",0,"",39.17154178,-86.53358426,LOCAL/CITY ROAD,"",URBAN,N,N,N,"",DARK (LIGHTED),CLEAR,DRY,"",FOUR-WAY INTERSECTION,"",ASPHALT,FAILURE TO MAINTAIN LANE,SAME DIRECTION SIDESWIPE,W10THSTNWALNUTST,""
1916,BLOOMINGTON PD,BLOOMINGTON,2022-08-18T00:00:00,7:56 AM,2,,0,0,0,"","","",W 17TH ST,N KINSER PIKE,"",300,"",39.17906121,-86.53837235,LOCAL/CITY ROAD,"",URBAN,N,N,N,"",DAYLIGHT,CLEAR,DRY,"",NO JUNCTION INVOLVED,"",ASPHALT,FAILURE TO YIELD RIGHT OF WAY,RIGHT ANGLE,W17THSTNKINSERPIKE,""
1917,BLOOMINGTON PD,BLOOMINGTON,2022-07-27T00:00:00,7:51 PM,2,,0,0,0,"","","",N ARLINGTON PARK DR,"","",0,"",39.17986657,-86.55353072,"","",URBAN,N,N,N,"",DAYLIGHT,CLEAR,DRY,"",NO JUNCTION INVOLVED,"",ASPHALT,OTHER (VEHICLE) - EXPLAIN IN NARRATIVE,OTHER - EXPLAIN IN NARRATIVE,NARLINGTONPARKDR,""
1918,BLOOMINGTON PD,BLOOMINGTON,2022-08-18T00:00:00,9:30 PM,2,,0,0,0,"","","",N WALNUT ST,E 17TH ST,"",0,"",39.17895976,-86.53349108,LOCAL/CITY ROAD,"",URBAN,N,N,N,"",DARK (NOT LIGHTED),CLEAR,DRY,"",FOUR-WAY INTERSECTION,"",ASPHALT,FOLLOWING TOO CLOSELY,REAR END,NWALNUTSTE17THST,""
1919,MONROE SD,BLOOMINGTON,2022-06-06T00:00:00,4:59 PM,2,,0,0,0,"","","",S ADAMS ST,W ALLEN ST,"",0,"",39.1558687,-86.55054993,LOCAL/CITY ROAD,"",RURAL,N,N,N,"",DAYLIGHT,RAIN,WET,"",FOUR-WAY INTERSECTION,"",ASPHALT,DISREGARD SIGNAL/REG SIGN,RIGHT ANGLE,WALLENSTSADAMSST,""
1920,BLOOMINGTON PD,BLOOMINGTON,2022-08-19T00:00:00,11:30 PM,2,,0,0,0,"","","",E STRATUM WAY,E STRATUM WAY,"",0,"",39.15635122,-86.49437374,LOCAL/CITY ROAD,"",URBAN,N,N,N,"",DARK (LIGHTED),CLEAR,DRY,"",T-INTERSECTION,"",ASPHALT,IMPROPER TURNING,LEFT TURN,ESTRATUMWAYESTRATUMWAY,""
1921,BLOOMINGTON PD,BLOOMINGTON,2022-06-24T00:00:00,6:08 PM,2,,0,0,0,"","","",N COLLEGE AVE,W 9TH ST,"",106,"",39.17024605,-86.53483576,LOCAL/CITY ROAD,"",URBAN,N,N,N,"",DAYLIGHT,CLOUDY,DRY,"",NO JUNCTION INVOLVED,"",ASPHALT,FAILURE TO YIELD RIGHT OF WAY,SAME DIRECTION SIDESWIPE,W9THSTNCOLLEGEAVE,""
1922,BLOOMINGTON PD,BLOOMINGTON,2022-06-24T00:00:00,2:51 PM,2,,1,0,0,"","","",E 7TH ST,N LINCOLN ST,"",0,"",39.16853812,-86.53104848,LOCAL/CITY ROAD,"",URBAN,N,N,N,"",DAYLIGHT,CLOUDY,DRY,"",FOUR-WAY INTERSECTION,"",ASPHALT,FAILURE TO YIELD RIGHT OF WAY,RIGHT ANGLE,NLINCOLNSTE7THST,""
1923,INDIANA UNIV BLOOMINGTON PD,BLOOMINGTON,2022-09-25T00:00:00,1:30 PM,2,,0,0,0,"","","",E 17TH ST,N INDIANA AVE,"",0,"",39.17900135,-86.52705378,LOCAL/CITY ROAD,"",URBAN,N,N,N,"",DAYLIGHT,CLEAR,DRY,"",T-INTERSECTION,"",ASPHALT,FAILURE TO YIELD RIGHT OF WAY,RIGHT ANGLE,NINDIANAAVEE17THST,""
1924,MONROE SD,BLOOMINGTON,2022-06-02T00:00:00,12:16 PM,1,,0,0,0,"","","",N MT TABOR RD,W ALFRED LN,"",0,"",39.289128,-86.625377,LOCAL/CITY ROAD,"",RURAL,N,N,N,"",DAYLIGHT,CLEAR,DRY,"",NO JUNCTION INVOLVED,"",ASPHALT,DRIVER ASLEEP OR FATIGUED,RAN OFF ROAD,WALFREDLNNMTTABORRD,""
1925,MONROE SD,BLOOMINGTON,2022-08-07T00:00:00,3:39 AM,1,,0,0,1,"","","",S KIRBY RD,S FIELDSTONE BLVD,"",0,"",39.15809074,-86.61045701,COUNTY ROAD,"",RURAL,N,N,N,"",DARK (NOT LIGHTED),CLEAR,DRY,"",T-INTERSECTION,"",ASPHALT,ANIMAL/OBJECT IN ROADWAY,COLLISION WITH DEER,SKIRBYRDSFIELDSTONEBLVD,""
1926,BLOOMINGTON PD,BLOOMINGTON,2022-08-24T00:00:00,7:41 PM,1,,1,0,0,"","","",SB ON-RAMP I-69,W STATE ROAD 45/46 BYPASS,"",0,"",39.1848141,-86.55744667,INTERSTATE,"",URBAN,N,Y,N,"",DAYLIGHT,CLEAR,DRY,"",RAMP,"",ASPHALT,OVERCORRECTING/OVERSTEERING,RAN OFF ROAD,WSTATEROAD45/46BYPASSSBON-RAMPI-69,""
1927,INDIANA UNIV BLOOMINGTON PD,BLOOMINGTON,2022-09-30T00:00:00,5:45 PM,2,,0,0,0,"","","",E UNIVERSITY RD,"","",0,"",39.17666321,-86.51848192,PRIVATE DRIVE,"",URBAN,N,N,N,"",DAYLIGHT,CLEAR,DRY,"",NO JUNCTION INVOLVED,"",ASPHALT,UNSAFE BACKING,BACKING CRASH,EUNIVERSITYRD,""
1928,BLOOMINGTON PD,BLOOMINGTON,2022-06-24T00:00:00,4:36 PM,3,,0,0,0,"","","",E RHORER RD,S SARE RD,"",0,"",39.12148533,-86.51167803,LOCAL/CITY ROAD,"",URBAN,N,N,N,"",DAYLIGHT,CLEAR,DRY,"",T-INTERSECTION,"",ASPHALT,FOLLOWING TOO CLOSELY,REAR END,SSARERDERHORERRD,""
1929,BLOOMINGTON PD,BLOOMINGTON,2022-09-10T00:00:00,9:53 PM,2,,0,0,0,"","","",N WASHINGTON ST,E 10TH ST,"",0,"",39.17164131,-86.53231598,LOCAL/CITY ROAD,"",URBAN,N,N,N,"",DARK (LIGHTED),RAIN,WET,"",FOUR-WAY INTERSECTION,"",ASPHALT,FAILURE TO YIELD RIGHT OF WAY,RIGHT ANGLE,NWASHINGTONSTE10THST,""