_id,Agency,City,Collision Date,Collision Time,Vehicles Involved,Trailers Involved,Number Injured,Number Dead,Number Deer,House Number,Roadway Interchange,Roadway Ramp,Roadway Id,Intersecting Road,Interchange,Feet From,Direction,Latitude,Longitude,Roadway Class,Hit and Run?,Locality,School Zone?,Rumble Strips?,Construction?,Construction Type,Light Condition,Weather Conditions,Surface Condition,Type of Median,Roadway Junction Type,Road Character,Roadway Surface,Primary Factor,Manner of Collision,Unique Location Id,Traffic Control
1930,BLOOMINGTON PD,BLOOMINGTON,2022-06-04T00:00:00,6:17 PM,2,,0,0,0,"","","",S WASHINGTON ST,E DIXIE ST,"",0,"",39.15648664,-86.53244649,LOCAL/CITY ROAD,"",URBAN,N,N,N,"",DAYLIGHT,CLEAR,DRY,"",FOUR-WAY INTERSECTION,"",ASPHALT,FAILURE TO YIELD RIGHT OF WAY,RIGHT ANGLE,SWASHINGTONSTEDIXIEST,""
1931,BLOOMINGTON PD,BLOOMINGTON,2022-06-20T00:00:00,4:20 PM,2,,0,0,0,"","","",S LIBERTY DR,W 3RD ST,"",0,"",39.16460386,-86.5791394,LOCAL/CITY ROAD,"",URBAN,N,N,N,"",DAYLIGHT,CLEAR,DRY,"",FOUR-WAY INTERSECTION,"",ASPHALT,DISREGARD SIGNAL/REG SIGN,LEFT TURN,W3RDSTSLIBERTYDR,""
1932,MONROE SD,"",2022-08-17T00:00:00,12:49 PM,2,,0,0,0,1285,"","",S LIBERTY DR BLOOMINGTON IN,"","",0,"",39.1589058,-86.57515596,PRIVATE DRIVE,"",URBAN,N,N,N,"",DAYLIGHT,CLOUDY,DRY,"",NO JUNCTION INVOLVED,"",ASPHALT,UNSAFE BACKING,RIGHT ANGLE,SLIBERTYDRBLOOMINGTONIN,""
1933,BLOOMINGTON PD,BLOOMINGTON,2022-08-06T00:00:00,1:00 PM,2,,0,0,0,"","","",E 12TH ST,N DUNN ST,"",317,"",39.17438498,-86.52901516,LOCAL/CITY ROAD,"",URBAN,N,N,N,"",UNKNOWN,CLEAR,DRY,"",NO JUNCTION INVOLVED,"",ASPHALT,OTHER (VEHICLE) - EXPLAIN IN NARRATIVE,OTHER - EXPLAIN IN NARRATIVE,NDUNNSTE12THST,""
1934,INDIANA UNIV BLOOMINGTON PD,BLOOMINGTON,2022-08-14T00:00:00,6:00 PM,2,,0,0,0,"","","",E 10TH ST,"","",0,"",39.17182239,-86.51257376,PRIVATE DRIVE,"",URBAN,N,N,N,"",DARK (NOT LIGHTED),CLEAR,DRY,"",NO JUNCTION INVOLVED,"",ASPHALT,OTHER (VEHICLE) - EXPLAIN IN NARRATIVE,OTHER - EXPLAIN IN NARRATIVE,E10THST,""
1935,ISP BLOOMINGTON 33,BLOOMINGTON,2022-08-23T00:00:00,1:30 PM,1,,1,0,0,"","","",I-69,"","",1478,"",39.3361344,-86.51086507,INTERSTATE,"",RURAL,N,Y,N,"",DAYLIGHT,CLEAR,DRY,"",NO JUNCTION INVOLVED,"",CONCRETE,DRIVER ILLNESS,RAN OFF ROAD,I-69,""
1936,BLOOMINGTON PD,BLOOMINGTON,2022-06-17T00:00:00,6:14 AM,2,,2,0,0,"","","",2300 SOUTH WALNUT STREET,"","",0,"",39.13976331,-86.53069494,LOCAL/CITY ROAD,"",URBAN,Y,N,N,"",DAYLIGHT,CLEAR,DRY,"",T-INTERSECTION,"",ASPHALT,FAILURE TO YIELD RIGHT OF WAY,RIGHT ANGLE,2300SOUTHWALNUTSTREET,""
1937,MONROE SD,BLOOMINGTON,2022-06-17T00:00:00,10:10 AM,2,,0,0,0,"","","",STATE RD 46,N STINESVILLE RD,"",0,"",39.26736574,-86.66644396,STATE ROAD,"",RURAL,N,N,N,"",DAYLIGHT,RAIN,WET,"",T-INTERSECTION,"",ASPHALT,FAILURE TO YIELD RIGHT OF WAY,RIGHT ANGLE,STATERD46NSTINESVILLERD,""
1938,BLOOMINGTON PD,BLOOMINGTON,2022-08-27T00:00:00,2:53 PM,2,,0,0,0,"","","",878 E. MILLER DRIVE,"","",0,"",39.14591227,-86.52206444,PRIVATE DRIVE,"",URBAN,N,N,N,"",DAYLIGHT,CLEAR,DRY,"",NO JUNCTION INVOLVED,"",ASPHALT,UNSAFE BACKING,BACKING CRASH,878E.MILLERDRIVE,""
1939,BLOOMINGTON PD,BLOOMINGTON,2022-08-04T00:00:00,7:50 PM,1,,1,0,0,"","","",S WESTPLEX AVE,"","",0,"",39.16533052,-86.55397306,PRIVATE DRIVE,"",URBAN,N,N,N,"",DAYLIGHT,CLOUDY,DRY,"",NO JUNCTION INVOLVED,"",ASPHALT,PEDESTRIAN ACTION,COLLISION WITH OBJECT IN ROAD,SWESTPLEXAVE,""
1940,MONROE SD,BLOOMINGTON,2022-08-15T00:00:00,6:27 AM,1,,0,0,1,"","","",S INTERSTATE 69,"","",0,"",39.08835893,-86.57035508,INTERSTATE,"",RURAL,N,N,N,"",DAWN/DUSK,CLOUDY,DRY,"",NO JUNCTION INVOLVED,"",ASPHALT,ANIMAL/OBJECT IN ROADWAY,COLLISION WITH DEER,SINTERSTATE69,""
1941,MONROE SD,BLOOMINGTON,2022-08-13T00:00:00,8:48 PM,2,,0,0,0,"","","",STATE RD 46,N STINESVILLE RD,"",0,"",39.26686772,-86.66574903,STATE ROAD,"",RURAL,N,N,N,"",DARK (NOT LIGHTED),CLEAR,DRY,"",T-INTERSECTION,"",ASPHALT,FAILURE TO YIELD RIGHT OF WAY,RIGHT ANGLE,STATERD46NSTINESVILLERD,""
1942,INDIANA UNIV BLOOMINGTON PD,BLOOMINGTON,2022-07-13T00:00:00,10:18 AM,2,,0,0,0,"","","",N INDIANA AVE,E 10TH ST,"",0,"",39.17162402,-86.52695722,LOCAL/CITY ROAD,"",URBAN,N,N,N,"",DAYLIGHT,CLEAR,DRY,"",FOUR-WAY INTERSECTION,"",ASPHALT,FAILURE TO YIELD RIGHT OF WAY,REAR END,NINDIANAAVEE10THST,""
1943,INDIANA UNIV BLOOMINGTON PD,BLOOMINGTON,2022-08-22T00:00:00,8:05 PM,2,,1,0,0,"","","",17TH,DAVID BAKER AVE,"",0,"",39.17887625,-86.51100601,LOCAL/CITY ROAD,"",URBAN,N,N,N,"",DARK (LIGHTED),CLEAR,DRY,"",T-INTERSECTION,"",ASPHALT,FAILURE TO YIELD RIGHT OF WAY,RIGHT ANGLE,DAVIDBAKERAVE17TH,""
1944,ISP BLOOMINGTON 33,BLOOMINGTON,2022-06-07T00:00:00,12:00 AM,3,,1,0,0,"","","",STATE RD 46,E 3RD ST,"",0,"",39.16471875,-86.49849481,STATE ROAD,"",URBAN,N,N,Y,LANE CLOSURE,DAYLIGHT,CLOUDY,DRY,"",FOUR-WAY INTERSECTION,"",CONCRETE,UNSAFE SPEED,REAR END,STATERD46E3RDST,""
1945,BLOOMINGTON PD,BLOOMINGTON,2022-06-06T00:00:00,9:09 AM,2,,0,0,0,"","","",S. WALNUT ST,E. WYLIE ST,"",0,"",39.158367,-86.533661,LOCAL/CITY ROAD,"",URBAN,N,N,N,"",DAYLIGHT,CLEAR,DRY,"",NO JUNCTION INVOLVED,"",ASPHALT,UNSAFE BACKING,BACKING CRASH,S.WALNUTSTE.WYLIEST,""
1946,BLOOMINGTON PD,BLOOMINGTON,2022-08-14T00:00:00,7:06 AM,1,,1,0,0,"","","",S WESTPLEX AVE,W 3RD ST,"",0,"",39.16590543,-86.55433063,LOCAL/CITY ROAD,"",URBAN,N,N,N,"",DARK (NOT LIGHTED),RAIN,WET,"",NO JUNCTION INVOLVED,"",ASPHALT,OTHER (DRIVER) - EXPLAIN IN NARRATIVE,OTHER - EXPLAIN IN NARRATIVE,W3RDSTSWESTPLEXAVE,""
1947,BLOOMINGTON PD,BLOOMINGTON,2022-08-13T00:00:00,11:30 PM,2,,0,0,0,"","","",E UNIVERSITY ST,S WOODLAWN AVE,"",0,"",39.16031672,-86.52272781,LOCAL/CITY ROAD,"",URBAN,N,N,N,"",DARK (NOT LIGHTED),CLEAR,DRY,"",T-INTERSECTION,"",ASPHALT,FAILURE TO MAINTAIN LANE,SAME DIRECTION SIDESWIPE,SWOODLAWNAVEEUNIVERSITYST,""
1948,BLOOMINGTON PD,BLOOMINGTON,2022-09-21T00:00:00,8:47 AM,2,,0,0,0,"","","",901 W. MORAVEC WAY,DIAMOND ST,"",1000,"",39.172283,-86.543456,LOCAL/CITY ROAD,"",URBAN,N,N,N,"",DAYLIGHT,CLEAR,DRY,"",NO JUNCTION INVOLVED,"",ASPHALT,UNSAFE BACKING,BACKING CRASH,DIAMONDST901W.MORAVECWAY,""
1949,INDIANA UNIV BLOOMINGTON PD,BLOOMINGTON,2022-06-06T00:00:00,5:00 PM,2,,1,0,0,"","","",STATE RD 45,E 17TH ST,"",0,"",39.17970462,-86.50724575,STATE ROAD,"",URBAN,N,N,N,"",DAYLIGHT,RAIN,WET,"",T-INTERSECTION,"",ASPHALT,SPEED TOO FAST FOR WEATHER CONDITIONS,REAR END,STATERD45E17THST,""
1950,MONROE SD,BLOOMINGTON,2022-07-07T00:00:00,3:44 PM,2,,0,0,0,"","","",STATE RD 46,W ARLINGTON ROAD,"",0,"",39.2076981,-86.57966917,STATE ROAD,"",URBAN,N,N,N,"",DAYLIGHT,RAIN,WET,"",T-INTERSECTION,"",ASPHALT,FOLLOWING TOO CLOSELY,REAR END,WARLINGTONROADSTATERD46,""
1951,ELLETTSVILLE PD,ELLETTSVILLE,2022-09-27T00:00:00,7:29 AM,1,,0,0,1,"","","",N HARTSTRAIT RD,"","",0,"",39.21365811,-86.61131201,COUNTY ROAD,"",URBAN,N,N,N,"",DAYLIGHT,CLEAR,DRY,"",T-INTERSECTION,"",ASPHALT,ANIMAL/OBJECT IN ROADWAY,COLLISION WITH DEER,NHARTSTRAITRD,""
1952,BLOOMINGTON PD,BLOOMINGTON,2022-06-23T00:00:00,8:49 AM,2,,0,0,0,"","","",S WALNUT ST,E HILLSIDE DR,"",0,"",39.15050099,-86.53365153,LOCAL/CITY ROAD,"",URBAN,N,N,N,"",DAYLIGHT,CLEAR,DRY,"",FOUR-WAY INTERSECTION,"",ASPHALT,FAILURE TO YIELD RIGHT OF WAY,RIGHT ANGLE,SWALNUTSTEHILLSIDEDR,""
1953,BLOOMINGTON PD,"",2022-07-31T00:00:00,4:03 PM,2,,0,0,0,"",103,M,STATE RD 46,"","",0,"",39.18714019,-86.55801005,INTERSTATE,"",URBAN,N,N,N,"",DAYLIGHT,CLEAR,DRY,"",RAMP,"",ASPHALT,OVERCORRECTING/OVERSTEERING,SAME DIRECTION SIDESWIPE,STATERD46103M,""
1954,INDIANA UNIV BLOOMINGTON PD,BLOOMINGTON,2022-08-20T00:00:00,2:20 PM,2,,0,0,0,"","","",E UNIVERSITY RD,"","",0,"",39.17664877,-86.51847556,PRIVATE DRIVE,"",URBAN,N,N,N,"",DAYLIGHT,CLEAR,DRY,"",NO JUNCTION INVOLVED,"",ASPHALT,UNSAFE BACKING,BACKING CRASH,EUNIVERSITYRD,""
1955,BLOOMINGTON PD,BLOOMINGTON,2022-07-28T00:00:00,4:56 PM,2,,0,0,0,"","","",S CORY LN,W 3RD ST,"",0,"",39.16440673,-86.5601129,LOCAL/CITY ROAD,"",URBAN,N,N,N,"",DAYLIGHT,CLEAR,DRY,"",INTERCHANGE,"",ASPHALT,FAILURE TO YIELD RIGHT OF WAY,RIGHT ANGLE,W3RDSTSCORYLN,""
1956,INDIANA UNIV BLOOMINGTON PD,BLOOMINGTON,2022-09-14T00:00:00,6:30 PM,2,,1,0,0,"","","",E 17TH ST,STATE RD 45,"",0,"",39.17973478,-86.50732613,STATE ROAD,"",URBAN,N,N,N,"",DAWN/DUSK,CLEAR,DRY,"",T-INTERSECTION,"",ASPHALT,FAILURE TO YIELD RIGHT OF WAY,LEFT TURN,STATERD45E17THST,""
1957,BLOOMINGTON PD,BLOOMINGTON,2022-06-14T00:00:00,3:03 PM,1,,1,0,0,"","","",W BLOOMFIELD RD,W ALLEN ST,"",0,"",39.15615988,-86.56139678,LOCAL/CITY ROAD,"",URBAN,N,N,N,"",DAYLIGHT,CLEAR,DRY,"",T-INTERSECTION,"",ASPHALT,ENGINE FAILURE OR DEFECTIVE,RAN OFF ROAD,WBLOOMFIELDRDWALLENST,""
1958,BLOOMINGTON PD,BLOOMINGTON,2022-07-12T00:00:00,4:20 PM,3,,2,0,0,"","","",S ROGERS ST,S ROCKPORT RD,"",0,"",39.14676291,-86.53891145,"","",RURAL,N,N,N,"",DAYLIGHT,CLEAR,DRY,"",NO JUNCTION INVOLVED,"",ASPHALT,FOLLOWING TOO CLOSELY,REAR END,SROGERSSTSROCKPORTRD,""
1959,BLOOMINGTON PD,BLOOMINGTON,2022-08-17T00:00:00,9:03 AM,2,,0,0,0,"","","",I69 S RAMP,W SR46,"",200,"",39.1309148,-86.57319368,INTERSTATE,"",URBAN,N,N,N,"",DAYLIGHT,CLEAR,DRY,"",RAMP,"",ASPHALT,UNSAFE LANE MOVEMENT,SAME DIRECTION SIDESWIPE,WSR46I69SRAMP,""
1960,INDIANA UNIV BLOOMINGTON PD,BLOOMINGTON,2022-07-13T00:00:00,3:00 PM,3,,0,0,0,"","","",STATE RD 45,"","",0,"",39.17779541,-86.50572485,STATE ROAD,"",URBAN,N,Y,N,"",DAYLIGHT,CLEAR,DRY,"",NO JUNCTION INVOLVED,"",ASPHALT,FOLLOWING TOO CLOSELY,REAR END,STATERD45,""
1961,MONROE SD,BLOOMINGTON,2022-07-22T00:00:00,9:59 PM,1,,0,0,0,3585,"","",W SR 45,"","",0,"",39.14160653,-86.57988102,PRIVATE DRIVE,"",RURAL,N,N,N,"",DARK (LIGHTED),CLEAR,DRY,"",NO JUNCTION INVOLVED,"",ASPHALT,IMPROPER TURNING,SAME DIRECTION SIDESWIPE,WSR45,""
1962,BLOOMINGTON PD,BLOOMINGTON,2022-08-05T00:00:00,7:25 PM,1,,0,0,0,"","","",W 15TH ST,N ILLINOIS ST,"",0,"",39.17662967,-86.55171595,LOCAL/CITY ROAD,"",URBAN,N,N,N,"",DAYLIGHT,CLEAR,DRY,"",T-INTERSECTION,"",ASPHALT,DISREGARD SIGNAL/REG SIGN,RAN OFF ROAD,W15THSTNILLINOISST,""
1963,BLOOMINGTON PD,"",2022-07-29T00:00:00,11:35 AM,2,,0,0,0,"","","",E RHORER RD,S WALNUT STREET PIKE,"",0,"",39.12144864,-86.52662436,LOCAL/CITY ROAD,"",URBAN,N,N,N,"",DAYLIGHT,CLEAR,DRY,"",FIVE POINT OR MORE,"",ASPHALT,FOLLOWING TOO CLOSELY,REAR END,SWALNUTSTREETPIKEERHORERRD,""
1964,BLOOMINGTON PD,BLOOMINGTON,2022-08-24T00:00:00,11:14 AM,1,,0,0,0,"","","",E 3RD ST,S COLLEGE MALL RD,"",0,"",39.16423502,-86.49825976,LOCAL/CITY ROAD,"",URBAN,N,N,N,"",DAYLIGHT,CLEAR,DRY,"",FOUR-WAY INTERSECTION,"",ASPHALT,FAILURE TO YIELD RIGHT OF WAY,RIGHT ANGLE,SCOLLEGEMALLRDE3RDST,""
1965,MONROE SD,BLOOMINGTON,2022-07-26T00:00:00,2:41 AM,1,,0,0,0,"","","",W STATE RD 48,S GARRISON CHAPEL RD,"",0,"",39.16689832,-86.65710499,STATE ROAD,"",RURAL,N,N,N,"",DAYLIGHT,CLEAR,WET,"",NO JUNCTION INVOLVED,"",ASPHALT,ROADWAY SURFACE CONDITION,RAN OFF ROAD,WSTATERD48SGARRISONCHAPELRD,""
1966,MONROE SD,BLOOMINGTON,2022-07-25T00:00:00,5:37 PM,1,,0,0,0,"","","",W VERNAL PIKE,N CURRY PIKE,"",0,"",39.17916768,-86.58250041,LOCAL/CITY ROAD,"",RURAL,N,N,N,"",DAYLIGHT,CLEAR,DRY,"",FOUR-WAY INTERSECTION,"",ASPHALT,OTHER (ENVIRONMENTAL) - EXPLAIN IN NARR,OTHER - EXPLAIN IN NARRATIVE,WVERNALPIKENCURRYPIKE,""
1967,BLOOMINGTON PD,BLOOMINGTON,2022-06-07T00:00:00,1:01 PM,1,,1,0,0,"","","",E. 3RD ST,S. LINCOLN ST,"",0,"",39.164581,-86.531081,LOCAL/CITY ROAD,"",URBAN,N,N,N,"",DAYLIGHT,CLOUDY,DRY,"",FOUR-WAY INTERSECTION,"",ASPHALT,OVERCORRECTING/OVERSTEERING,COLLISION WITH OBJECT IN ROAD,S.LINCOLNSTE.3RDST,""
1968,MONROE SD,BLOOMINGTON,2022-09-10T00:00:00,12:52 AM,1,,0,0,1,"","","",STATE ROAD 37,E INGRAM RD,"",5000,"",38.9918222,-86.5371992,STATE ROAD,"",RURAL,N,Y,N,"",DARK (NOT LIGHTED),CLEAR,DRY,"",NO JUNCTION INVOLVED,"",ASPHALT,ANIMAL/OBJECT IN ROADWAY,COLLISION WITH DEER,STATEROAD37EINGRAMRD,""
1969,BLOOMINGTON PD,BLOOMINGTON,2022-06-14T00:00:00,7:48 AM,3,,0,0,0,"","","",W 2ND ST,MAPLE ST,"",0,"",,,LOCAL/CITY ROAD,"",URBAN,N,N,N,"",DAYLIGHT,CLEAR,DRY,"",T-INTERSECTION,"",ASPHALT,FOLLOWING TOO CLOSELY,REAR END,W2NDSTMAPLEST,""
1970,BLOOMINGTON PD,BLOOMINGTON,2022-09-07T00:00:00,10:03 AM,2,,0,0,0,"","","",E. ROGERS RD,S. SARE RD,"",0,"",39.1356382,-86.496383,LOCAL/CITY ROAD,"",URBAN,N,N,N,"",DAYLIGHT,CLEAR,DRY,"",TRAFFIC CIRCLE/ROUNDABOUT,"",ASPHALT,INSECURE/LEAKY LOAD,OTHER - EXPLAIN IN NARRATIVE,S.SARERDE.ROGERSRD,""
1971,BLOOMINGTON PD,BLOOMINGTON,2022-08-04T00:00:00,9:00 AM,2,,0,0,0,"","","",S SUGAR MAPLE CT,S SUGAR MAPLE PL,"",0,"",39.15643132,-86.58807119,PRIVATE DRIVE,"",URBAN,N,N,N,"",DAYLIGHT,CLOUDY,DRY,"",NO JUNCTION INVOLVED,"",ASPHALT,UNSAFE BACKING,RIGHT ANGLE,SSUGARMAPLEPLSSUGARMAPLECT,""
1972,BLOOMINGTON PD,BLOOMINGTON,2022-06-13T00:00:00,10:53 AM,2,,0,0,0,"","","",1616 S. HENDERSON ST,"","",0,"",,,PRIVATE DRIVE,"",URBAN,N,N,N,"",DAYLIGHT,CLOUDY,DRY,"",NO JUNCTION INVOLVED,"",ASPHALT,IMPROPER LANE USAGE,HEAD ON BETWEEN TWO MOTOR VEHICLES,1616S.HENDERSONST,""
1973,BLOOMINGTON PD,BLOOMINGTON,2022-09-09T00:00:00,6:26 AM,2,,0,0,0,"","","",W COUNTRY CLUB DR,B-LINE,"",0,"",39.13593377,-86.53488379,LOCAL/CITY ROAD,"",URBAN,N,N,N,"",DAYLIGHT,CLEAR,DRY,"",TRAIL CROSSINGS,"",ASPHALT,FOLLOWING TOO CLOSELY,REAR END,WCOUNTRYCLUBDRB-LINE,""
1974,BLOOMINGTON PD,BLOOMINGTON,2022-09-11T00:00:00,2:51 PM,2,,0,0,0,"","","",W 2ND ST,S COLLEGE AVE,"",0,"",39.161366,-86.534943,LOCAL/CITY ROAD,"",URBAN,N,N,N,"",DAYLIGHT,CLOUDY,WET,"",FOUR-WAY INTERSECTION,"",ASPHALT,FAILURE TO YIELD RIGHT OF WAY,SAME DIRECTION SIDESWIPE,W2NDSTSCOLLEGEAVE,""
1975,BLOOMINGTON PD,BLOOMINGTON,2022-08-09T00:00:00,2:13 PM,2,,0,0,0,2850,"","",S COLLEGE MALL RD,"","",0,"",39.16041518,-86.49661336,PRIVATE DRIVE,"",URBAN,N,N,N,"",DAYLIGHT,CLOUDY,DRY,"",NO JUNCTION INVOLVED,"",ASPHALT,UNDER STEERING/UNDER CORRECTING,OPPOSITE DIRECTION SIDESWIPE,SCOLLEGEMALLRD,""
1976,BLOOMINGTON PD,BLOOMINGTON,2022-09-25T00:00:00,12:40 PM,2,,1,0,0,"","","",STATE RD 45,E 10TH ST,"",0,"",39.17212321,-86.50250209,STATE ROAD,"",URBAN,N,N,N,"",DAYLIGHT,CLEAR,DRY,"",FOUR-WAY INTERSECTION,"",ASPHALT,FOLLOWING TOO CLOSELY,REAR END,STATERD45E10THST,""
1977,BLOOMINGTON PD,BLOOMINGTON,2022-08-06T00:00:00,7:07 PM,2,,2,1,0,"","","",STATE RD 46,I-69 ON-RAMP SB,"",0,"",39.18715752,-86.55802793,STATE ROAD,"",URBAN,N,N,N,"",DAYLIGHT,CLEAR,DRY,"",RAMP,"",ASPHALT,DISREGARD SIGNAL/REG SIGN,RIGHT ANGLE,STATERD46I-69ON-RAMPSB,""
1978,INDIANA UNIV BLOOMINGTON PD,BLOOMINGTON,2022-06-03T00:00:00,12:00 AM,2,,0,0,0,"","","",E 10TH ST,STATE RD 45,"",0,"",39.17165341,-86.50209647,"","",URBAN,N,N,N,"",DAYLIGHT,CLEAR,DRY,"",FOUR-WAY INTERSECTION,"",ASPHALT,FOLLOWING TOO CLOSELY,REAR END,STATERD45E10THST,""
1979,MONROE SD,BLOOMINGTON,2022-06-15T00:00:00,10:45 PM,2,,1,0,0,"","","",STATE RD 46,STATE RD 46,"",0,"",39.20994667,-86.58269531,STATE ROAD,"",URBAN,N,N,N,"",DARK (NOT LIGHTED),CLEAR,DRY,"",FOUR-WAY INTERSECTION,"",ASPHALT,UNSAFE LANE MOVEMENT,REAR END,STATERD46STATERD46,""
1980,BLOOMINGTON PD,BLOOMINGTON,2022-09-25T00:00:00,12:00 AM,1,,1,0,0,"","","",I-69,"","",792,"",39.18564611,-86.5547163,STATE ROAD,"",RURAL,N,Y,N,"",DARK (LIGHTED),CLEAR,DRY,"",RAMP,"",CONCRETE,ANIMAL/OBJECT IN ROADWAY,RAN OFF ROAD,I-69120,""
1981,INDIANA UNIV BLOOMINGTON PD,BLOOMINGTON,2022-09-13T00:00:00,5:23 PM,2,,1,0,0,"","","",S EAGLESON AVE,E UNIVERSITY AVE,"",0,"",39.16600534,-86.5164456,LOCAL/CITY ROAD,"",URBAN,N,N,N,"",DAYLIGHT,CLEAR,DRY,"",FOUR-WAY INTERSECTION,"",ASPHALT,FAILURE TO YIELD RIGHT OF WAY,RIGHT ANGLE,SEAGLESONAVEEUNIVERSITYAVE,""
1982,BLOOMINGTON PD,BLOOMINGTON,2022-09-10T00:00:00,6:06 PM,2,,0,0,0,"","","",S WALNUT ST,E DAVIS ST,"",0,"",39.15447725,-86.53388805,"","",URBAN,N,N,N,"",DAYLIGHT,CLOUDY,WET,"",NO JUNCTION INVOLVED,"",ASPHALT,UNSAFE LANE MOVEMENT,RIGHT ANGLE,SWALNUTSTEDAVISST,""
1983,BLOOMINGTON PD,BLOOMINGTON,2022-08-14T00:00:00,6:45 PM,2,,0,0,0,2785,"","",S WALNUT ST PK,"","",0,"",39.13671681,-86.52883126,PRIVATE DRIVE,"",URBAN,N,N,N,"",DAYLIGHT,CLEAR,DRY,"",NO JUNCTION INVOLVED,"",ASPHALT,UNSAFE BACKING,BACKING CRASH,SWALNUTSTPK,""
1984,MONROE SD,BLOOMINGTON,2022-09-30T00:00:00,9:22 AM,2,,0,0,0,"","","",STATE RD 46,W ARLINGTON RD,"",0,"",39.20764343,-86.57986709,STATE ROAD,"",URBAN,N,Y,N,"",DAYLIGHT,CLEAR,DRY,"",FOUR-WAY INTERSECTION,"",ASPHALT,FAILURE TO YIELD RIGHT OF WAY,RIGHT ANGLE,WARLINGTONRDSTATERD46,""
1985,BLOOMINGTON PD,BLOOMINGTON,2022-07-24T00:00:00,3:00 PM,2,,0,0,0,"","","",W LILAC LN,"","",0,"",39.12903209,-86.58514853,LOCAL/CITY ROAD,"",URBAN,N,N,N,"",DAYLIGHT,CLEAR,DRY,"",NO JUNCTION INVOLVED,"",ASPHALT,IMPROPER LANE USAGE,OPPOSITE DIRECTION SIDESWIPE,WLILACLN,""
1986,BLOOMINGTON PD,BLOOMINGTON,2022-07-17T00:00:00,9:00 AM,2,,0,0,0,"","","",E KIRKWOOD AVE,"","",0,"",39.16628184,-86.53184967,PRIVATE DRIVE,"",URBAN,N,N,N,"",DAYLIGHT,CLEAR,DRY,"",NO JUNCTION INVOLVED,"",ASPHALT,UNSAFE BACKING,BACKING CRASH,EKIRKWOODAVE,""
1987,MONROE SD,BLOOMINGTON,2022-06-18T00:00:00,8:31 AM,2,,0,0,0,"","","",STATE RD 46,CENTENNIAL DR,"",0,"",39.20902846,-86.58205636,PRIVATE DRIVE,"",URBAN,N,N,N,"",DAYLIGHT,CLEAR,DRY,"",NO JUNCTION INVOLVED,"",ASPHALT,UNSAFE BACKING,BACKING CRASH,STATERD46CENTENNIALDR,""
1988,BLOOMINGTON PD,BLOOMINGTON,2022-07-25T00:00:00,12:00 AM,2,,0,0,0,"","","",N SASSAFRAS DR,W ARLINGTON VALLEY DR,"",0,"",39.18224376,-86.54752172,PRIVATE DRIVE,"",URBAN,N,N,N,"",DARK (LIGHTED),RAIN,WET,"",NO JUNCTION INVOLVED,"",ASPHALT,UNSAFE LANE MOVEMENT,SAME DIRECTION SIDESWIPE,WARLINGTONVALLEYDRNSASSAFRASDR,""
1989,MONROE SD,BLOOMINGTON,2022-09-17T00:00:00,9:54 AM,2,,0,0,0,"","","",S ISON RD,W LEONARD SPRINGS RD,"",0,"",39.12233654,-86.60576276,LOCAL/CITY ROAD,"",RURAL,N,N,N,"",DAYLIGHT,CLEAR,DRY,"",FOUR-WAY INTERSECTION,"",ASPHALT,FAILURE TO YIELD RIGHT OF WAY,HEAD ON BETWEEN TWO MOTOR VEHICLES,WLEONARDSPRINGSRDSISONRD,""
1990,INDIANA UNIV BLOOMINGTON PD,BLOOMINGTON,2022-06-23T00:00:00,12:00 AM,2,,0,0,0,"","","",N FESS AVE,"","",0,"",39.17275936,-86.52606941,PRIVATE DRIVE,"",URBAN,N,N,N,"",DAYLIGHT,CLEAR,DRY,"",NO JUNCTION INVOLVED,"",ASPHALT,UNDER STEERING/UNDER CORRECTING,OPPOSITE DIRECTION SIDESWIPE,NFESSAVE,""
1991,INDIANA UNIV BLOOMINGTON PD,BLOOMINGTON,2022-09-28T00:00:00,2:55 PM,2,,0,0,0,1320,"","",EAST 10TH STREET,"","",0,"",39.17006039,-86.51669001,PRIVATE DRIVE,"",URBAN,N,N,N,"",DAYLIGHT,CLEAR,DRY,"",NO JUNCTION INVOLVED,"",ASPHALT,UNSAFE SPEED,BACKING CRASH,EAST10THSTREET,""
1992,ISP BLOOMINGTON 33,BLOOMINGTON,2022-06-25T00:00:00,12:45 PM,2,,0,0,0,"","","",STATE RD 46,W CURRY PIKE,"",0,"",39.1940331,-86.57130984,STATE ROAD,"",RURAL,N,N,B,"",DAYLIGHT,CLEAR,DRY,"",FOUR-WAY INTERSECTION,"",ASPHALT,FOLLOWING TOO CLOSELY,REAR END,WCURRYPIKESTATERD46,""
1993,MONROE SD,BLOOMINGTON,2022-08-28T00:00:00,11:32 AM,2,,0,0,0,4025,"","",S OLD STATE ROAD 37,"","",0,"",39.12140255,-86.53009122,PRIVATE DRIVE,"",URBAN,N,N,N,"",DAYLIGHT,CLEAR,DRY,"",NO JUNCTION INVOLVED,"",ASPHALT,IMPROPER TURNING,REAR END,SOLDSTATEROAD37,""
1994,BLOOMINGTON PD,BLOOMINGTON,2022-09-25T00:00:00,4:15 PM,2,,2,0,0,"","","",S CORY LN,W 3RD ST,"",0,"",39.16441755,-86.56012633,"","",URBAN,N,N,N,"",DAYLIGHT,CLEAR,DRY,"",FOUR-WAY INTERSECTION,"",ASPHALT,DRIVER DISTRACTED - EXPLAIN IN NARRATIVE,REAR END,W3RDSTSCORYLN,""