_id,Agency,City,Collision Date,Collision Time,Vehicles Involved,Trailers Involved,Number Injured,Number Dead,Number Deer,House Number,Roadway Interchange,Roadway Ramp,Roadway Id,Intersecting Road,Interchange,Feet From,Direction,Latitude,Longitude,Roadway Class,Hit and Run?,Locality,School Zone?,Rumble Strips?,Construction?,Construction Type,Light Condition,Weather Conditions,Surface Condition,Type of Median,Roadway Junction Type,Road Character,Roadway Surface,Primary Factor,Manner of Collision,Unique Location Id,Traffic Control
1995,MONROE SD,BLOOMINGTON,2022-06-04T00:00:00,1:23 AM,1,,0,0,0,"","","",E MOFFETT LN,"","",0,"",39.09969627,-86.50111425,COUNTY ROAD,"",RURAL,N,N,N,"",DARK (NOT LIGHTED),CLEAR,DRY,"",T-INTERSECTION,"",ASPHALT,OTHER (DRIVER) - EXPLAIN IN NARRATIVE,RAN OFF ROAD,EMOFFETTLN,""
1996,BLOOMINGTON PD,BLOOMINGTON,2022-06-27T00:00:00,5:47 PM,2,,0,0,0,"","","",1605 S PECAN LN,"","",0,"",39.14699958,-86.57113857,PRIVATE DRIVE,"",URBAN,N,N,N,"",DAYLIGHT,CLEAR,DRY,"",NO JUNCTION INVOLVED,"",ASPHALT,FAILURE TO YIELD RIGHT OF WAY,BACKING CRASH,1605SPECANLN,""
1997,BLOOMINGTON PD,BLOOMINGTON,2022-06-06T00:00:00,4:18 PM,2,,0,0,0,"","","",315 S COLLEGE MALL RD,"","",0,"",39.16322342,-86.49776227,PRIVATE DRIVE,"",URBAN,N,N,N,"",DAYLIGHT,CLOUDY,DRY,"",NO JUNCTION INVOLVED,"",ASPHALT,UNSAFE BACKING,BACKING CRASH,315SCOLLEGEMALLRD,""
1998,ELLETTSVILLE PD,ELLETTSVILLE,2022-08-06T00:00:00,2:30 PM,2,,0,0,0,"","","",CENTENNIAL DR,W STATE RD 46,"",0,"",39.20996843,-86.58270483,STATE ROAD,"",URBAN,N,N,N,"",DAYLIGHT,RAIN,WET,"",FOUR-WAY INTERSECTION,"",ASPHALT,SPEED TOO FAST FOR WEATHER CONDITIONS,REAR END,WSTATERD46CENTENNIALDR,""
1999,INDIANA UNIV BLOOMINGTON PD,BLOOMINGTON,2022-08-25T00:00:00,11:54 AM,2,,0,0,0,"","","",N JORDAN AVE,"","",0,"",39.17642387,-86.51238989,PRIVATE DRIVE,"",URBAN,N,N,N,"",DAYLIGHT,CLEAR,DRY,"",NO JUNCTION INVOLVED,"",ASPHALT,IMPROPER TURNING,RIGHT TURN,NJORDANAVE,""
2000,BLOOMINGTON PD,BLOOMINGTON,2022-07-17T00:00:00,4:29 AM,2,,0,0,0,2300,"","",N WALNUT ST,"","",0,"",39.18704169,-86.53370444,PRIVATE DRIVE,"",URBAN,N,N,N,"",DARK (LIGHTED),CLOUDY,WET,"",NO JUNCTION INVOLVED,"",ASPHALT,ANIMAL/OBJECT IN ROADWAY,COLLISION WITH OBJECT IN ROAD,NWALNUTST,""
2001,BLOOMINGTON PD,BLOOMINGTON,2022-07-03T00:00:00,7:45 PM,2,,0,0,0,2385,"","",S WINSLOW CT,"","",0,"",39.1381233,-86.5239315,PRIVATE DRIVE,"",URBAN,N,N,N,"",DAYLIGHT,CLOUDY,DRY,"",NO JUNCTION INVOLVED,"",ASPHALT,UNSAFE BACKING,BACKING CRASH,SWINSLOWCT,""
2002,INDIANA UNIV BLOOMINGTON PD,BLOOMINGTON,2022-09-06T00:00:00,9:00 AM,2,,0,0,0,"","","",N JORDAN AVE,N JORDAN AVE,"",0,"",39.16720723,-86.51521987,PRIVATE DRIVE,"",URBAN,N,N,N,"",DAYLIGHT,CLOUDY,DRY,"",NO JUNCTION INVOLVED,"",ASPHALT,OTHER (DRIVER) - EXPLAIN IN NARRATIVE,REAR END,NJORDANAVENJORDANAVE,""
2003,BLOOMINGTON PD,BLOOMINGTON,2022-08-16T00:00:00,11:23 AM,2,,0,0,0,"","","",S WALNUT ST,W HILLSIDE DR,"",0,"",39.1505448,-86.53369534,LOCAL/CITY ROAD,"",URBAN,N,N,N,"",DAYLIGHT,CLEAR,DRY,"",FOUR-WAY INTERSECTION,"",ASPHALT,UNSAFE LANE MOVEMENT,SAME DIRECTION SIDESWIPE,WHILLSIDEDRSWALNUTST,""
2004,BLOOMINGTON PD,BLOOMINGTON,2022-08-10T00:00:00,10:16 AM,2,,0,0,0,"","","",S WALNUT ST,W GRIMES LN,"",0,"",39.15338048,-86.5337444,LOCAL/CITY ROAD,"",URBAN,N,N,N,"",DAYLIGHT,CLOUDY,DRY,"",FIVE POINT OR MORE,"",ASPHALT,FOLLOWING TOO CLOSELY,REAR END,WGRIMESLNSWALNUTST,""
2005,ELLETTSVILLE PD,ELLETTSVILLE,2022-09-10T00:00:00,9:48 PM,1,,0,0,0,"","","",E DEPOT RD,STATE RD 46,"",300,"",39.23025706,-86.61779148,STATE ROAD,"",URBAN,N,N,N,"",DARK (LIGHTED),RAIN,WET,"",NO JUNCTION INVOLVED,"",ASPHALT,UNSAFE SPEED,RAN OFF ROAD,STATERD46EDEPOTRD,""
2006,ELLETTSVILLE PD,ELLETTSVILLE,2022-08-05T00:00:00,1:25 PM,2,0,0,0,0,"","","",SR46W,LAKEVIEW,"",50,E,39.22105821,-86.60547104,STATE ROAD,N,URBAN,N,N,B,"",DAYLIGHT,CLEAR,DRY,"",NO JUNCTION INVOLVED,STRAIGHT/LEVEL,ASPHALT,FOLLOWING TOO CLOSELY,REAR END,LAKEVIEWDRSR46W,NONE
2007,DNR LAW ENFORCEMENT,BLOOMINGTON,2022-07-04T00:00:00,12:50 AM,1,,2,0,0,"","","",N TUNNEL RD,"","",0,"",39.23262176,-86.43306918,LOCAL/CITY ROAD,"",RURAL,N,N,N,"",DARK (LIGHTED),CLEAR,DRY,"",NO JUNCTION INVOLVED,"",ASPHALT,UNSAFE SPEED,RAN OFF ROAD,NTUNNELRD,""
2008,MONROE SD,BLOOMINGTON,2022-09-14T00:00:00,10:48 PM,1,,0,0,1,"","","",E RHORER RD,S WALNUT STREET PIKE,"",0,"",39.12150139,-86.52643724,COUNTY ROAD,"",RURAL,N,N,N,"",DARK (NOT LIGHTED),CLEAR,DRY,"",FOUR-WAY INTERSECTION,"",ASPHALT,ANIMAL/OBJECT IN ROADWAY,COLLISION WITH DEER,SWALNUTSTREETPIKEERHORERRD,""
2009,BLOOMINGTON PD,BLOOMINGTON,2022-06-22T00:00:00,7:37 PM,2,,0,0,0,2894,"","",E 3RD ST,"","",0,"",39.16245716,-86.49649422,PRIVATE DRIVE,"",URBAN,N,N,N,"",DAYLIGHT,CLEAR,DRY,"",NO JUNCTION INVOLVED,"",ASPHALT,UNSAFE BACKING,REAR TO REAR,E3RDST,""
2010,BLOOMINGTON PD,BLOOMINGTON,2022-07-31T00:00:00,4:46 PM,3,,0,0,0,3275,"","",W 3RD ST,"","",0,"",39.16289788,-86.5768729,PRIVATE DRIVE,"",URBAN,N,N,N,"",DAYLIGHT,CLEAR,DRY,"",NO JUNCTION INVOLVED,"",ASPHALT,OTHER (DRIVER) - EXPLAIN IN NARRATIVE,OTHER - EXPLAIN IN NARRATIVE,W3RDST,""
2011,MONROE SD,BLOOMINGTON,2022-08-27T00:00:00,1:08 PM,3,,1,0,0,"","","",W STATE RD 46,N CURRY PIKE,"",0,"",39.19365391,-86.57140679,STATE ROAD,"",RURAL,N,N,N,"",DAYLIGHT,CLEAR,DRY,"",NO JUNCTION INVOLVED,"",ASPHALT,OTHER (DRIVER) - EXPLAIN IN NARRATIVE,RIGHT TURN,NCURRYPIKEWSTATERD46,""
2012,BLOOMINGTON PD,BLOOMINGTON,2022-08-10T00:00:00,11:50 AM,2,,0,0,0,"","","",E 3RD ST,S SMITH RD,"",0,"",39.1642582,-86.48126073,LOCAL/CITY ROAD,"",URBAN,N,N,N,"",DAYLIGHT,CLEAR,DRY,"",FOUR-WAY INTERSECTION,"",ASPHALT,FOLLOWING TOO CLOSELY,REAR END,SSMITHRDE3RDST,""
2013,INDIANA UNIV BLOOMINGTON PD,BLOOMINGTON,2022-09-20T00:00:00,9:35 PM,1,,0,0,0,"","","",NORTH EAGLESON AVENUE,EAST LAW LANE,"",0,"",39.17327366,-86.51549524,LOCAL/CITY ROAD,"",URBAN,N,N,N,"",DARK (NOT LIGHTED),CLEAR,DRY,"",NO JUNCTION INVOLVED,"",ASPHALT,OBSTRUCTION NOT MARKED,COLLISION WITH OBJECT IN ROAD,NORTHEAGLESONAVENUEEASTLAWLANE,""
2014,MONROE SD,BLOOMINGTON,2022-07-03T00:00:00,10:42 PM,1,,1,0,0,"","","",N TUNNEL RD,"","",0,"",39.2562861,-86.4145865,LOCAL/CITY ROAD,"",RURAL,N,N,N,"",DARK (NOT LIGHTED),CLEAR,DRY,"",NO JUNCTION INVOLVED,"",ASPHALT,OTHER (DRIVER) - EXPLAIN IN NARRATIVE,NON-COLLISION,NTUNNELRD,""
2015,BLOOMINGTON PD,BLOOMINGTON,2022-08-01T00:00:00,6:02 AM,1,,1,0,0,"","","",STATE RD 46,W CASCADE AVE,"",1056,"",39.18678684,-86.54224546,STATE ROAD,"",URBAN,N,N,N,"",DARK (NOT LIGHTED),CLOUDY,DRY,"",NO JUNCTION INVOLVED,"",ASPHALT,PEDESTRIAN ACTION,OPPOSITE DIRECTION SIDESWIPE,WCASCADEAVESTATERD46,""
2016,MONROE SD,BLOOMINGTON,2022-06-07T00:00:00,4:34 PM,2,,1,0,0,"","","",S ROGERS ST,BAYWOOD DR,"",0,"",39.117926,-86.53949,LOCAL/CITY ROAD,"",RURAL,N,N,N,"",DAYLIGHT,CLEAR,DRY,"",NO JUNCTION INVOLVED,"",ASPHALT,LEFT OF CENTER,OPPOSITE DIRECTION SIDESWIPE,SROGERSSTBAYWOODDR,""
2017,BLOOMINGTON PD,BLOOMINGTON,2022-08-15T00:00:00,5:21 PM,2,,0,0,0,"","","",S CURRY PIKE,W ROLL AVE,"",0,"",39.14784008,-86.58262734,"","",URBAN,N,N,N,"",DAYLIGHT,CLEAR,DRY,"",NO JUNCTION INVOLVED,"",ASPHALT,FOLLOWING TOO CLOSELY,REAR END,WROLLAVESCURRYPIKE,""
2018,MONROE SD,BLOOMINGTON,2022-09-29T00:00:00,5:20 AM,2,,0,0,0,"","","",N DANIELS WAY,"","",0,"",39.17200662,-86.59829325,PRIVATE DRIVE,"",URBAN,N,N,N,"",DARK (LIGHTED),CLEAR,DRY,"",NO JUNCTION INVOLVED,"",ASPHALT,UNSAFE SPEED,SAME DIRECTION SIDESWIPE,NDANIELSWAY,""
2019,BLOOMINGTON PD,BLOOMINGTON,2022-08-25T00:00:00,6:20 PM,2,,0,0,0,"","","",N GRANT ST,E 10TH ST,"",0,"",39.1714438,-86.52977175,"","",URBAN,N,N,N,"",DAYLIGHT,CLOUDY,DRY,"",NO JUNCTION INVOLVED,"",ASPHALT,UNSAFE BACKING,RIGHT ANGLE,NGRANTSTE10THST,""
2020,ISP BLOOMINGTON 33,BLOOMINGTON,2022-06-11T00:00:00,8:55 AM,2,,0,0,0,"","","",S OLD STATE ROAD 37,"","",0,"",39.11339995,-86.53113503,STATE ROAD,"",RURAL,N,N,N,"",DAYLIGHT,CLEAR,DRY,"",NO JUNCTION INVOLVED,"",ASPHALT,FAILURE TO YIELD RIGHT OF WAY,REAR END,SOLDSTATEROAD37,""
2021,BLOOMINGTON PD,BLOOMINGTON,2022-07-12T00:00:00,10:05 AM,1,,0,0,0,"","","",E DANIEL ST,E BROOKSTONE CT,"",0,"",39.13853884,-86.4886547,LOCAL/CITY ROAD,"",URBAN,N,N,N,"",DAYLIGHT,CLEAR,DRY,"",NO JUNCTION INVOLVED,"",ASPHALT,DRIVER ILLNESS,OTHER - EXPLAIN IN NARRATIVE,EDANIELSTEBROOKSTONECT,""
2022,BLOOMINGTON PD,BLOOMINGTON,2022-08-01T00:00:00,5:26 PM,2,,0,0,0,"","","",E HILLSIDE DR,S WOODLAWN AVE,"",0,"",39.15053017,-86.5226192,LOCAL/CITY ROAD,"",URBAN,N,N,N,"",DAYLIGHT,CLOUDY,DRY,"",FOUR-WAY INTERSECTION,"",ASPHALT,FOLLOWING TOO CLOSELY,REAR END,SWOODLAWNAVEEHILLSIDEDR,""
2023,MONROE SD,BLOOMINGTON,2022-09-19T00:00:00,7:22 AM,1,,0,0,0,"","","",W ST RD 48,"","",0,"",39.16841516,-86.67031032,STATE ROAD,"",RURAL,N,N,N,"",DAWN/DUSK,CLOUDY,WET,"",NO JUNCTION INVOLVED,"",ASPHALT,SPEED TOO FAST FOR WEATHER CONDITIONS,RAN OFF ROAD,WSTRD48,""
2024,ISP BLOOMINGTON 33,BLOOMINGTON,2022-09-12T00:00:00,4:30 AM,1,,0,0,0,"","","",STATE RD 37,N FOX HOLLOW RD,"",898,"",39.28925733,-86.51901375,INTERSTATE,"",RURAL,N,Y,N,"",DARK (NOT LIGHTED),CLEAR,DRY,"",NO JUNCTION INVOLVED,"",CONCRETE,ANIMAL/OBJECT IN ROADWAY,COLLISION WITH OBJECT IN ROAD,STATERD37NFOXHOLLOWRD,""
2025,ELLETTSVILLE PD,ELLETTSVILLE,2022-07-13T00:00:00,3:07 PM,2,,0,0,0,"","","",N SMITH PIKE,W STATE RD 46,"",0,"",39.20989389,-86.58282086,LOCAL/CITY ROAD,"",RURAL,N,N,N,"",DAYLIGHT,CLEAR,DRY,"",NO JUNCTION INVOLVED,"",ASPHALT,OTHER (DRIVER) - EXPLAIN IN NARRATIVE,REAR END,WSTATERD46NSMITHPIKE,""
2026,MONROE SD,BLOOMINGTON,2022-06-21T00:00:00,5:13 AM,1,,0,0,0,"","","",S BREEDEN RD,"","",0,"",39.07277907,-86.67371056,"","",RURAL,N,N,N,"",DAWN/DUSK,CLEAR,DRY,"",NO JUNCTION INVOLVED,"",ASPHALT,FAILURE TO MAINTAIN LANE,NON-COLLISION,SBREEDENRD,""
2027,BLOOMINGTON PD,BLOOMINGTON,2022-07-14T00:00:00,3:30 PM,2,,2,0,0,"","","",S WALNUT ST,E SOUTH DR,"",0,"",39.14240981,-86.53131755,"","",URBAN,N,N,N,"",DAYLIGHT,CLEAR,DRY,"",NO JUNCTION INVOLVED,"",ASPHALT,UNSAFE SPEED,REAR END,SWALNUTSTESOUTHDR,""
2028,BLOOMINGTON PD,BLOOMINGTON,2022-07-16T00:00:00,9:33 AM,2,,1,0,0,"","","",W 3RD ST,S CURRY PIKE,"",0,"",39.16465111,-86.58289727,LOCAL/CITY ROAD,"",URBAN,N,N,N,"",DAYLIGHT,CLEAR,DRY,"",NO JUNCTION INVOLVED,"",ASPHALT,OTHER (DRIVER) - EXPLAIN IN NARRATIVE,REAR END,W3RDSTSCURRYPIKE,""
2029,BLOOMINGTON PD,BLOOMINGTON,2022-07-22T00:00:00,7:23 PM,2,,0,0,0,"","","",SOUTH COLLEGE AVE,WEST 3RD STREET,"",0,"",,,"","",URBAN,N,N,N,"",DAYLIGHT,CLEAR,DRY,"",T-INTERSECTION,"",ASPHALT,FOLLOWING TOO CLOSELY,REAR END,WEST3RDSTREETSOUTHCOLLEGEAVE,""
2030,BLOOMINGTON PD,BLOOMINGTON,2022-07-20T00:00:00,9:00 PM,2,,0,0,0,528,"","",S COLLEGE AVE,"","",0,"",39.16021965,-86.53557828,PRIVATE DRIVE,"",URBAN,N,N,N,"",DAYLIGHT,CLEAR,DRY,"",NO JUNCTION INVOLVED,"",ASPHALT,UNSAFE BACKING,SAME DIRECTION SIDESWIPE,SCOLLEGEAVE,""
2031,ISP BLOOMINGTON 33,BLOOMINGTON,2022-06-10T00:00:00,7:15 AM,1,,0,0,1,"","","",KINSER PIKE,SKYLINE DRIVE,"",100,"",39.19024267,-86.53778508,LOCAL/CITY ROAD,"",URBAN,N,N,N,"",DAYLIGHT,CLEAR,DRY,"",NO JUNCTION INVOLVED,"",ASPHALT,ANIMAL/OBJECT IN ROADWAY,COLLISION WITH DEER,SKYLINEDRIVEKINSERPIKE,""
2032,ISP BLOOMINGTON 33,BLOOMINGTON,2022-06-17T00:00:00,10:00 AM,1,,0,0,0,"","","",I69,"","",0,"",39.07100836,-86.61955364,INTERSTATE,"",RURAL,N,N,N,"",DAYLIGHT,RAIN,WET,"",NO JUNCTION INVOLVED,"",CONCRETE,"",RAN OFF ROAD,I69109.5,""
2033,BLOOMINGTON PD,BLOOMINGTON,2022-09-14T00:00:00,2:30 PM,1,,0,0,0,"","","",W ST RD 45/46 BYPASS,I69 NB ON RAMP,"",53,"",39.18694956,-86.55139573,STATE ROAD,"",URBAN,N,N,N,"",DAYLIGHT,CLEAR,DRY,"",NO JUNCTION INVOLVED,"",CONCRETE,OTHER (VEHICLE) - EXPLAIN IN NARRATIVE,OTHER - EXPLAIN IN NARRATIVE,WSTRD45/46BYPASSI69NBONRAMP,""
2034,BLOOMINGTON PD,BLOOMINGTON,2022-07-11T00:00:00,5:16 PM,1,,0,0,0,"","","",I-69 NB,STATE ROAD 45/46 BYPASS,"",0,"",39.18513468,-86.55528135,INTERSTATE,"",URBAN,N,N,N,"",DAYLIGHT,CLEAR,DRY,"",RAMP,"",ASPHALT,OVERCORRECTING/OVERSTEERING,RAN OFF ROAD,STATEROAD45/46BYPASSI-69NB,""
2035,BLOOMINGTON PD,BLOOMINGTON,2022-08-15T00:00:00,2:50 PM,2,,0,0,0,"","","",W STATE RD 45,INDUSTRIAL BLVD,"",0,"",39.143608,-86.58030374,STATE ROAD,"",URBAN,N,N,N,"",DAYLIGHT,CLEAR,DRY,"",FOUR-WAY INTERSECTION,"",ASPHALT,IMPROPER LANE USAGE,SAME DIRECTION SIDESWIPE,WSTATERD45INDUSTRIALBLVD,""
2036,INDIANA UNIV BLOOMINGTON PD,BLOOMINGTON,2022-06-15T00:00:00,12:40 PM,2,,0,0,0,"","","",E 3RD STREET,N EAGLESON AVE,"",0,"",39.16425423,-86.51603527,LOCAL/CITY ROAD,"",URBAN,N,N,N,"",DAYLIGHT,CLEAR,DRY,"",FOUR-WAY INTERSECTION,"",ASPHALT,UNSAFE LANE MOVEMENT,SAME DIRECTION SIDESWIPE,NEAGLESONAVEE3RDSTREET,""
2037,ISP BLOOMINGTON 33,BLOOMINGTON,2022-08-12T00:00:00,1:25 PM,2,,0,0,0,"","","",W 3RD STREET,I69 - 118 - B,"",50,"",39.16449046,-86.57182735,LOCAL/CITY ROAD,"",URBAN,N,N,N,"",DAYLIGHT,CLEAR,DRY,"",NO JUNCTION INVOLVED,"",CONCRETE,UNSAFE SPEED,REAR END,W3RDSTREETI69-118-B,""
2038,BLOOMINGTON PD,BLOOMINGTON,2022-08-03T00:00:00,12:42 PM,2,,0,0,0,1305,"","",W 13TH ST,"","",0,"",39.1746162,-86.5502373,PRIVATE DRIVE,"",URBAN,N,N,N,"",DAYLIGHT,CLEAR,DRY,"",NO JUNCTION INVOLVED,"",CONCRETE,UNSAFE BACKING,BACKING CRASH,W13THST,""
2039,MONROE SD,BLOOMINGTON,2022-09-23T00:00:00,11:34 PM,1,,0,0,0,7650,"","",W VERNAL PIKE,"","",0,"",39.18155836,-86.63715318,PRIVATE DRIVE,"",RURAL,N,N,N,"",DARK (NOT LIGHTED),RAIN,WET,"",Y-INTERSECTION,"",ASPHALT,ROADWAY SURFACE CONDITION,RAN OFF ROAD,WVERNALPIKE,""
2040,BLOOMINGTON PD,BLOOMINGTON,2022-08-29T00:00:00,9:00 PM,2,,0,0,0,"","","",W KIRKWOOD AVE,N ADAMS ST,"",0,"",39.16673032,-86.54958433,LOCAL/CITY ROAD,"",URBAN,N,N,N,"",DARK (LIGHTED),CLEAR,DRY,"",FOUR-WAY INTERSECTION,"",ASPHALT,FAILURE TO YIELD RIGHT OF WAY,SAME DIRECTION SIDESWIPE,WKIRKWOODAVENADAMSST,""
2041,ELLETTSVILLE PD,ELLETTSVILLE,2022-06-23T00:00:00,7:20 PM,2,,2,0,0,"","","",N MATHEWS DR,W MCNEELEY ST,"",0,"",39.23806688,-86.62396626,LOCAL/CITY ROAD,"",URBAN,N,N,N,"",DAYLIGHT,CLEAR,DRY,"",NO JUNCTION INVOLVED,"",ASPHALT,FAILURE TO YIELD RIGHT OF WAY,RIGHT ANGLE,WMCNEELEYSTNMATHEWSDR,""
2042,BLOOMINGTON PD,BLOOMINGTON,2022-08-28T00:00:00,10:57 AM,2,,0,0,0,"","","",E GRIMES LN,S WALNUT ST,"",0,"",39.15335466,-86.53368286,LOCAL/CITY ROAD,"",URBAN,N,N,N,"",DAYLIGHT,CLEAR,DRY,"",NO JUNCTION INVOLVED,"",ASPHALT,FAILURE TO YIELD RIGHT OF WAY,RIGHT ANGLE,SWALNUTSTEGRIMESLN,""
2043,BLOOMINGTON PD,BLOOMINGTON,2022-07-13T00:00:00,7:30 AM,1,,0,0,0,"","","",N MADISON ST,W 17TH ST,"",0,"",39.17880942,-86.53773062,LOCAL/CITY ROAD,"",URBAN,N,N,Y,WORK ON SHOULDER,DAYLIGHT,CLEAR,DRY,"",FOUR-WAY INTERSECTION,"",ASPHALT,ANIMAL/OBJECT IN ROADWAY,COLLISION WITH OBJECT IN ROAD,W17THSTNMADISONST,""
2044,MONROE SD,BLOOMINGTON,2022-07-26T00:00:00,7:00 AM,2,,0,0,0,"","","",N UNION VALLEY RD,N UNION VALLEY RD,"",0,"",39.21518183,-86.59271633,STATE ROAD,"",URBAN,N,N,N,"",UNKNOWN,RAIN,WET,"",FIVE POINT OR MORE,"",ASPHALT,OTHER (VEHICLE) - EXPLAIN IN NARRATIVE,REAR END,NUNIONVALLEYRDNUNIONVALLEYRD,""
2045,DNR LAW ENFORCEMENT,BLOOMINGTON,2022-09-02T00:00:00,7:10 PM,2,,0,0,0,"","","",S FAIRFAX RD,"","",0,"",39.01623058,-86.48284312,STATE ROAD,"",RURAL,N,N,N,"",DAYLIGHT,CLEAR,DRY,"",NO JUNCTION INVOLVED,"",GRAVEL,OTHER (DRIVER) - EXPLAIN IN NARRATIVE,BACKING CRASH,SFAIRFAXRD,""
2046,INDIANA UNIV BLOOMINGTON PD,BLOOMINGTON,2022-09-30T00:00:00,2:55 PM,2,,0,0,0,"","","",N FEE LN,STATE RD 45,"",0,"",39.18579579,-86.51971526,LOCAL/CITY ROAD,"",URBAN,N,N,N,"",DAYLIGHT,CLEAR,DRY,"",NO JUNCTION INVOLVED,"",ASPHALT,DRIVER DISTRACTED - EXPLAIN IN NARRATIVE,REAR END,STATERD45NFEELN,""
2047,INDIANA UNIV BLOOMINGTON PD,BLOOMINGTON,2022-07-27T00:00:00,2:07 PM,2,,1,0,0,"","","",STATE RD 45,E 17TH ST,"",422,"",39.18029043,-86.50784916,STATE ROAD,"",URBAN,N,N,N,"",DAYLIGHT,CLEAR,DRY,"",NO JUNCTION INVOLVED,"",ASPHALT,FOLLOWING TOO CLOSELY,REAR END,STATERD45E17THST,""
2048,MONROE SD,BLOOMINGTON,2022-09-05T00:00:00,9:10 AM,1,,0,0,0,"","","",W DUVALL RD,"","",0,"",39.08558793,-86.59215181,PRIVATE DRIVE,"",RURAL,N,N,N,"",DAYLIGHT,CLEAR,DRY,"",NO JUNCTION INVOLVED,"",ASPHALT,UNSAFE BACKING,BACKING CRASH,WDUVALLRD,""
2049,MONROE SD,BLOOMINGTON,2022-09-12T00:00:00,3:01 PM,1,,0,0,0,"","","",W VERNAL PIKE,N THOMAS RD,"",0,"",39.18907778,-86.63013843,COUNTY ROAD,"",URBAN,N,N,N,"",DAYLIGHT,CLEAR,DRY,"",NO JUNCTION INVOLVED,"",ASPHALT,OTHER (DRIVER) - EXPLAIN IN NARRATIVE,RAN OFF ROAD,WVERNALPIKENTHOMASRD,""
2050,MONROE SD,BLOOMINGTON,2022-08-09T00:00:00,4:36 PM,2,,0,0,0,"","","",STATE RD 37,SOUTH OLD STATE ROAD 37,"",2000,"",39.08088176,-86.53796555,STATE ROAD,"",RURAL,N,N,N,"",DAYLIGHT,CLEAR,DRY,"",NO JUNCTION INVOLVED,"",ASPHALT,TIRE FAILURE OR DEFECTIVE,OTHER - EXPLAIN IN NARRATIVE,STATERD37SOUTHOLDSTATEROAD37,""
2051,BLOOMINGTON PD,BLOOMINGTON,2022-06-18T00:00:00,10:00 PM,1,,0,0,1,"","","",N MONROE ST,STATE RD 46,"",0,"",39.18680028,-86.54716979,"","",URBAN,N,N,N,"",DARK (NOT LIGHTED),CLEAR,DRY,"",FOUR-WAY INTERSECTION,"",ASPHALT,ANIMAL/OBJECT IN ROADWAY,COLLISION WITH DEER,STATERD46NMONROEST,""
2052,BLOOMINGTON PD,BLOOMINGTON,2022-08-10T00:00:00,9:50 PM,1,,0,0,0,"","","",N KINSER PIKE,W GOURLEY PIKE,"",0,"",39.1856073,-86.53775043,LOCAL/CITY ROAD,"",URBAN,N,N,N,"",DARK (LIGHTED),CLEAR,DRY,"",T-INTERSECTION,"",ASPHALT,OTHER (DRIVER) - EXPLAIN IN NARRATIVE,LEFT TURN,WGOURLEYPIKENKINSERPIKE,""
2053,INDIANA UNIV BLOOMINGTON PD,BLOOMINGTON,2022-08-20T00:00:00,5:15 PM,2,,0,0,0,"","","",E 3RD ST,S WOODLAWN AVE,"",0,"",39.16425423,-86.52257986,LOCAL/CITY ROAD,"",URBAN,N,N,N,"",DAYLIGHT,CLEAR,DRY,"",T-INTERSECTION,"",ASPHALT,IMPROPER TURNING,LEFT TURN,SWOODLAWNAVEE3RDST,""
2054,BLOOMINGTON PD,BLOOMINGTON,2022-08-18T00:00:00,11:26 AM,2,,1,0,0,"","","",W 2ND ST,S WALKER ST,"",0,"",39.16140994,-86.54614974,LOCAL/CITY ROAD,"",URBAN,N,N,N,"",DAYLIGHT,CLEAR,DRY,"",FOUR-WAY INTERSECTION,"",ASPHALT,FOLLOWING TOO CLOSELY,REAR END,W2NDSTSWALKERST,""
2055,BLOOMINGTON PD,BLOOMINGTON,2022-09-30T00:00:00,4:00 AM,2,,0,0,0,125,"","",S UNION ST,"","",0,"",39.16591504,-86.50942544,LOCAL/CITY ROAD,"",URBAN,N,N,N,"",DARK (LIGHTED),CLEAR,DRY,"",NO JUNCTION INVOLVED,"",ASPHALT,FAILURE TO MAINTAIN LANE,BACKING CRASH,SUNIONST,""
2056,BLOOMINGTON PD,BLOOMINGTON,2022-07-07T00:00:00,10:02 AM,1,,0,0,0,"","","",S SMITH RD,E MOORES PIKE,"",0,"",39.15022402,-86.48046387,LOCAL/CITY ROAD,"",URBAN,N,N,N,"",DAYLIGHT,CLOUDY,DRY,"",FOUR-WAY INTERSECTION,"",ASPHALT,OTHER (DRIVER) - EXPLAIN IN NARRATIVE,RAN OFF ROAD,SSMITHRDEMOORESPIKE,""
2057,BLOOMINGTON PD,BLOOMINGTON,2022-09-16T00:00:00,12:58 PM,2,,0,0,0,115,"","",S ST RD 46,"","",0,"",39.16444611,-86.49787317,PRIVATE DRIVE,"",URBAN,N,N,N,"",DAYLIGHT,CLEAR,DRY,"",NO JUNCTION INVOLVED,"",ASPHALT,UNSAFE BACKING,BACKING CRASH,SSTRD46,""
2058,BLOOMINGTON PD,BLOOMINGTON,2022-06-09T00:00:00,12:50 PM,3,,0,0,0,"","","",STATE RD 46,E EASTGATE LN,"",0,"",39.17065639,-86.50181956,STATE ROAD,"",URBAN,N,N,B,"",DAYLIGHT,CLEAR,DRY,"",NO JUNCTION INVOLVED,"",ASPHALT,FOLLOWING TOO CLOSELY,REAR END,STATERD46EEASTGATELN,""