_id,Agency,City,Collision Date,Collision Time,Vehicles Involved,Trailers Involved,Number Injured,Number Dead,Number Deer,House Number,Roadway Interchange,Roadway Ramp,Roadway Id,Intersecting Road,Interchange,Feet From,Direction,Latitude,Longitude,Roadway Class,Hit and Run?,Locality,School Zone?,Rumble Strips?,Construction?,Construction Type,Light Condition,Weather Conditions,Surface Condition,Type of Median,Roadway Junction Type,Road Character,Roadway Surface,Primary Factor,Manner of Collision,Unique Location Id,Traffic Control
2122,MONROE SD,BLOOMINGTON,2022-07-11T00:00:00,6:50 PM,1,,0,0,0,"","","",STATE RD 45,STATE RD 45,"",53,"",39.20046397,-86.46792375,STATE ROAD,"",RURAL,N,N,N,"",DAYLIGHT,CLEAR,DRY,"",NO JUNCTION INVOLVED,"",ASPHALT,OVERCORRECTING/OVERSTEERING,RAN OFF ROAD,STATERD45STATERD45,""
2123,BLOOMINGTON PD,BLOOMINGTON,2022-07-30T00:00:00,7:35 PM,2,,0,0,0,"","","",E HILLSIDE DR,S CLIFTON AVE,"",0,"",39.15046699,-86.5096175,LOCAL/CITY ROAD,"",URBAN,N,N,N,"",DAYLIGHT,CLEAR,DRY,"",T-INTERSECTION,"",ASPHALT,FAILURE TO YIELD RIGHT OF WAY,RIGHT ANGLE,SCLIFTONAVEEHILLSIDEDR,""
2124,MONROE SD,BLOOMINGTON,2022-07-26T00:00:00,3:25 PM,2,,0,0,0,"","","",S ROCKPORT RD,"","",0,"",39.12464226,-86.56016387,LOCAL/CITY ROAD,"",RURAL,N,N,N,"",DAYLIGHT,CLEAR,DRY,"",NO JUNCTION INVOLVED,"",ASPHALT,FAILURE TO MAINTAIN LANE,OPPOSITE DIRECTION SIDESWIPE,SROCKPORTRD,""
2125,BLOOMINGTON PD,BLOOMINGTON,2022-07-27T00:00:00,12:20 PM,3,,0,0,0,"","","",W 3RD ST,S YANCEY LN,"",0,"",39.16459528,-86.56913227,LOCAL/CITY ROAD,"",URBAN,N,N,N,"",DAYLIGHT,CLEAR,DRY,"",T-INTERSECTION,"",ASPHALT,FOLLOWING TOO CLOSELY,REAR END,W3RDSTSYANCEYLN,""
2126,MONROE SD,BLOOMINGTON,2022-06-02T00:00:00,7:15 AM,1,,0,0,1,"","","",N WAYPORT RD,N FOX HOLLOW RD,"",0,"",39.28772965,-86.51887005,LOCAL/CITY ROAD,"",RURAL,N,N,N,"",DAWN/DUSK,RAIN,WET,"",NO JUNCTION INVOLVED,"",ASPHALT,ANIMAL/OBJECT IN ROADWAY,COLLISION WITH DEER,NWAYPORTRDNFOXHOLLOWRD,""
2127,MONROE SD,BLOOMINGTON,2022-06-04T00:00:00,10:00 AM,2,,0,0,0,3585,"","",W ST RD 45,"","",0,"",39.14252481,-86.57880112,PRIVATE DRIVE,"",RURAL,N,N,N,"",DAYLIGHT,CLEAR,DRY,"",NO JUNCTION INVOLVED,"",ASPHALT,IMPROPER TURNING,SAME DIRECTION SIDESWIPE,WSTRD45,""
2128,MONROE SD,BLOOMINGTON,2022-08-09T00:00:00,7:52 AM,1,,0,0,0,"","","",STATE RD 45,N TUNNEL RD,"",0,"",39.23093457,-86.43008312,STATE ROAD,"",RURAL,N,N,N,"",DAYLIGHT,RAIN,WET,"",NO JUNCTION INVOLVED,"",ASPHALT,ROADWAY SURFACE CONDITION,RAN OFF ROAD,STATERD45NTUNNELRD,""
2129,BLOOMINGTON PD,BLOOMINGTON,2022-06-14T00:00:00,1:30 PM,2,,0,0,0,"","","",3205 W SR45,"","",0,"",,,PRIVATE DRIVE,"",URBAN,N,N,N,"",DAYLIGHT,CLEAR,DRY,"",NO JUNCTION INVOLVED,"",ASPHALT,OVERCORRECTING/OVERSTEERING,BACKING CRASH,3205WSR45,""
2130,ISP BLOOMINGTON 33,BLOOMINGTON,2022-07-28T00:00:00,4:00 PM,1,,0,0,0,"","","",STATE RD 46,BROWN COUNTY LINE RD,"",0,"",39.15268722,-86.37047559,STATE ROAD,"",RURAL,N,N,N,"",DAYLIGHT,CLEAR,DRY,"",NO JUNCTION INVOLVED,"",ASPHALT,DRIVER ASLEEP OR FATIGUED,RAN OFF ROAD,STATERD46BROWNCOUNTYLINERD,""
2131,BLOOMINGTON PD,BLOOMINGTON,2022-09-01T00:00:00,3:28 AM,1,,1,0,0,"","","",W TAPP RD,S ADAMS ST,"",0,"",39.13655378,-86.5543837,LOCAL/CITY ROAD,"",URBAN,Y,N,N,"",DARK (LIGHTED),CLOUDY,DRY,"",TRAFFIC CIRCLE/ROUNDABOUT,"",ASPHALT,LEFT OF CENTER,RAN OFF ROAD,WTAPPRDSADAMSST,""
2132,MONROE SD,BLOOMINGTON,2022-06-27T00:00:00,2:35 PM,2,,0,0,0,"","","",STATE RD 46,N CURRY PIKE,"",0,"",39.19385347,-86.57149262,"","",URBAN,N,N,Y,LANE CLOSURE,DAYLIGHT,CLEAR,DRY,"",T-INTERSECTION,"",ASPHALT,FOLLOWING TOO CLOSELY,REAR END,STATERD46NCURRYPIKE,""
2133,BLOOMINGTON PD,BLOOMINGTON,2022-09-30T00:00:00,8:04 AM,1,,0,0,1,"","","",2300 BLK W. BLOOMFIELD RD,BASSWOOD DRIVE,"",1500,"",39.15418883,-86.56450754,LOCAL/CITY ROAD,"",URBAN,N,N,N,"",DAYLIGHT,CLEAR,DRY,"",NO JUNCTION INVOLVED,"",ASPHALT,ANIMAL/OBJECT IN ROADWAY,RIGHT ANGLE,BASSWOODDRIVE2300BLKW.BLOOMFIELDRD,""
2134,MONROE SD,BLOOMINGTON,2022-06-20T00:00:00,12:12 PM,2,,0,0,0,"","","",E 6TH ST,N WALNUT ST,"",0,"",39.16753995,-86.53355546,LOCAL/CITY ROAD,"",URBAN,N,N,N,"",DAYLIGHT,CLEAR,DRY,"",FOUR-WAY INTERSECTION,"",ASPHALT,UNSAFE BACKING,BACKING CRASH,NWALNUTSTE6THST,""
2135,BLOOMINGTON PD,BLOOMINGTON,2022-06-05T00:00:00,9:00 PM,2,,0,0,0,1175,"","",S. COLLEGE MALL RD.,"","",0,"",39.153711,-86.495248,"","",URBAN,N,N,N,"",DARK (LIGHTED),CLEAR,DRY,"",NO JUNCTION INVOLVED,"",ASPHALT,UNDER STEERING/UNDER CORRECTING,SAME DIRECTION SIDESWIPE,S.COLLEGEMALLRD.,""
2136,BLOOMINGTON PD,BLOOMINGTON,2022-06-27T00:00:00,1:48 PM,2,,0,0,0,"","","",S. WALNUT ST,W. GRIMES LN,"",0,"",39.153344,-86.533757,"","",URBAN,N,N,N,"",DAYLIGHT,CLEAR,DRY,"",FOUR-WAY INTERSECTION,"",ASPHALT,FAILURE TO YIELD RIGHT OF WAY,RIGHT ANGLE,W.GRIMESLNS.WALNUTST,""
2137,MONROE SD,BLOOMINGTON,2022-09-23T00:00:00,6:13 PM,1,,1,0,0,"","","",W STATE RD 46,STATE RD 46,"",158,"",39.20833791,-86.58039437,"","",URBAN,N,N,N,"",DAYLIGHT,CLEAR,DRY,"",NO JUNCTION INVOLVED,"",ASPHALT,OTHER (DRIVER) - EXPLAIN IN NARRATIVE,NON-COLLISION,WSTATERD46STATERD46,""
2138,BLOOMINGTON PD,BLOOMINGTON,2022-09-09T00:00:00,7:50 AM,2,,0,0,0,"","","",N COLLEGE AVE,"","",0,"",39.17124171,-86.53513285,PRIVATE DRIVE,"",URBAN,N,N,N,"",UNKNOWN,CLEAR,DRY,"",NO JUNCTION INVOLVED,"",ASPHALT,UNSAFE BACKING,OPPOSITE DIRECTION SIDESWIPE,NCOLLEGEAVE,""
2139,MONROE SD,BLOOMINGTON,2022-07-23T00:00:00,11:12 AM,2,,0,0,0,"","","",N BUTCHER RD,N BUTCHER RD,"",0,"",39.1057177,-86.55127949,STATE ROAD,"",URBAN,N,N,N,"",DAYLIGHT,CLEAR,DRY,"",FIVE POINT OR MORE,"",ASPHALT,DISREGARD SIGNAL/REG SIGN,OTHER - EXPLAIN IN NARRATIVE,NBUTCHERRDNBUTCHERRD,""
2140,BLOOMINGTON PD,BLOOMINGTON,2022-06-30T00:00:00,1:10 PM,2,,0,0,0,3910,"","",W 3RD ST,S CURRY PIKE,"",0,"",39.16503854,-86.58228143,PRIVATE DRIVE,"",URBAN,N,N,N,"",DAYLIGHT,CLEAR,DRY,"",T-INTERSECTION,"",ASPHALT,UNSAFE BACKING,BACKING CRASH,W3RDSTSCURRYPIKE,""
2141,BLOOMINGTON PD,BLOOMINGTON,2022-06-27T00:00:00,11:30 PM,2,,0,0,0,"","","",N ILLINOIS ST,W 12TH ST,"",0,"",39.17398156,-86.5501388,PRIVATE DRIVE,"",URBAN,N,N,N,"",DARK (LIGHTED),CLEAR,DRY,"",NO JUNCTION INVOLVED,"",ASPHALT,OTHER (DRIVER) - EXPLAIN IN NARRATIVE,OTHER - EXPLAIN IN NARRATIVE,W12THSTNILLINOISST,""
2142,BLOOMINGTON PD,BLOOMINGTON,2022-08-29T00:00:00,5:18 PM,2,,0,0,0,"","","",STATE RD 45,W BLOOMFIELD RD,"",317,"",39.14647368,-86.57512816,"","",URBAN,N,Y,N,"",DAYLIGHT,CLEAR,DRY,"",FOUR-WAY INTERSECTION,"",ASPHALT,FOLLOWING TOO CLOSELY,REAR END,WBLOOMFIELDRDSTATERD45,""
2143,INDIANA UNIV BLOOMINGTON PD,BLOOMINGTON,2022-06-27T00:00:00,2:00 PM,1,,0,0,0,"","","",N JORDAN AVE,E 7TH ST,"",0,"",39.16887083,-86.51615328,LOCAL/CITY ROAD,"",URBAN,N,N,N,"",DAYLIGHT,CLEAR,DRY,"",FOUR-WAY INTERSECTION,"",ASPHALT,OTHER (DRIVER) - EXPLAIN IN NARRATIVE,RIGHT TURN,NJORDANAVEE7THST,""
2144,MONROE SD,BLOOMINGTON,2022-06-03T00:00:00,10:50 PM,1,,0,0,0,"","","",S FAIRFAX RD,"","",0,"",39.10755863,-86.5246566,PRIVATE DRIVE,"",URBAN,N,N,N,"",DARK (LIGHTED),CLEAR,DRY,"",NO JUNCTION INVOLVED,"",GRAVEL,OTHER (DRIVER) - EXPLAIN IN NARRATIVE,BACKING CRASH,SFAIRFAXRD,""
2145,MONROE SD,BLOOMINGTON,2022-07-09T00:00:00,2:00 PM,1,,0,0,0,2801,"","",S ROGERS ST,"","",0,"",39.1357046,-86.53826187,PRIVATE DRIVE,"",URBAN,N,N,N,"",DAYLIGHT,CLEAR,DRY,"",NO JUNCTION INVOLVED,"",ASPHALT,UNSAFE BACKING,BACKING CRASH,SROGERSST,""
2146,BLOOMINGTON PD,BLOOMINGTON,2022-06-27T00:00:00,12:30 PM,2,,1,0,0,3307,"","",W 3RD ST,"","",0,"",39.1634924,-86.57497035,PRIVATE DRIVE,"",URBAN,N,N,N,"",DAYLIGHT,CLEAR,DRY,"",NO JUNCTION INVOLVED,"",ASPHALT,FAILURE TO YIELD RIGHT OF WAY,REAR TO REAR,W3RDST,""
2147,INDIANA UNIV BLOOMINGTON PD,BLOOMINGTON,2022-09-01T00:00:00,11:10 AM,2,,0,0,0,"","","",N UNION ST,E 10TH ST,"",0,"",39.17113535,-86.5094263,LOCAL/CITY ROAD,"",URBAN,N,N,N,"",DAYLIGHT,CLEAR,DRY,"",T-INTERSECTION,"",ASPHALT,IMPROPER LANE USAGE,SAME DIRECTION SIDESWIPE,NUNIONSTE10THST,""
2148,MONROE SD,"",2022-09-21T00:00:00,2:25 PM,2,,0,0,0,"","","",N CURRY PIKE,W VERNAL PIKE,"",1000,"",39.18209569,-86.58308045,"","",URBAN,N,N,N,"",DAYLIGHT,CLEAR,DRY,"",NO JUNCTION INVOLVED,"",ASPHALT,OTHER (DRIVER) - EXPLAIN IN NARRATIVE,REAR END,WVERNALPIKENCURRYPIKE,""
2149,BLOOMINGTON PD,BLOOMINGTON,2022-09-22T00:00:00,6:57 PM,2,,1,0,0,"","","",E ROGERS RD,S SARE RD,"",0,"",39.13601177,-86.49665442,"","",URBAN,N,N,N,"",DAYLIGHT,CLEAR,DRY,"",FOUR-WAY INTERSECTION,"",ASPHALT,FAILURE TO YIELD RIGHT OF WAY,RIGHT ANGLE,SSARERDEROGERSRD,""
2150,BLOOMINGTON PD,BLOOMINGTON,2022-08-19T00:00:00,2:00 PM,2,,0,0,0,528,"","",N WASHINGTON ST,"","",0,"",39.17149208,-86.53229911,PRIVATE DRIVE,"",URBAN,N,N,N,"",DAYLIGHT,CLEAR,DRY,"",NO JUNCTION INVOLVED,"",ASPHALT,FAILURE TO YIELD RIGHT OF WAY,BACKING CRASH,NWASHINGTONST,""
2151,BLOOMINGTON PD,BLOOMINGTON,2022-06-21T00:00:00,8:33 AM,2,,0,0,0,"","","",N. WALNUT ST,E. 10TH ST,"",0,"",,,LOCAL/CITY ROAD,"",URBAN,N,N,Y,LANE CLOSURE,DAYLIGHT,CLEAR,DRY,"",FOUR-WAY INTERSECTION,"",ASPHALT,UNSAFE LANE MOVEMENT,SAME DIRECTION SIDESWIPE,N.WALNUTSTE.10THST,""
2152,MONROE SD,"",2022-07-01T00:00:00,1:33 PM,1,,0,0,1,"","","",STATE RD 446,SWARTZ RIDGE RD,"",0,"",39.12927619,-86.44626683,STATE ROAD,"",RURAL,N,Y,N,"",DAYLIGHT,CLEAR,DRY,"",NO JUNCTION INVOLVED,"",ASPHALT,ANIMAL/OBJECT IN ROADWAY,COLLISION WITH DEER,SWARTZRIDGERDSTATERD446,""
2153,ELLETTSVILLE PD,ELLETTSVILLE,2022-07-01T00:00:00,8:04 AM,2,0,0,0,0,"","","",SALE,"","",,"",39.23384,-86.624704,LOCAL/CITY ROAD,N,URBAN,N,N,N,"",DAYLIGHT,CLEAR,DRY,"",T-INTERSECTION,STRAIGHT/GRADE,ASPHALT,FOLLOWING TOO CLOSELY,REAR END,SALESTSR46W,TRAFFIC CONTROL SIGNAL
2154,ELLETTSVILLE PD,ELLETTSVILLE,2022-06-29T00:00:00,5:10 PM,3,0,0,0,0,"","","",SR46W,SALE,"",,"",39.23384,-86.624704,STATE ROAD,N,URBAN,N,N,N,"",DAYLIGHT,CLEAR,DRY,"",FOUR-WAY INTERSECTION,STRAIGHT/LEVEL,ASPHALT,FOLLOWING TOO CLOSELY,REAR END,SALESTSR46W,LANE CONTROL
2155,ELLETTSVILLE PD,ELLETTSVILLE,2022-07-09T00:00:00,9:59 AM,2,0,0,0,0,"","","",SALE,SR46,"",25,S,,,LOCAL/CITY ROAD,N,URBAN,N,N,N,"",DAYLIGHT,CLEAR,DRY,"",T-INTERSECTION,STRAIGHT/LEVEL,ASPHALT,FAILURE TO YIELD RIGHT OF WAY,SAME DIRECTION SIDESWIPE,SALESTSR46HWY,LANE CONTROL
2156,INDIANA UNIV BLOOMINGTON PD,BLOOMINGTON,2022-07-13T00:00:00,1:35 PM,2,,0,0,0,150,"","",N. EAGLESON AVE.,"","",0,"",39.1673127,-86.51453973,PRIVATE DRIVE,"",URBAN,N,N,N,"",DAYLIGHT,CLEAR,DRY,"",NO JUNCTION INVOLVED,"",ASPHALT,FAILURE TO YIELD RIGHT OF WAY,RIGHT TURN,N.EAGLESONAVE.,""
2157,BLOOMINGTON PD,BLOOMINGTON,2022-07-07T00:00:00,12:56 PM,3,,0,0,0,"","","",N GATES DR,N GATES DR,"",0,"",39.16561286,-86.57595961,LOCAL/CITY ROAD,"",URBAN,N,N,N,"",DAYLIGHT,CLOUDY,DRY,"",T-INTERSECTION,"",ASPHALT,FOLLOWING TOO CLOSELY,REAR END,NGATESDRNGATESDR,""
2158,BLOOMINGTON PD,BLOOMINGTON,2022-06-10T00:00:00,11:53 AM,1,,0,0,0,"","","",E. BILL MALLORY BLVD,S GRAYWELL DR,"",0,"",,,"","",URBAN,N,N,N,"",DAYLIGHT,CLOUDY,DRY,"",T-INTERSECTION,"",ASPHALT,OTHER (DRIVER) - EXPLAIN IN NARRATIVE,OTHER - EXPLAIN IN NARRATIVE,SGRAYWELLDRE.BILLMALLORYBLVD,""
2159,BLOOMINGTON PD,BLOOMINGTON,2022-08-31T00:00:00,11:46 AM,2,,0,0,0,"","","",W 3RD ST,S MADISON ST,"",0,"",39.16463133,-86.53744645,LOCAL/CITY ROAD,"",URBAN,N,N,N,"",DAYLIGHT,CLEAR,DRY,"",FOUR-WAY INTERSECTION,"",ASPHALT,OTHER (DRIVER) - EXPLAIN IN NARRATIVE,RIGHT ANGLE,W3RDSTSMADISONST,""
2160,BLOOMINGTON PD,BLOOMINGTON,2022-09-13T00:00:00,6:55 PM,2,,0,0,0,"","","",N COLLEGE AVE,W 10TH ST,"",0,"",39.17172515,-86.53487453,LOCAL/CITY ROAD,"",URBAN,N,N,N,"",DAYLIGHT,CLOUDY,DRY,"",FOUR-WAY INTERSECTION,"",ASPHALT,IMPROPER LANE USAGE,RIGHT ANGLE,W10THSTNCOLLEGEAVE,""
2161,BLOOMINGTON PD,BLOOMINGTON,2022-06-02T00:00:00,10:12 AM,1,,0,0,0,"","","",1623 W. ARLINGTON RD,20TH ST,"",100,"",39.182778,-86.550396,LOCAL/CITY ROAD,"",URBAN,N,N,N,"",DAYLIGHT,CLOUDY,DRY,"",T-INTERSECTION,"",ASPHALT,IMPROPER PASSING,RAN OFF ROAD,20THST1623W.ARLINGTONRD,""
2162,MONROE SD,BLOOMINGTON,2022-07-09T00:00:00,9:28 AM,2,,0,0,0,"","","",STATE ROAD 46,N CENTENNIAL DR,"",0,"",39.2100146,-86.58272184,STATE ROAD,"",URBAN,N,N,N,"",DAYLIGHT,CLOUDY,WET,"",FOUR-WAY INTERSECTION,"",ASPHALT,INSECURE/LEAKY LOAD,OTHER - EXPLAIN IN NARRATIVE,STATEROAD46NCENTENNIALDR,""
2163,BLOOMINGTON PD,BLOOMINGTON,2022-09-04T00:00:00,4:30 PM,2,,0,0,0,218,"","",W COUNTRY CLUB DR,"","",0,"",39.1355685,-86.5319166,"","",URBAN,N,N,N,"",DAYLIGHT,CLOUDY,DRY,"",NO JUNCTION INVOLVED,"",ASPHALT,IMPROPER TURNING,LEFT/RIGHT TURN,WCOUNTRYCLUBDR,""
2164,BLOOMINGTON PD,BLOOMINGTON,2022-09-17T00:00:00,7:06 PM,2,,0,0,0,"","","",W 6TH ST,N WALNUT ST,"",0,"",39.16754312,-86.5336931,LOCAL/CITY ROAD,"",URBAN,N,N,N,"",DAYLIGHT,CLEAR,DRY,"",FOUR-WAY INTERSECTION,"",ASPHALT,IMPROPER LANE USAGE,BACKING CRASH,W6THSTNWALNUTST,""
2165,BLOOMINGTON PD,BLOOMINGTON,2022-06-07T00:00:00,6:59 PM,2,,0,0,0,2894,"","",E 3RD ST,"","",0,"",39.16014163,-86.49379026,PRIVATE DRIVE,"",URBAN,N,N,N,"",DAYLIGHT,CLEAR,DRY,"",NO JUNCTION INVOLVED,"",ASPHALT,OTHER (DRIVER) - EXPLAIN IN NARRATIVE,SAME DIRECTION SIDESWIPE,E3RDST,""
2166,BLOOMINGTON PD,BLOOMINGTON,2022-07-24T00:00:00,2:59 PM,2,,1,0,0,"","","",W 4TH ST,S ROGERS ST,"",0,"",39.16561844,-86.53874106,LOCAL/CITY ROAD,"",URBAN,N,N,N,"",DAYLIGHT,CLEAR,DRY,"",FOUR-WAY INTERSECTION,"",ASPHALT,FAILURE TO YIELD RIGHT OF WAY,RIGHT ANGLE,W4THSTSROGERSST,""
2167,BLOOMINGTON PD,BLOOMINGTON,2022-08-19T00:00:00,4:10 PM,2,,1,0,0,"","","",S COLLEGE MALL RD,E MOORES PIKE,"",950,"",39.15203544,-86.49766477,LOCAL/CITY ROAD,"",URBAN,N,N,N,"",DAYLIGHT,CLEAR,DRY,"",NO JUNCTION INVOLVED,"",ASPHALT,FAILURE TO YIELD RIGHT OF WAY,RIGHT ANGLE,SCOLLEGEMALLRDEMOORESPIKE,""
2168,MONROE SD,BLOOMINGTON,2022-09-25T00:00:00,11:04 AM,2,,0,0,0,"","","",S FAIRFAX RD,E RAYLETOWN RD,"",0,"",39.09401584,-86.51495057,COUNTY ROAD,"",RURAL,N,N,N,"",DAYLIGHT,CLEAR,DRY,"",FOUR-WAY INTERSECTION,"",ASPHALT,FAILURE TO YIELD RIGHT OF WAY,RIGHT ANGLE,SFAIRFAXRDERAYLETOWNRD,""
2169,ELLETTSVILLE PD,ELLETTSVILLE,2022-09-16T00:00:00,12:53 PM,2,,0,0,0,"","","",CENTENNIAL DR,W STATE RD 46,"",0,"",39.20996382,-86.58271713,STATE ROAD,"",URBAN,N,N,N,"",DAYLIGHT,CLEAR,DRY,"",FOUR-WAY INTERSECTION,"",ASPHALT,DISREGARD SIGNAL/REG SIGN,RIGHT ANGLE,WSTATERD46CENTENNIALDR,""
2170,BLOOMINGTON PD,BLOOMINGTON,2022-09-17T00:00:00,6:27 PM,2,,0,0,0,"","","",S ROGERS ST,S ROCKPORT RD,"",0,"",39.14593197,-86.53886082,LOCAL/CITY ROAD,"",URBAN,N,N,N,"",DAYLIGHT,CLEAR,DRY,"",FOUR-WAY INTERSECTION,"",ASPHALT,IMPROPER PASSING,REAR END,SROGERSSTSROCKPORTRD,""
2171,MONROE SD,BLOOMINGTON,2022-08-24T00:00:00,3:40 AM,1,,0,0,1,"","","",S STRAIN RIDGE RD,E MORNING BROOK LN,"",0,"",39.02918848,-86.52134824,COUNTY ROAD,"",RURAL,N,N,N,"",DARK (NOT LIGHTED),FOG/SMOKE/SMOG,DRY,"",T-INTERSECTION,"",ASPHALT,ANIMAL/OBJECT IN ROADWAY,COLLISION WITH DEER,SSTRAINRIDGERDEMORNINGBROOKLN,""
2172,ISP BLOOMINGTON 33,BLOOMINGTON,2022-07-06T00:00:00,3:42 PM,2,,0,0,0,"","","",STATE RD 46,CURRY PIKE,"",700,"",39.19648341,-86.57309242,STATE ROAD,"",RURAL,N,Y,Y,LANE CLOSURE,DAYLIGHT,CLEAR,DRY,"",NO JUNCTION INVOLVED,"",ASPHALT,UNSAFE SPEED,REAR END,STATERD46CURRYPIKE,""
2173,MONROE SD,BLOOMINGTON,2022-08-26T00:00:00,3:59 PM,2,,0,0,0,"","","",STATE RD 46,N CURRY PIKE,"",0,"",39.19373679,-86.57142637,STATE ROAD,"",URBAN,N,Y,N,"",DAYLIGHT,CLEAR,DRY,"",FOUR-WAY INTERSECTION,"",ASPHALT,FOLLOWING TOO CLOSELY,REAR END,STATERD46NCURRYPIKE,""
2174,INDIANA UNIV BLOOMINGTON PD,BLOOMINGTON,2022-09-28T00:00:00,5:20 PM,2,,0,0,0,"","","",E 3RD ST,S HIGHLAND AVE,"",0,"",39.16426255,-86.51765532,LOCAL/CITY ROAD,"",URBAN,N,N,N,"",DAYLIGHT,CLEAR,DRY,"",T-INTERSECTION,"",ASPHALT,IMPROPER LANE USAGE,SAME DIRECTION SIDESWIPE,SHIGHLANDAVEE3RDST,""
2175,BLOOMINGTON PD,BLOOMINGTON,2022-08-04T00:00:00,5:28 PM,2,,0,0,0,"","","",E 7TH ST,N GRANT ST,"",0,"",39.16855127,-86.52983178,"","",URBAN,N,N,N,"",DAYLIGHT,CLEAR,DRY,"",FOUR-WAY INTERSECTION,"",ASPHALT,FAILURE TO YIELD RIGHT OF WAY,RIGHT ANGLE,NGRANTSTE7THST,""
2176,INDIANA UNIV BLOOMINGTON PD,BLOOMINGTON,2022-07-19T00:00:00,3:25 PM,2,,0,0,0,"","","",STATE RD 45,N BROWNCLIFF LN,"",0,"",39.18586232,-86.51852436,STATE ROAD,"",URBAN,N,N,N,"",DAYLIGHT,CLEAR,DRY,"",NO JUNCTION INVOLVED,"",ASPHALT,FOLLOWING TOO CLOSELY,REAR END,STATERD45NBROWNCLIFFLN,""
2177,INDIANA UNIV BLOOMINGTON PD,BLOOMINGTON,2022-08-21T00:00:00,1:00 PM,2,,0,0,0,"","","",N WASHINGTON ST,E 10TH ST,"",0,"",39.17166144,-86.53233237,LOCAL/CITY ROAD,"",URBAN,N,N,N,"",DAYLIGHT,CLEAR,DRY,"",T-INTERSECTION,"",ASPHALT,FAILURE TO YIELD RIGHT OF WAY,LEFT TURN,NWASHINGTONSTE10THST,""
2178,BLOOMINGTON PD,BLOOMINGTON,2022-08-16T00:00:00,4:00 PM,2,,0,0,0,"","","",S PATTERSON DR,S FAIRVIEW ST,"",0,"",39.15422974,-86.54210276,LOCAL/CITY ROAD,"",URBAN,N,N,N,"",DAYLIGHT,CLEAR,DRY,"",NO JUNCTION INVOLVED,"",ASPHALT,OTHER (DRIVER) - EXPLAIN IN NARRATIVE,RIGHT ANGLE,SPATTERSONDRSFAIRVIEWST,""
2179,MONROE SD,BLOOMINGTON,2022-08-18T00:00:00,5:30 AM,2,,1,0,0,"","","",W 3RD ST,W 3RD ST,"",0,"",39.16504448,-86.59260697,STATE ROAD,"",URBAN,N,N,N,"",DAYLIGHT,CLEAR,DRY,"",FOUR-WAY INTERSECTION,"",ASPHALT,DISREGARD SIGNAL/REG SIGN,REAR END,W3RDSTW3RDST,""
2180,INDIANA UNIV BLOOMINGTON PD,BLOOMINGTON,2022-08-25T00:00:00,8:19 PM,2,,0,0,0,"","","",STATE RD 45,WALKWAY,"",0,"",39.17524624,-86.50428987,STATE ROAD,"",URBAN,N,N,N,"",DAWN/DUSK,CLEAR,DRY,"",FOUR-WAY INTERSECTION,"",ASPHALT,IMPROPER TURNING,SAME DIRECTION SIDESWIPE,WALKWAYSTATERD45,""
2181,ISP BLOOMINGTON 33,BLOOMINGTON,2022-09-09T00:00:00,8:45 AM,2,,1,0,0,"","","",SR45,10TH STREET,"",150,"",39.17219627,-86.50264783,STATE ROAD,"",URBAN,N,N,N,"",DAYLIGHT,CLEAR,DRY,"",NO JUNCTION INVOLVED,"",ASPHALT,FAILURE TO YIELD RIGHT OF WAY,REAR END,SR4510THSTREET,""
2182,BLOOMINGTON PD,BLOOMINGTON,2022-08-04T00:00:00,4:22 AM,1,,0,0,0,3410,"","",S WALNUT ST; ANIMAL SHELTER,"","",0,"",,,PRIVATE DRIVE,"",URBAN,N,N,N,"",DAYLIGHT,CLOUDY,WET,"",NO JUNCTION INVOLVED,"",ASPHALT,BRAKE FAILURE OR DEFECTIVE,NON-COLLISION,SWALNUTST;ANIMALSHELTER,""
2183,BLOOMINGTON PD,BLOOMINGTON,2022-09-16T00:00:00,3:16 PM,2,,0,0,0,"","","",SR 45/46,N WALNUT ST,"",0,"",39.1863432,-86.53453561,STATE ROAD,"",URBAN,N,N,N,"",DAYLIGHT,CLEAR,DRY,"",FOUR-WAY INTERSECTION,"",ASPHALT,FOLLOWING TOO CLOSELY,REAR END,SR45/46NWALNUTST,""
2184,BLOOMINGTON PD,BLOOMINGTON,2022-09-27T00:00:00,12:17 PM,2,,0,0,0,"","","",W 3RD ST,S LIBERTY DR,"",800,"",39.16462694,-86.58062552,LOCAL/CITY ROAD,"",URBAN,N,N,N,"",DAYLIGHT,CLEAR,DRY,"",FOUR-WAY INTERSECTION,"",ASPHALT,FAILURE TO YIELD RIGHT OF WAY,RIGHT ANGLE,W3RDSTSLIBERTYDR,""
2185,MONROE SD,BLOOMINGTON,2022-09-08T00:00:00,5:40 AM,1,,0,0,0,"","","",S INTERSTATE 69,"","",0,"",39.05738677,-86.68147928,INTERSTATE,"",RURAL,N,N,N,"",DARK (NOT LIGHTED),CLEAR,DRY,"",NO JUNCTION INVOLVED,"",CONCRETE,FOLLOWING TOO CLOSELY,RAN OFF ROAD,SINTERSTATE69,""
2186,BLOOMINGTON PD,BLOOMINGTON,2022-07-09T00:00:00,5:42 PM,2,,0,0,0,"","","",W 14TH ST,N COLLEGE AVE,"",0,"",39.17593069,-86.53464961,LOCAL/CITY ROAD,"",URBAN,N,N,N,"",DAYLIGHT,CLEAR,DRY,"",FOUR-WAY INTERSECTION,"",ASPHALT,FAILURE TO YIELD RIGHT OF WAY,REAR END,W14THSTNCOLLEGEAVE,""