_id,Agency,City,Collision Date,Collision Time,Vehicles Involved,Trailers Involved,Number Injured,Number Dead,Number Deer,House Number,Roadway Interchange,Roadway Ramp,Roadway Id,Intersecting Road,Interchange,Feet From,Direction,Latitude,Longitude,Roadway Class,Hit and Run?,Locality,School Zone?,Rumble Strips?,Construction?,Construction Type,Light Condition,Weather Conditions,Surface Condition,Type of Median,Roadway Junction Type,Road Character,Roadway Surface,Primary Factor,Manner of Collision,Unique Location Id,Traffic Control
2187,BLOOMINGTON PD,BLOOMINGTON,2022-07-08T00:00:00,8:00 AM,2,,0,0,0,"","","",STONEGATE DR,S SMITH RD,"",0,"",39.16116344,-86.48070706,LOCAL/CITY ROAD,"",URBAN,N,N,N,"",DAYLIGHT,CLEAR,DRY,"",NO JUNCTION INVOLVED,"",ASPHALT,FOLLOWING TOO CLOSELY,REAR END,STONEGATEDRSSMITHRD,""
2188,MONROE SD,BLOOMINGTON,2022-09-13T00:00:00,7:29 AM,1,,0,0,0,"","","",S CURRY PIKE,SIERRA DR,"",0,"",39.15300037,-86.58072339,PRIVATE DRIVE,"",RURAL,N,N,N,"",DAWN/DUSK,CLEAR,DRY,"",NO JUNCTION INVOLVED,"",ASPHALT,IMPROPER LANE USAGE,RIGHT ANGLE,SIERRADRSCURRYPIKE,""
2189,MONROE SD,BLOOMINGTON,2022-08-25T00:00:00,8:44 AM,1,,0,0,0,"","","",S INTERSTATE 69,"","",0,"",39.09168082,-86.56702639,"","",RURAL,N,Y,N,"",DAYLIGHT,CLEAR,DRY,"",NO JUNCTION INVOLVED,"",ASPHALT,DRIVER ASLEEP OR FATIGUED,RAN OFF ROAD,SINTERSTATE69,""
2190,BLOOMINGTON PD,BLOOMINGTON,2022-09-23T00:00:00,3:30 PM,2,,0,0,0,"","","",E 3RD ST,S HILLSDALE DR,"",0,"",39.16427887,-86.50257725,LOCAL/CITY ROAD,"",URBAN,N,N,N,"",DAYLIGHT,CLOUDY,DRY,"",FOUR-WAY INTERSECTION,"",ASPHALT,FAILURE TO YIELD RIGHT OF WAY,SAME DIRECTION SIDESWIPE,SHILLSDALEDRE3RDST,""
2191,MONROE SD,BLOOMINGTON,2022-06-02T00:00:00,11:03 AM,2,,0,0,0,"","","",W STATE RD 46,W ARLINGTON RD,"",0,"",39.20843396,-86.58074617,STATE ROAD,"",URBAN,N,N,N,"",DAYLIGHT,CLEAR,DRY,"",FOUR-WAY INTERSECTION,"",ASPHALT,DRIVER DISTRACTED - EXPLAIN IN NARRATIVE,REAR END,WSTATERD46WARLINGTONRD,""
2192,INDIANA UNIV BLOOMINGTON PD,BLOOMINGTON,2022-09-27T00:00:00,9:00 AM,2,,0,0,0,"","","",N FEE LN,E 13TH ST,"",0,"",39.17481791,-86.51901788,LOCAL/CITY ROAD,"",URBAN,N,N,N,"",DAYLIGHT,CLEAR,DRY,"",T-INTERSECTION,"",ASPHALT,DRIVER DISTRACTED - EXPLAIN IN NARRATIVE,REAR END,NFEELNE13THST,""
2193,INDIANA UNIV BLOOMINGTON PD,BLOOMINGTON,2022-07-22T00:00:00,9:56 PM,2,,0,0,0,"","","",E 10TH ST,STATE RD 45,"",0,"",39.17154812,-86.50236002,LOCAL/CITY ROAD,"",URBAN,N,N,N,"",DARK (LIGHTED),CLEAR,DRY,"",FOUR-WAY INTERSECTION,"",ASPHALT,UNSAFE BACKING,BACKING CRASH,STATERD45E10THST,""
2194,BLOOMINGTON PD,BLOOMINGTON,2022-07-19T00:00:00,5:43 PM,2,,1,0,0,"","","",S LEONARD SPRINGS RD,W TAPP RD,"",0,"",39.13684504,-86.58258624,LOCAL/CITY ROAD,"",RURAL,N,N,N,"",DAYLIGHT,CLEAR,DRY,"",T-INTERSECTION,"",ASPHALT,FAILURE TO YIELD RIGHT OF WAY,RIGHT ANGLE,WTAPPRDSLEONARDSPRINGSRD,""
2195,BLOOMINGTON PD,BLOOMINGTON,2022-06-09T00:00:00,2:28 PM,2,,0,0,0,"","","",E 3RD ST,S SMITH RD,"",106,"",39.16421403,-86.48097073,LOCAL/CITY ROAD,"",URBAN,N,N,N,"",DAYLIGHT,CLEAR,DRY,"",NO JUNCTION INVOLVED,"",ASPHALT,FOLLOWING TOO CLOSELY,REAR END,SSMITHRDE3RDST,""
2196,BLOOMINGTON PD,BLOOMINGTON,2022-07-13T00:00:00,5:20 PM,2,,0,0,0,"","","",IN 45 BYPASS,WALNUT KNOLLS APARTMENT,"",0,"",,,STATE ROAD,"",URBAN,N,N,N,"",DAYLIGHT,CLEAR,DRY,"",NO JUNCTION INVOLVED,"",ASPHALT,UNSAFE LANE MOVEMENT,SAME DIRECTION SIDESWIPE,WALNUTKNOLLSAPARTMENTIN45BYPASS,""
2197,BLOOMINGTON PD,BLOOMINGTON,2022-06-17T00:00:00,7:55 AM,2,,0,0,0,"","","",S. WALNUT ST,E. HILLSIDE DR,"",0,"",,,LOCAL/CITY ROAD,"",URBAN,N,N,N,"",DAYLIGHT,CLOUDY,DRY,"",FOUR-WAY INTERSECTION,"",ASPHALT,FOLLOWING TOO CLOSELY,REAR END,S.WALNUTSTE.HILLSIDEDR,""
2198,MONROE SD,BLOOMINGTON,2022-08-02T00:00:00,4:08 PM,2,,0,0,0,"","","",E BETHEL LN,N OLD STATE ROAD 37,"",0,"",39.21536674,-86.52158326,STATE ROAD,"",URBAN,N,N,N,"",DAYLIGHT,CLEAR,DRY,"",T-INTERSECTION,"",ASPHALT,FAILURE TO YIELD RIGHT OF WAY,RIGHT ANGLE,NOLDSTATEROAD37EBETHELLN,""
2199,MONROE SD,BLOOMINGTON,2022-06-02T00:00:00,3:29 AM,1,,0,0,1,"","","",W DELAP RD,N UNION VALLEY RD,"",0,"",39.25180625,-86.59276109,COUNTY ROAD,"",RURAL,N,N,N,"",DARK (NOT LIGHTED),RAIN,WET,"",T-INTERSECTION,"",ASPHALT,ANIMAL/OBJECT IN ROADWAY,RAN OFF ROAD,WDELAPRDNUNIONVALLEYRD,""
2200,BLOOMINGTON PD,BLOOMINGTON,2022-06-10T00:00:00,3:00 PM,2,,0,0,0,"","","",S COLLEGE MALL RD,E 2ND ST,"",0,"",39.16045919,-86.49661536,"","",URBAN,N,N,N,"",DAYLIGHT,RAIN,WET,"",NO JUNCTION INVOLVED,"",ASPHALT,DRIVER DISTRACTED - EXPLAIN IN NARRATIVE,REAR END,SCOLLEGEMALLRDE2NDST,""
2201,BLOOMINGTON PD,BLOOMINGTON,2022-08-22T00:00:00,1:00 PM,1,,0,0,0,"","","",N WALNUT ST,E 8TH ST,"",0,"",39.16905887,-86.53357921,"","",URBAN,N,N,N,"",DARK (LIGHTED),CLEAR,DRY,"",NO JUNCTION INVOLVED,"",CONCRETE,OTHER (DRIVER) - EXPLAIN IN NARRATIVE,OPPOSITE DIRECTION SIDESWIPE,NWALNUTSTE8THST,""
2202,BLOOMINGTON PD,BLOOMINGTON,2022-07-22T00:00:00,12:07 PM,2,,0,0,0,"","","",I 69 S,W 3RD ST,"",0,"",39.16501803,-86.57383444,LOCAL/CITY ROAD,"",URBAN,N,N,N,"",DAYLIGHT,CLEAR,DRY,"",FIVE POINT OR MORE,"",ASPHALT,FOLLOWING TOO CLOSELY,REAR END,W3RDSTI69S,""
2203,INDIANA UNIV BLOOMINGTON PD,BLOOMINGTON,2022-09-26T00:00:00,8:45 AM,2,,0,0,0,"","","",S FESS AVE,E ATWATER AVE,"",0,"",39.16311927,-86.52590194,LOCAL/CITY ROAD,"",URBAN,N,N,N,"",DAYLIGHT,CLEAR,DRY,"",FOUR-WAY INTERSECTION,"",ASPHALT,FAILURE TO YIELD RIGHT OF WAY,RIGHT ANGLE,SFESSAVEEATWATERAVE,""
2204,ISP BLOOMINGTON 33,BLOOMINGTON,2022-08-24T00:00:00,7:35 AM,2,,0,0,0,"","","",SR45,DUNLAP ROAD,"",1000,"",39.11859071,-86.62060573,STATE ROAD,"",RURAL,N,N,N,"",DAYLIGHT,CLEAR,DRY,"",NO JUNCTION INVOLVED,"",ASPHALT,UNSAFE SPEED,REAR END,SR45DUNLAPROAD,""
2205,INDIANA UNIV BLOOMINGTON PD,BLOOMINGTON,2022-06-29T00:00:00,3:10 PM,2,,0,0,0,"","","",STATE ROAD 45,E 10TH STREET,"",0,"",39.17200697,-86.50251737,STATE ROAD,"",URBAN,N,N,N,"",DAYLIGHT,CLEAR,DRY,"",FOUR-WAY INTERSECTION,"",ASPHALT,UNSAFE LANE MOVEMENT,SAME DIRECTION SIDESWIPE,STATEROAD45E10THSTREET,""
2206,INDIANA UNIV BLOOMINGTON PD,BLOOMINGTON,2022-08-23T00:00:00,4:25 PM,2,,0,0,0,"","","",E 3RD ST,S INDIANA AVE,"",0,"",39.16435405,-86.52648515,LOCAL/CITY ROAD,"",URBAN,N,N,N,"",DAYLIGHT,CLEAR,DRY,"",NO JUNCTION INVOLVED,"",ASPHALT,IMPROPER LANE USAGE,SAME DIRECTION SIDESWIPE,SINDIANAAVEE3RDST,""
2207,BLOOMINGTON PD,BLOOMINGTON,2022-09-15T00:00:00,2:15 PM,2,,0,0,0,"","","",E 3RD ST,S PETE ELLIS DR,"",264,"",39.16424165,-86.49429073,LOCAL/CITY ROAD,"",RURAL,N,N,N,"",DAYLIGHT,CLEAR,DRY,"",FOUR-WAY INTERSECTION,"",ASPHALT,FAILURE TO YIELD RIGHT OF WAY,RIGHT ANGLE,SPETEELLISDRE3RDST,""
2208,BLOOMINGTON PD,BLOOMINGTON,2022-09-02T00:00:00,2:39 PM,2,,0,0,0,2701,"","",E 3RD ST,"","",0,"",39.16521338,-86.4986893,"","",URBAN,N,N,N,"",DAYLIGHT,CLEAR,DRY,"",NO JUNCTION INVOLVED,"",ASPHALT,FAILURE TO YIELD RIGHT OF WAY,RIGHT ANGLE,E3RDST,""
2209,ISP BLOOMINGTON 33,BLOOMINGTON,2022-09-03T00:00:00,8:52 PM,1,,0,0,0,"","","",W STATE RD 45,S DARRELL DR.,"",500,"",39.1154742,-86.625336,STATE ROAD,"",RURAL,N,N,N,"",DARK (NOT LIGHTED),RAIN,WET,"",NO JUNCTION INVOLVED,"",ASPHALT,FAILURE TO MAINTAIN LANE,RAN OFF ROAD,WSTATERD45SDARRELLDR.,""
2210,MONROE SD,BLOOMINGTON,2022-08-02T00:00:00,6:21 AM,2,,1,0,0,"","","",E DILLMAN RD,S OLD STATE ROAD 37,"",0,"",39.09299532,-86.54407877,LOCAL/CITY ROAD,"",URBAN,N,N,N,"",DAWN/DUSK,CLOUDY,DRY,"",NO JUNCTION INVOLVED,"",ASPHALT,DISREGARD SIGNAL/REG SIGN,RIGHT ANGLE,SOLDSTATEROAD37EDILLMANRD,""
2211,INDIANA UNIV BLOOMINGTON PD,BLOOMINGTON,2022-08-19T00:00:00,2:00 PM,2,,0,0,0,"","","",N JORDAN AVE,"","",0,"",39.18421783,-86.51777602,PRIVATE DRIVE,"",URBAN,N,N,N,"",DAYLIGHT,CLEAR,DRY,"",NO JUNCTION INVOLVED,"",ASPHALT,UNSAFE BACKING,SAME DIRECTION SIDESWIPE,NJORDANAVE,""
2212,ELLETTSVILLE PD,ELLETTSVILLE,2022-06-09T00:00:00,11:24 AM,2,,1,0,0,"","","",WEST STATE ROAD 46,N BRIAR GATE,"",50,"",39.216569,-86.596334,STATE ROAD,"",URBAN,N,N,N,"",DAYLIGHT,CLEAR,DRY,"",NO JUNCTION INVOLVED,"",ASPHALT,DRIVER DISTRACTED - EXPLAIN IN NARRATIVE,REAR END,WESTSTATEROAD46NBRIARGATE,""
2213,INDIANA UNIV BLOOMINGTON PD,BLOOMINGTON,2022-09-29T00:00:00,4:45 PM,2,,0,0,0,"","","",STATE RD 45,E 17TH ST,"",0,"",39.17972594,-86.50722689,STATE ROAD,"",URBAN,N,N,N,"",DAYLIGHT,CLEAR,DRY,"",FOUR-WAY INTERSECTION,"",ASPHALT,DISREGARD SIGNAL/REG SIGN,LEFT TURN,STATERD45E17THST,""
2214,INDIANA UNIV BLOOMINGTON PD,BLOOMINGTON,2022-08-08T00:00:00,8:30 AM,2,,0,0,0,"","","",E 10TH ST,N WALNUT GROVE AVE,"",0,"",39.17162402,-86.52069694,LOCAL/CITY ROAD,"",URBAN,N,N,N,"",DAYLIGHT,CLEAR,DRY,"",NO JUNCTION INVOLVED,"",ASPHALT,FOLLOWING TOO CLOSELY,REAR END,NWALNUTGROVEAVEE10THST,""
2215,BLOOMINGTON PD,BLOOMINGTON,2022-09-09T00:00:00,10:47 AM,2,,0,0,0,"","","",350 N GATES DRIVE,"","",0,"",0,0,PRIVATE DRIVE,"",URBAN,N,N,N,"",DAYLIGHT,CLEAR,DRY,"",NO JUNCTION INVOLVED,"",ASPHALT,UNSAFE BACKING,BACKING CRASH,350NGATESDRIVE,""
2216,MONROE SD,BLOOMINGTON,2022-09-11T00:00:00,10:05 AM,2,,0,0,0,"","","",I-69,N BUSINESS 37,"",1109,"",39.23464097,-86.54023021,INTERSTATE,"",RURAL,N,Y,N,"",DAYLIGHT,CLEAR,DRY,"",NO JUNCTION INVOLVED,"",ASPHALT,UNSAFE LANE MOVEMENT,SAME DIRECTION SIDESWIPE,NBUSINESS37I-69,""
2217,BLOOMINGTON PD,BLOOMINGTON,2022-06-11T00:00:00,8:08 PM,2,,0,0,0,360,"","",N JACOB DR,"","",0,"",39.17051999,-86.57239373,PRIVATE DRIVE,"",URBAN,N,N,N,"",DAYLIGHT,CLEAR,DRY,"",NO JUNCTION INVOLVED,"",ASPHALT,FAILURE TO YIELD RIGHT OF WAY,OTHER - EXPLAIN IN NARRATIVE,NJACOBDR,""
2218,BLOOMINGTON PD,BLOOMINGTON,2022-08-08T00:00:00,2:57 PM,2,,0,0,0,"","","",E NORTH DR,S HENDERSON DR,"",0,"",39.14456933,-86.52877541,LOCAL/CITY ROAD,"",URBAN,Y,N,N,"",DAYLIGHT,CLEAR,DRY,"",NO JUNCTION INVOLVED,"",ASPHALT,FAILURE TO YIELD RIGHT OF WAY,RIGHT ANGLE,SHENDERSONDRENORTHDR,""
2219,INDIANA UNIV BLOOMINGTON PD,BLOOMINGTON,2022-08-26T00:00:00,7:00 PM,2,,0,0,0,"","","",N UNION ST,N UNION CT,"",0,"",39.17473585,-86.51049841,LOCAL/CITY ROAD,"",URBAN,N,N,N,"",UNKNOWN,CLEAR,DRY,"",NO JUNCTION INVOLVED,"",ASPHALT,UNSAFE BACKING,SAME DIRECTION SIDESWIPE,NUNIONSTNUNIONCT,""
2220,BLOOMINGTON PD,BLOOMINGTON,2022-07-21T00:00:00,8:00 AM,1,,0,0,0,2951,"","",DISCOVERY PKWY,"","",0,"",39.1759532,-86.49176664,PRIVATE DRIVE,"",URBAN,N,N,N,"",DAYLIGHT,CLEAR,DRY,"",NO JUNCTION INVOLVED,"",ASPHALT,OTHER (DRIVER) - EXPLAIN IN NARRATIVE,RAN OFF ROAD,DISCOVERYPKWY,""
2221,BLOOMINGTON PD,BLOOMINGTON,2022-06-24T00:00:00,1:11 PM,2,,0,0,0,"","","",E 4TH ST,S GRANT ST,"",0,"",39.16556938,-86.52987293,LOCAL/CITY ROAD,"",URBAN,N,N,Y,LANE CLOSURE,DAYLIGHT,CLEAR,DRY,"",FOUR-WAY INTERSECTION,"",ASPHALT,DRIVER DISTRACTED - EXPLAIN IN NARRATIVE,SAME DIRECTION SIDESWIPE,SGRANTSTE4THST,""
2222,BLOOMINGTON PD,BLOOMINGTON,2022-06-16T00:00:00,2:56 PM,2,,0,0,0,"","","",S. WALNUT ST,E. DRISCOLL ST,"",0,"",,,LOCAL/CITY ROAD,"",URBAN,N,N,N,"",DAYLIGHT,CLEAR,DRY,"",T-INTERSECTION,"",ASPHALT,FOLLOWING TOO CLOSELY,REAR END,S.WALNUTSTE.DRISCOLLST,""
2223,BLOOMINGTON PD,BLOOMINGTON,2022-07-22T00:00:00,8:27 AM,1,,0,0,0,"","","",S WASHINGTON ST,E 3RD ST,"",0,"",39.16408346,-86.53242187,PRIVATE DRIVE,"",URBAN,N,N,N,"",DAYLIGHT,CLEAR,DRY,"",NO JUNCTION INVOLVED,"",CONCRETE,DRIVER DISTRACTED - EXPLAIN IN NARRATIVE,COLLISION WITH OBJECT IN ROAD,SWASHINGTONSTE3RDST,""
2224,BLOOMINGTON PD,BLOOMINGTON,2022-08-24T00:00:00,3:40 PM,2,,0,0,0,"","","",SR 45/46,N COLLEGE AVE,"",0,"",39.1862651,-86.53450304,STATE ROAD,"",URBAN,N,N,N,"",DAYLIGHT,CLEAR,DRY,"",FOUR-WAY INTERSECTION,"",ASPHALT,FOLLOWING TOO CLOSELY,REAR END,SR45/46NCOLLEGEAVE,""
2225,MONROE SD,BLOOMINGTON,2022-07-24T00:00:00,7:24 PM,1,,0,0,0,"","","",I-69,"","",400,"",39.32948096,-86.51402897,INTERSTATE,"",RURAL,N,N,N,"",DAYLIGHT,RAIN,WET,"",NO JUNCTION INVOLVED,"",ASPHALT,SPEED TOO FAST FOR WEATHER CONDITIONS,RAN OFF ROAD,I-69130.5,""
2226,MONROE SD,BLOOMINGTON,2022-07-26T00:00:00,8:04 AM,1,,0,0,0,3585,"","",W STATE ROAD 45,"","",0,"",39.14340234,-86.58008423,STATE ROAD,"",URBAN,N,N,N,"",DARK (LIGHTED),RAIN,WET,"",FOUR-WAY INTERSECTION,"",ASPHALT,FAILURE TO MAINTAIN LANE,RAN OFF ROAD,WSTATEROAD45,""
2227,MONROE SD,BLOOMINGTON,2022-07-27T00:00:00,12:36 PM,2,,0,0,0,"","","",N DEER PARK DR,W STATE RD 46,"",0,"",39.21221405,-86.58713955,STATE ROAD,"",URBAN,N,N,N,"",DAYLIGHT,CLEAR,DRY,"",FOUR-WAY INTERSECTION,"",ASPHALT,VIEW OBSTRUCTED,RIGHT ANGLE,WSTATERD46NDEERPARKDR,""
2228,INDIANA UNIV BLOOMINGTON PD,BLOOMINGTON,2022-09-07T00:00:00,1:05 PM,1,,1,0,0,"","","",E 7TH ST,STADIUM DR.,"",0,"",39.16883236,-86.5170706,LOCAL/CITY ROAD,"",URBAN,N,N,N,"",DAYLIGHT,CLEAR,DRY,"",T-INTERSECTION,"",ASPHALT,CELL PHONE USAGE,COLLISION WITH OBJECT IN ROAD,STADIUMDR.E7THST,""
2229,MONROE SD,BLOOMINGTON,2022-08-19T00:00:00,4:53 PM,1,,0,0,0,"","","",S ENDWRIGHT RD,"","",0,"",39.143197,-86.59640498,COUNTY ROAD,"",URBAN,N,N,N,"",DAYLIGHT,CLEAR,DRY,"",NO JUNCTION INVOLVED,"",ASPHALT,FAILURE TO MAINTAIN LANE,RAN OFF ROAD,SENDWRIGHTRD,""
2230,ELLETTSVILLE PD,ELLETTSVILLE,2022-08-12T00:00:00,4:22 PM,2,,0,0,0,"","","",E TEMPERANCE ST,S PAUL ST,"",0,"",39.23043249,-86.61999835,STATE ROAD,"",RURAL,Y,N,N,"",DAYLIGHT,CLOUDY,DRY,"",NO JUNCTION INVOLVED,"",ASPHALT,UNSAFE LANE MOVEMENT,LEFT TURN,SPAULSTETEMPERANCEST,""
2231,MONROE SD,BLOOMINGTON,2022-08-19T00:00:00,9:26 AM,2,,0,0,0,9820,"","",W GARDNER RD,"","",0,"",39.1336033,-86.67654,COUNTY ROAD,"",RURAL,N,N,N,"",DAYLIGHT,CLEAR,DRY,"",NO JUNCTION INVOLVED,"",ASPHALT,FAILURE TO YIELD RIGHT OF WAY,RIGHT ANGLE,WGARDNERRD,""
2232,MONROE SD,BLOOMINGTON,2022-08-16T00:00:00,9:55 AM,1,,0,0,0,"","","",S FAIRFAX RD,MARIE LN,"",0,"",39.10624411,-86.52279647,LOCAL/CITY ROAD,"",RURAL,N,N,N,"",DAYLIGHT,CLEAR,DRY,"",NO JUNCTION INVOLVED,"",ASPHALT,UNSAFE SPEED,RAN OFF ROAD,SFAIRFAXRDMARIELN,""
2233,BLOOMINGTON PD,BLOOMINGTON,2022-07-19T00:00:00,5:54 PM,2,,6,0,0,"","","",W 3RD ST,S CURRY PIKE,"",0,"",39.16463691,-86.58294742,LOCAL/CITY ROAD,"",URBAN,N,N,N,"",DAYLIGHT,CLEAR,DRY,"",FOUR-WAY INTERSECTION,"",ASPHALT,FAILURE TO YIELD RIGHT OF WAY,RIGHT ANGLE,W3RDSTSCURRYPIKE,""
2234,BLOOMINGTON PD,BLOOMINGTON,2022-07-26T00:00:00,4:55 AM,2,,0,0,0,2475,"","",S WINSLOW CT,"","",0,"",39.13696421,-86.52384598,PRIVATE DRIVE,"",URBAN,N,N,N,"",DAYLIGHT,CLOUDY,DRY,"",NO JUNCTION INVOLVED,"",ASPHALT,UNSAFE BACKING,BACKING CRASH,SWINSLOWCT,""
2235,MONROE SD,BLOOMINGTON,2022-09-01T00:00:00,7:59 AM,2,,0,0,0,"","","",W LOST MANS LN,WHITE RIVER DR,"",0,"",39.2228359,-86.5873529,LOCAL/CITY ROAD,"",RURAL,N,N,N,"",DAYLIGHT,CLEAR,DRY,"",NO JUNCTION INVOLVED,"",ASPHALT,UNSAFE BACKING,BACKING CRASH,WHITERIVERDRWLOSTMANSLN,""
2236,ISP BLOOMINGTON 33,BLOOMINGTON,2022-06-01T00:00:00,1:45 PM,2,,0,0,0,"","","",SR46,CURRY PIKE,"",1000,"",39.19357548,-86.57109602,STATE ROAD,"",RURAL,N,N,N,"",DAYLIGHT,CLEAR,DRY,"",NO JUNCTION INVOLVED,"",ASPHALT,UNSAFE LANE MOVEMENT,SAME DIRECTION SIDESWIPE,SR46CURRYPIKE,""
2237,BLOOMINGTON PD,BLOOMINGTON,2022-08-20T00:00:00,7:18 PM,2,,0,0,0,"","","",S MITCHELL ST,E ATWATER AVE,"",0,"",39.16314881,-86.51417062,LOCAL/CITY ROAD,"",URBAN,N,N,N,"",DAYLIGHT,CLEAR,DRY,"",FOUR-WAY INTERSECTION,"",ASPHALT,FAILURE TO YIELD RIGHT OF WAY,RIGHT ANGLE,SMITCHELLSTEATWATERAVE,""
2238,BLOOMINGTON PD,BLOOMINGTON,2022-07-12T00:00:00,11:22 AM,2,,0,0,0,3205,"","",STATE RD 45 W,"","",0,"",39.14530809,-86.57487263,PRIVATE DRIVE,"",URBAN,N,N,N,"",DAYLIGHT,CLEAR,DRY,"",NO JUNCTION INVOLVED,"",ASPHALT,UNSAFE BACKING,BACKING CRASH,STATERD45W,""
2239,INDIANA UNIV BLOOMINGTON PD,BLOOMINGTON,2022-09-03T00:00:00,5:54 PM,2,,0,0,0,"","","",STATE RD 45,WALKWAY,"",0,"",39.17330415,-86.50323576,STATE ROAD,"",URBAN,N,N,N,"",DAYLIGHT,RAIN,WET,"",NO JUNCTION INVOLVED,"",ASPHALT,FOLLOWING TOO CLOSELY,REAR END,WALKWAYSTATERD45,""
2240,BLOOMINGTON PD,BLOOMINGTON,2022-09-30T00:00:00,4:23 PM,2,,0,0,0,"","","",E 4TH ST,S WALNUT ST,"",0,"",39.1655824,-86.53361267,LOCAL/CITY ROAD,"",URBAN,N,N,N,"",DAYLIGHT,CLEAR,DRY,"",FOUR-WAY INTERSECTION,"",ASPHALT,DISREGARD SIGNAL/REG SIGN,RIGHT ANGLE,SWALNUTSTE4THST,""
2241,BLOOMINGTON PD,BLOOMINGTON,2022-08-11T00:00:00,12:13 PM,2,,0,0,0,"","","",W 4TH ST,S WALNUT ST,"",0,"",39.16557131,-86.53404898,LOCAL/CITY ROAD,"",URBAN,N,N,N,"",DAYLIGHT,CLEAR,DRY,"",NO JUNCTION INVOLVED,"",ASPHALT,FAILURE TO YIELD RIGHT OF WAY,RIGHT ANGLE,W4THSTSWALNUTST,""
2242,MONROE SD,BLOOMINGTON,2022-06-01T00:00:00,1:27 PM,2,,0,0,0,"","","",W SR 46,N CURRY PIKE,"",0,"",39.193728,-86.571154,STATE ROAD,"",RURAL,N,Y,N,"",DAYLIGHT,CLEAR,DRY,"",FOUR-WAY INTERSECTION,"",ASPHALT,IMPROPER LANE USAGE,SAME DIRECTION SIDESWIPE,WSR46NCURRYPIKE,""
2243,BLOOMINGTON PD,BLOOMINGTON,2022-06-10T00:00:00,8:00 AM,2,,0,0,0,454,"","",S WESTPLEX AVE,"","",0,"",39.16287226,-86.55386617,"","",URBAN,N,N,N,"",DAYLIGHT,CLEAR,DRY,"",NO JUNCTION INVOLVED,"",ASPHALT,OVERCORRECTING/OVERSTEERING,RIGHT TURN,SWESTPLEXAVE,""
2244,ISP BLOOMINGTON 33,BLOOMINGTON,2022-06-15T00:00:00,3:00 AM,2,,0,0,0,"","","",W 3RD ST,STATE RD 37,"",0,"",39.164567,-86.57386155,LOCAL/CITY ROAD,"",RURAL,N,N,N,"",DAYLIGHT,CLEAR,DRY,"",FOUR-WAY INTERSECTION,"",ASPHALT,FAILURE TO YIELD RIGHT OF WAY,RIGHT ANGLE,W3RDSTSTATERD37,""
2245,MONROE SD,BLOOMINGTON,2022-08-05T00:00:00,9:10 AM,1,,0,0,0,"","","",W WILLIAMS RD,W SIMPSON CHAPEL RD,"",0,"",39.28046724,-86.52703236,LOCAL/CITY ROAD,"",RURAL,N,N,N,"",DAYLIGHT,CLEAR,DRY,"",T-INTERSECTION,"",ASPHALT,OTHER (DRIVER) - EXPLAIN IN NARRATIVE,RAN OFF ROAD,WWILLIAMSRDWSIMPSONCHAPELRD,""
2246,BLOOMINGTON PD,BLOOMINGTON,2022-09-17T00:00:00,12:16 PM,2,,0,0,0,"","","",W COUNTRY CLUB DR,S OLD STATE ROAD 37,"",0,"",39.1359064,-86.53227258,LOCAL/CITY ROAD,"",URBAN,N,N,N,"",DAYLIGHT,CLEAR,DRY,"",FOUR-WAY INTERSECTION,"",ASPHALT,FAILURE TO YIELD RIGHT OF WAY,RIGHT ANGLE,WCOUNTRYCLUBDRSOLDSTATEROAD37,""
2247,INDIANA UNIV BLOOMINGTON PD,BLOOMINGTON,2022-09-15T00:00:00,9:15 PM,2,,0,0,0,"","","",E 10TH ST,E 10TH ST,"",0,"",39.17169991,-86.5024083,STATE ROAD,"",URBAN,N,N,N,"",DARK (NOT LIGHTED),CLEAR,DRY,"",FOUR-WAY INTERSECTION,"",ASPHALT,OTHER (DRIVER) - EXPLAIN IN NARRATIVE,REAR END,E10THSTE10THST,""
2248,BLOOMINGTON PD,BLOOMINGTON,2022-08-20T00:00:00,1:00 PM,1,,0,0,0,"","","",S COLLEGE MALL RD,E BUICK CADILLAC BLVD,"",0,"",39.15890025,-86.49790139,LOCAL/CITY ROAD,"",URBAN,N,N,N,"",DAYLIGHT,CLEAR,DRY,"",NO JUNCTION INVOLVED,"",ASPHALT,LEFT OF CENTER,RAN OFF ROAD,SCOLLEGEMALLRDEBUICKCADILLACBLVD,""
2249,MONROE SD,BLOOMINGTON,2022-06-09T00:00:00,4:20 AM,1,,0,0,1,"","","",S OLD SR 37,MORMAN RD,"",0,"",39.03863438,-86.54115434,STATE ROAD,"",URBAN,N,N,N,"",DARK (NOT LIGHTED),CLEAR,DRY,"",NO JUNCTION INVOLVED,"",ASPHALT,ANIMAL/OBJECT IN ROADWAY,COLLISION WITH DEER,SOLDSR37MORMANRD,""
2250,MONROE SD,BLOOMINGTON,2022-08-31T00:00:00,5:48 PM,1,,0,0,0,"","","",S OLD STATE ROAD 37,S ROGERS ST,"",0,"",39.09933225,-86.53788644,STATE ROAD,"",URBAN,N,N,N,"",DAYLIGHT,CLEAR,DRY,"",Y-INTERSECTION,"",ASPHALT,FAILURE TO YIELD RIGHT OF WAY,LEFT TURN,SROGERSSTSOLDSTATEROAD37,""